时间,设备ID,温度(℃),电压(V),直流加热,电源反接,成功,错误码
2026-05-25 09:46:32,1_1_0010,28,104,否,否,是,
2026-05-25 09:46:34,1_1_0008,28,104,否,否,是,
2026-05-25 09:46:43,1_1_0005,28,104,否,否,是,
2026-05-25 09:46:48,1_1_0009,28,104,否,否,是,
2026-05-25 09:46:55,1_1_0007,28,104,否,否,是,
2026-05-25 09:47:03,1_1_0003,28,104,否,否,是,
2026-05-25 09:47:12,1_1_0006,28,104,否,否,是,
2026-05-25 09:47:21,1_1_0004,28,104,否,否,是,
2026-05-25 09:47:32,1_1_0002,28,104,否,否,是,
2026-05-25 09:47:43,1_1_0001,28,104,否,否,是,
2026-05-25 09:48:15,1_1_0010,28,104,否,否,是,
2026-05-25 09:48:16,1_1_0008,28,104,否,否,是,
2026-05-25 09:48:21,1_1_0005,28,104,否,否,是,
2026-05-25 09:48:25,1_1_0009,28,104,否,否,是,
2026-05-25 09:48:30,1_1_0007,28,104,否,否,是,
2026-05-25 09:48:39,1_1_0003,28,104,否,否,是,
2026-05-25 09:48:46,1_1_0006,28,104,否,否,是,
2026-05-25 09:48:56,1_1_0004,28,104,否,否,是,
2026-05-25 09:49:10,1_1_0002,28,104,否,否,是,
2026-05-25 09:49:24,1_1_0001,28,104,否,否,是,
2026-05-25 09:49:56,1_1_0010,28,104,否,否,是,
2026-05-25 09:49:57,1_1_0008,28,104,否,否,是,
2026-05-25 09:50:03,1_1_0005,28,104,否,否,是,
2026-05-25 09:50:08,1_1_0009,28,104,否,否,是,
2026-05-25 09:50:15,1_1_0007,28,104,否,否,是,
2026-05-25 09:50:25,1_1_0003,28,104,否,否,是,
2026-05-25 09:50:34,1_1_0006,28,104,否,否,是,
2026-05-25 09:50:45,1_1_0004,28,104,否,否,是,
2026-05-25 09:50:59,1_1_0002,28,104,否,否,是,
2026-05-25 09:51:09,1_1_0001,28,104,否,否,是,
2026-05-25 09:51:41,1_1_0010,28,104,否,否,是,
2026-05-25 09:51:42,1_1_0008,28,104,否,否,是,
2026-05-25 09:51:48,1_1_0005,28,104,否,否,是,
2026-05-25 09:51:51,1_1_0009,28,104,否,否,是,
2026-05-25 09:51:57,1_1_0007,28,104,否,否,是,
2026-05-25 09:52:04,1_1_0003,28,104,否,否,是,
2026-05-25 09:52:12,1_1_0006,28,104,否,否,是,
2026-05-25 09:52:23,1_1_0004,28,104,否,否,是,
2026-05-25 09:52:39,1_1_0002,28,104,否,否,是,
2026-05-25 09:52:49,1_1_0001,28,104,否,否,是,
2026-05-25 09:53:22,1_1_0010,28,104,否,否,是,
2026-05-25 09:53:23,1_1_0008,28,104,否,否,是,
2026-05-25 09:53:29,1_1_0005,28,104,否,否,是,
2026-05-25 09:53:32,1_1_0009,28,104,否,否,是,
2026-05-25 09:53:42,1_1_0007,28,104,否,否,是,
2026-05-25 09:53:49,1_1_0003,28,104,否,否,是,
2026-05-25 09:54:02,1_1_0006,28,104,否,否,是,
2026-05-25 09:54:13,1_1_0004,28,104,否,否,是,
2026-05-25 09:54:27,1_1_0002,28,104,否,否,是,
2026-05-25 09:54:43,1_1_0001,28,104,否,否,是,
2026-05-25 09:55:15,1_1_0010,28,104,否,否,是,
2026-05-25 09:55:16,1_1_0008,28,104,否,否,是,
2026-05-25 09:55:22,1_1_0005,28,104,否,否,是,
2026-05-25 09:55:26,1_1_0009,28,104,否,否,是,
2026-05-25 09:55:35,1_1_0007,28,104,否,否,是,
2026-05-25 09:55:41,1_1_0003,28,104,否,否,是,
2026-05-25 09:55:50,1_1_0006,28,104,否,否,是,
2026-05-25 09:55:59,1_1_0004,28,104,否,否,是,
2026-05-25 09:56:12,1_1_0002,28,104,否,否,是,
2026-05-25 09:56:25,1_1_0001,28,104,否,否,是,
2026-05-25 09:56:57,1_1_0010,28,104,否,否,是,
2026-05-25 09:56:58,1_1_0008,28,104,否,否,是,
2026-05-25 09:57:05,1_1_0005,28,104,否,否,是,
2026-05-25 09:57:09,1_1_0009,28,104,否,否,是,
2026-05-25 09:57:15,1_1_0007,28,104,否,否,是,
2026-05-25 09:57:25,1_1_0003,28,104,否,否,是,
2026-05-25 09:57:31,1_1_0006,28,104,否,否,是,
2026-05-25 09:57:41,1_1_0004,28,104,否,否,是,
2026-05-25 09:57:56,1_1_0002,28,104,否,否,是,
2026-05-25 09:58:08,1_1_0001,28,104,否,否,是,
2026-05-25 09:58:40,1_1_0010,28,104,否,否,是,
2026-05-25 09:58:41,1_1_0008,28,104,否,否,是,
2026-05-25 09:58:47,1_1_0005,28,104,否,否,是,
2026-05-25 09:58:50,1_1_0009,28,104,否,否,是,
2026-05-25 09:58:56,1_1_0007,28,104,否,否,是,
2026-05-25 09:59:05,1_1_0003,28,104,否,否,是,
2026-05-25 09:59:15,1_1_0006,28,104,否,否,是,
2026-05-25 09:59:25,1_1_0004,28,104,否,否,是,
2026-05-25 09:59:40,1_1_0002,28,104,否,否,是,
2026-05-25 09:59:51,1_1_0001,28,104,否,否,是,
2026-05-25 10:00:23,1_1_0010,28,104,否,否,是,
2026-05-25 10:00:24,1_1_0008,28,104,否,否,是,
2026-05-25 10:00:30,1_1_0005,28,104,否,否,是,
2026-05-25 10:00:32,1_1_0009,28,104,否,否,是,
2026-05-25 10:00:38,1_1_0007,28,104,否,否,是,
2026-05-25 10:00:50,1_1_0003,28,104,否,否,是,
2026-05-25 10:01:00,1_1_0006,28,104,否,否,是,
2026-05-25 10:01:14,1_1_0004,28,104,否,否,是,
2026-05-25 10:01:32,1_1_0002,28,104,否,否,是,
2026-05-25 10:01:43,1_1_0001,28,104,否,否,是,
2026-05-25 10:02:16,1_1_0010,28,104,否,否,是,
2026-05-25 10:02:17,1_1_0008,28,104,否,否,是,
2026-05-25 10:02:22,1_1_0005,28,104,否,否,是,
2026-05-25 10:02:26,1_1_0009,28,104,否,否,是,
2026-05-25 10:02:34,1_1_0007,28,104,否,否,是,
2026-05-25 10:02:43,1_1_0003,28,104,否,否,是,
2026-05-25 10:02:52,1_1_0006,28,104,否,否,是,
2026-05-25 10:03:05,1_1_0004,28,104,否,否,是,
2026-05-25 10:03:18,1_1_0002,28,104,否,否,是,
2026-05-25 10:03:27,1_1_0001,28,104,否,否,是,
2026-05-25 10:03:59,1_1_0010,28,104,否,否,是,
2026-05-25 10:04:00,1_1_0008,28,104,否,否,是,
2026-05-25 10:04:09,1_1_0005,28,104,否,否,是,
2026-05-25 10:04:12,1_1_0009,28,104,否,否,是,
2026-05-25 10:04:18,1_1_0007,28,104,否,否,是,
2026-05-25 10:04:26,1_1_0003,28,104,否,否,是,
2026-05-25 10:04:35,1_1_0006,28,104,否,否,是,
2026-05-25 10:04:47,1_1_0004,28,104,否,否,是,
2026-05-25 10:04:56,1_1_0002,28,104,否,否,是,
2026-05-25 10:05:17,1_1_0001,0,0,否,否,否,2
2026-05-25 10:05:48,1_1_0010,28,104,否,否,是,
2026-05-25 10:05:49,1_1_0008,28,104,否,否,是,
2026-05-25 10:05:54,1_1_0005,28,104,否,否,是,
2026-05-25 10:06:00,1_1_0009,28,104,否,否,是,
2026-05-25 10:06:08,1_1_0007,28,104,否,否,是,
2026-05-25 10:06:18,1_1_0003,28,104,否,否,是,
2026-05-25 10:06:28,1_1_0006,28,104,否,否,是,
2026-05-25 10:06:36,1_1_0004,28,104,否,否,是,
2026-05-25 10:06:46,1_1_0002,28,104,否,否,是,
2026-05-25 10:06:57,1_1_0001,28,104,否,否,是,
2026-05-25 10:07:29,1_1_0010,28,104,否,否,是,
2026-05-25 10:07:30,1_1_0008,28,104,否,否,是,
2026-05-25 10:07:38,1_1_0005,28,104,否,否,是,
2026-05-25 10:07:41,1_1_0009,28,104,否,否,是,
2026-05-25 10:07:47,1_1_0007,28,104,否,否,是,
2026-05-25 10:08:01,1_1_0003,28,104,否,否,是,
2026-05-25 10:08:10,1_1_0006,28,104,否,否,是,
2026-05-25 10:08:18,1_1_0004,28,104,否,否,是,
2026-05-25 10:08:29,1_1_0002,28,104,否,否,是,
2026-05-25 10:08:42,1_1_0001,28,104,否,否,是,
2026-05-25 10:09:14,1_1_0010,28,104,否,否,是,
2026-05-25 10:09:15,1_1_0008,28,104,否,否,是,
2026-05-25 10:09:20,1_1_0005,28,104,否,否,是,
2026-05-25 10:09:27,1_1_0009,28,104,否,否,是,
2026-05-25 10:09:35,1_1_0007,28,104,否,否,是,
2026-05-25 10:09:45,1_1_0003,28,104,否,否,是,
2026-05-25 10:09:55,1_1_0006,28,104,否,否,是,
2026-05-25 10:10:07,1_1_0004,28,104,否,否,是,
2026-05-25 10:10:18,1_1_0002,28,104,否,否,是,
2026-05-25 10:10:27,1_1_0001,28,104,否,否,是,
2026-05-25 10:10:59,1_1_0010,28,104,否,否,是,
2026-05-25 10:11:00,1_1_0008,28,104,否,否,是,
2026-05-25 10:11:07,1_1_0005,28,104,否,否,是,
2026-05-25 10:11:11,1_1_0009,28,104,否,否,是,
2026-05-25 10:11:19,1_1_0007,28,104,否,否,是,
2026-05-25 10:11:34,1_1_0003,28,104,否,否,是,
2026-05-25 10:11:42,1_1_0006,28,104,否,否,是,
2026-05-25 10:12:03,1_1_0004,0,0,否,否,否,2
2026-05-25 10:12:18,1_1_0002,28,104,否,否,是,
2026-05-25 10:12:29,1_1_0001,28,104,否,否,是,
2026-05-25 10:13:01,1_1_0010,28,104,否,否,是,
2026-05-25 10:13:03,1_1_0008,28,104,否,否,是,
2026-05-25 10:13:08,1_1_0005,28,104,否,否,是,
2026-05-25 10:13:12,1_1_0009,28,104,否,否,是,
2026-05-25 10:13:19,1_1_0007,28,104,否,否,是,
2026-05-25 10:13:27,1_1_0003,28,104,否,否,是,
2026-05-25 10:13:38,1_1_0006,28,104,否,否,是,
2026-05-25 10:13:50,1_1_0004,28,104,否,否,是,
2026-05-25 10:14:04,1_1_0002,28,104,否,否,是,
2026-05-25 10:14:16,1_1_0001,28,104,否,否,是,
2026-05-25 10:14:47,1_1_0010,28,104,否,否,是,
2026-05-25 10:14:48,1_1_0008,28,104,否,否,是,
2026-05-25 10:14:55,1_1_0005,28,104,否,否,是,
2026-05-25 10:15:00,1_1_0009,28,104,否,否,是,
2026-05-25 10:15:07,1_1_0007,28,104,否,否,是,
2026-05-25 10:15:16,1_1_0003,28,104,否,否,是,
2026-05-25 10:15:29,1_1_0006,28,104,否,否,是,
2026-05-25 10:15:43,1_1_0004,28,104,否,否,是,
2026-05-25 10:15:54,1_1_0002,28,104,否,否,是,
2026-05-25 10:16:07,1_1_0001,28,104,否,否,是,
2026-05-25 10:16:39,1_1_0010,28,104,否,否,是,
2026-05-25 10:16:41,1_1_0008,28,104,否,否,是,
2026-05-25 10:16:46,1_1_0005,28,104,否,否,是,
2026-05-25 10:16:49,1_1_0009,28,104,否,否,是,
2026-05-25 10:16:57,1_1_0007,28,104,否,否,是,
2026-05-25 10:17:06,1_1_0003,28,104,否,否,是,
2026-05-25 10:17:17,1_1_0006,28,104,否,否,是,
2026-05-25 10:17:28,1_1_0004,28,104,否,否,是,
2026-05-25 10:17:41,1_1_0002,28,104,否,否,是,
2026-05-25 10:17:56,1_1_0001,28,104,否,否,是,
2026-05-25 10:18:27,1_1_0010,28,104,否,否,是,
2026-05-25 10:18:29,1_1_0008,28,104,否,否,是,
2026-05-25 10:18:33,1_1_0005,28,104,否,否,是,
2026-05-25 10:18:37,1_1_0009,28,104,否,否,是,
2026-05-25 10:18:44,1_1_0007,28,104,否,否,是,
2026-05-25 10:18:53,1_1_0003,28,104,否,否,是,
2026-05-25 10:18:59,1_1_0006,28,104,否,否,是,
2026-05-25 10:19:09,1_1_0004,28,104,否,否,是,
2026-05-25 10:19:23,1_1_0002,28,104,否,否,是,
2026-05-25 10:19:35,1_1_0001,28,104,否,否,是,
2026-05-25 10:20:10,1_1_0010,28,104,否,否,是,
2026-05-25 10:20:12,1_1_0008,28,104,否,否,是,
2026-05-25 10:20:18,1_1_0005,28,104,否,否,是,
2026-05-25 10:20:21,1_1_0009,28,104,否,否,是,
2026-05-25 10:20:28,1_1_0007,28,104,否,否,是,
2026-05-25 10:20:35,1_1_0003,28,104,否,否,是,
2026-05-25 10:20:43,1_1_0006,28,104,否,否,是,
2026-05-25 10:20:54,1_1_0004,28,104,否,否,是,
2026-05-25 10:21:08,1_1_0002,28,104,否,否,是,
2026-05-25 10:21:20,1_1_0001,28,104,否,否,是,
2026-05-25 10:21:52,1_1_0010,28,104,否,否,是,
2026-05-25 10:21:54,1_1_0008,28,104,否,否,是,
2026-05-25 10:22:00,1_1_0005,28,104,否,否,是,
2026-05-25 10:22:03,1_1_0009,28,104,否,否,是,
2026-05-25 10:22:09,1_1_0007,28,104,否,否,是,
2026-05-25 10:22:17,1_1_0003,28,104,否,否,是,
2026-05-25 10:22:25,1_1_0006,28,104,否,否,是,
2026-05-25 10:22:36,1_1_0004,28,104,否,否,是,
2026-05-25 10:22:47,1_1_0002,28,104,否,否,是,
2026-05-25 10:23:01,1_1_0001,28,104,否,否,是,
2026-05-25 10:23:34,1_1_0010,28,104,否,否,是,
2026-05-25 10:23:35,1_1_0008,28,104,否,否,是,
2026-05-25 10:23:40,1_1_0005,28,104,否,否,是,
2026-05-25 10:23:45,1_1_0009,28,104,否,否,是,
2026-05-25 10:23:53,1_1_0007,28,104,否,否,是,
2026-05-25 10:24:03,1_1_0003,28,104,否,否,是,
2026-05-25 10:24:13,1_1_0006,28,104,否,否,是,
2026-05-25 10:24:25,1_1_0004,28,104,否,否,是,
2026-05-25 10:24:40,1_1_0002,28,104,否,否,是,
2026-05-25 10:24:49,1_1_0001,28,104,否,否,是,
2026-05-25 10:25:20,1_1_0010,28,104,否,否,是,
2026-05-25 10:25:21,1_1_0008,28,104,否,否,是,
2026-05-25 10:25:28,1_1_0005,28,104,否,否,是,
2026-05-25 10:25:33,1_1_0009,28,104,否,否,是,
2026-05-25 10:25:39,1_1_0007,28,104,否,否,是,
2026-05-25 10:25:47,1_1_0003,28,104,否,否,是,
2026-05-25 10:25:55,1_1_0006,28,104,否,否,是,
2026-05-25 10:26:06,1_1_0004,28,104,否,否,是,
2026-05-25 10:26:17,1_1_0002,28,104,否,否,是,
2026-05-25 10:26:28,1_1_0001,28,104,否,否,是,
2026-05-25 10:27:01,1_1_0010,28,104,否,否,是,
2026-05-25 10:27:02,1_1_0008,28,104,否,否,是,
2026-05-25 10:27:07,1_1_0005,28,104,否,否,是,
2026-05-25 10:27:13,1_1_0009,28,104,否,否,是,
2026-05-25 10:27:21,1_1_0007,28,104,否,否,是,
2026-05-25 10:27:28,1_1_0003,28,104,否,否,是,
2026-05-25 10:27:37,1_1_0006,28,104,否,否,是,
2026-05-25 10:27:50,1_1_0004,28,104,否,否,是,
2026-05-25 10:28:01,1_1_0002,28,104,否,否,是,
2026-05-25 10:28:12,1_1_0001,28,104,否,否,是,
2026-05-25 10:28:44,1_1_0010,28,104,否,否,是,
2026-05-25 10:28:46,1_1_0008,28,104,否,否,是,
2026-05-25 10:28:53,1_1_0005,28,104,否,否,是,
2026-05-25 10:28:56,1_1_0009,28,104,否,否,是,
2026-05-25 10:29:04,1_1_0007,28,104,否,否,是,
2026-05-25 10:29:13,1_1_0003,28,104,否,否,是,
2026-05-25 10:29:22,1_1_0006,28,104,否,否,是,
2026-05-25 10:29:37,1_1_0004,28,104,否,否,是,
2026-05-25 10:29:47,1_1_0002,28,104,否,否,是,
2026-05-25 10:30:02,1_1_0001,28,104,否,否,是,
2026-05-25 10:30:35,1_1_0010,28,104,否,否,是,
2026-05-25 10:30:36,1_1_0008,28,104,否,否,是,
2026-05-25 10:30:40,1_1_0005,28,104,否,否,是,
2026-05-25 10:30:45,1_1_0009,28,104,否,否,是,
2026-05-25 10:30:50,1_1_0007,28,104,否,否,是,
2026-05-25 10:30:57,1_1_0003,28,104,否,否,是,
2026-05-25 10:31:07,1_1_0006,28,104,否,否,是,
2026-05-25 10:31:18,1_1_0004,28,104,否,否,是,
2026-05-25 10:31:33,1_1_0002,28,104,否,否,是,
2026-05-25 10:31:46,1_1_0001,28,104,否,否,是,
2026-05-25 10:32:17,1_1_0010,28,104,否,否,是,
2026-05-25 10:32:19,1_1_0008,28,104,否,否,是,
2026-05-25 10:32:25,1_1_0005,28,104,否,否,是,
2026-05-25 10:32:32,1_1_0009,28,104,否,否,是,
2026-05-25 10:32:41,1_1_0007,28,104,否,否,是,
2026-05-25 10:32:48,1_1_0003,28,104,否,否,是,
2026-05-25 10:32:56,1_1_0006,28,104,否,否,是,
2026-05-25 10:33:05,1_1_0004,28,104,否,否,是,
2026-05-25 10:33:20,1_1_0002,28,104,否,否,是,
2026-05-25 10:33:32,1_1_0001,28,104,否,否,是,
2026-05-25 10:34:05,1_1_0010,28,104,否,否,是,
2026-05-25 10:34:06,1_1_0008,28,104,否,否,是,
2026-05-25 10:34:13,1_1_0005,28,104,否,否,是,
2026-05-25 10:34:17,1_1_0009,28,104,否,否,是,
2026-05-25 10:34:25,1_1_0007,28,104,否,否,是,
2026-05-25 10:34:33,1_1_0003,28,104,否,否,是,
2026-05-25 10:34:43,1_1_0006,28,104,否,否,是,
2026-05-25 10:34:54,1_1_0004,28,104,否,否,是,
2026-05-25 10:35:09,1_1_0002,28,104,否,否,是,
2026-05-25 10:35:17,1_1_0001,28,104,否,否,是,
2026-05-25 10:35:49,1_1_0010,28,104,否,否,是,
2026-05-25 10:35:50,1_1_0008,28,104,否,否,是,
2026-05-25 10:35:55,1_1_0005,28,104,否,否,是,
2026-05-25 10:36:00,1_1_0009,28,104,否,否,是,
2026-05-25 10:36:06,1_1_0007,28,104,否,否,是,
2026-05-25 10:36:13,1_1_0003,28,104,否,否,是,
2026-05-25 10:36:22,1_1_0006,28,104,否,否,是,
2026-05-25 10:36:32,1_1_0004,28,104,否,否,是,
2026-05-25 10:36:47,1_1_0002,28,104,否,否,是,
2026-05-25 10:37:01,1_1_0001,28,104,否,否,是,
2026-05-25 10:37:33,1_1_0010,28,104,否,否,是,
2026-05-25 10:37:35,1_1_0008,28,104,否,否,是,
2026-05-25 10:37:41,1_1_0005,28,104,否,否,是,
2026-05-25 10:37:44,1_1_0009,28,104,否,否,是,
2026-05-25 10:37:54,1_1_0007,28,104,否,否,是,
2026-05-25 10:38:02,1_1_0003,28,104,否,否,是,
2026-05-25 10:38:11,1_1_0006,28,104,否,否,是,
2026-05-25 10:38:25,1_1_0004,28,104,否,否,是,
2026-05-25 10:38:38,1_1_0002,28,104,否,否,是,
2026-05-25 10:38:52,1_1_0001,28,104,否,否,是,
2026-05-25 10:39:25,1_1_0010,28,104,否,否,是,
2026-05-25 10:39:26,1_1_0008,28,104,否,否,是,
2026-05-25 10:39:32,1_1_0005,28,104,否,否,是,
2026-05-25 10:39:37,1_1_0009,28,104,否,否,是,
2026-05-25 10:39:44,1_1_0007,28,104,否,否,是,
2026-05-25 10:39:55,1_1_0003,28,104,否,否,是,
2026-05-25 10:40:03,1_1_0006,28,104,否,否,是,
2026-05-25 10:40:19,1_1_0004,28,104,否,否,是,
2026-05-25 10:40:35,1_1_0002,28,104,否,否,是,
2026-05-25 10:40:48,1_1_0001,28,104,否,否,是,
2026-05-25 10:41:20,1_1_0010,28,104,否,否,是,
2026-05-25 10:41:22,1_1_0008,28,104,否,否,是,
2026-05-25 10:41:27,1_1_0005,28,104,否,否,是,
2026-05-25 10:41:32,1_1_0009,28,104,否,否,是,
2026-05-25 10:41:39,1_1_0007,28,104,否,否,是,
2026-05-25 10:41:47,1_1_0003,28,104,否,否,是,
2026-05-25 10:41:55,1_1_0006,28,104,否,否,是,
2026-05-25 10:42:07,1_1_0004,28,104,否,否,是,
2026-05-25 10:42:24,1_1_0002,28,104,否,否,是,
2026-05-25 10:42:35,1_1_0001,28,104,否,否,是,
2026-05-25 10:43:07,1_1_0010,28,104,否,否,是,
2026-05-25 10:43:08,1_1_0008,28,104,否,否,是,
2026-05-25 10:43:14,1_1_0005,28,104,否,否,是,
2026-05-25 10:43:19,1_1_0009,28,104,否,否,是,
2026-05-25 10:43:25,1_1_0007,28,104,否,否,是,
2026-05-25 10:43:32,1_1_0003,28,104,否,否,是,
2026-05-25 10:43:43,1_1_0006,28,104,否,否,是,
2026-05-25 10:43:53,1_1_0004,28,104,否,否,是,
2026-05-25 10:44:10,1_1_0002,28,104,否,否,是,
2026-05-25 10:44:21,1_1_0001,28,104,否,否,是,
2026-05-25 10:44:52,1_1_0010,28,104,否,否,是,
2026-05-25 10:44:54,1_1_0008,28,104,否,否,是,
2026-05-25 10:45:00,1_1_0005,28,104,否,否,是,
2026-05-25 10:45:03,1_1_0009,28,104,否,否,是,
2026-05-25 10:45:07,1_1_0007,28,104,否,否,是,
2026-05-25 10:45:19,1_1_0003,28,104,否,否,是,
2026-05-25 10:45:27,1_1_0006,28,104,否,否,是,
2026-05-25 10:45:38,1_1_0004,28,104,否,否,是,
2026-05-25 10:45:56,1_1_0002,28,104,否,否,是,
2026-05-25 10:46:07,1_1_0001,28,104,否,否,是,
2026-05-25 10:46:40,1_1_0010,28,104,否,否,是,
2026-05-25 10:46:41,1_1_0008,28,104,否,否,是,
2026-05-25 10:46:47,1_1_0005,28,104,否,否,是,
2026-05-25 10:46:50,1_1_0009,28,104,否,否,是,
2026-05-25 10:46:54,1_1_0007,28,104,否,否,是,
2026-05-25 10:47:02,1_1_0003,28,104,否,否,是,
2026-05-25 10:47:14,1_1_0006,28,104,否,否,是,
2026-05-25 10:47:28,1_1_0004,28,104,否,否,是,
2026-05-25 10:47:38,1_1_0002,28,104,否,否,是,
2026-05-25 10:47:54,1_1_0001,28,104,否,否,是,
2026-05-25 10:48:27,1_1_0010,28,104,否,否,是,
2026-05-25 10:48:28,1_1_0008,28,104,否,否,是,
2026-05-25 10:48:33,1_1_0005,28,104,否,否,是,
2026-05-25 10:48:36,1_1_0009,28,104,否,否,是,
2026-05-25 10:48:42,1_1_0007,28,104,否,否,是,
2026-05-25 10:48:55,1_1_0003,28,104,否,否,是,
2026-05-25 10:49:07,1_1_0006,28,104,否,否,是,
2026-05-25 10:49:18,1_1_0004,28,104,否,否,是,
2026-05-25 10:49:33,1_1_0002,28,104,否,否,是,
2026-05-25 10:49:45,1_1_0001,28,104,否,否,是,
2026-05-25 10:50:19,1_1_0010,28,104,否,否,是,
2026-05-25 10:50:20,1_1_0008,28,104,否,否,是,
2026-05-25 10:50:26,1_1_0005,28,104,否,否,是,
2026-05-25 10:50:30,1_1_0009,28,104,否,否,是,
2026-05-25 10:50:36,1_1_0007,28,104,否,否,是,
2026-05-25 10:50:44,1_1_0003,28,104,否,否,是,
2026-05-25 10:50:52,1_1_0006,28,104,否,否,是,
2026-05-25 10:51:05,1_1_0004,28,104,否,否,是,
2026-05-25 10:51:21,1_1_0002,28,104,否,否,是,
2026-05-25 10:51:33,1_1_0001,28,104,否,否,是,
2026-05-25 10:52:04,1_1_0010,28,104,否,否,是,
2026-05-25 10:52:05,1_1_0008,28,104,否,否,是,
2026-05-25 10:52:11,1_1_0005,28,104,否,否,是,
2026-05-25 10:52:14,1_1_0009,28,104,否,否,是,
2026-05-25 10:52:20,1_1_0007,28,104,否,否,是,
2026-05-25 10:52:33,1_1_0003,28,104,否,否,是,
2026-05-25 10:52:44,1_1_0006,28,104,否,否,是,
2026-05-25 10:52:55,1_1_0004,28,104,否,否,是,
2026-05-25 10:53:07,1_1_0002,28,104,否,否,是,
2026-05-25 10:53:20,1_1_0001,28,104,否,否,是,
2026-05-25 10:53:52,1_1_0010,28,104,否,否,是,
2026-05-25 10:53:54,1_1_0008,28,104,否,否,是,
2026-05-25 10:54:02,1_1_0005,28,104,否,否,是,
2026-05-25 10:54:07,1_1_0009,28,104,否,否,是,
2026-05-25 10:54:17,1_1_0007,28,104,否,否,是,
2026-05-25 10:54:27,1_1_0003,28,104,否,否,是,
2026-05-25 10:54:34,1_1_0006,28,104,否,否,是,
2026-05-25 10:54:47,1_1_0004,28,104,否,否,是,
2026-05-25 10:54:58,1_1_0002,28,104,否,否,是,
2026-05-25 10:55:09,1_1_0001,28,104,否,否,是,
2026-05-25 10:55:42,1_1_0010,28,104,否,否,是,
2026-05-25 10:55:43,1_1_0008,28,104,否,否,是,
2026-05-25 10:55:48,1_1_0005,28,104,否,否,是,
2026-05-25 10:55:53,1_1_0009,28,104,否,否,是,
2026-05-25 10:56:02,1_1_0007,28,104,否,否,是,
2026-05-25 10:56:11,1_1_0003,28,104,否,否,是,
2026-05-25 10:56:18,1_1_0006,28,104,否,否,是,
2026-05-25 10:56:28,1_1_0004,28,104,否,否,是,
2026-05-25 10:56:40,1_1_0002,28,104,否,否,是,
2026-05-25 10:56:54,1_1_0001,28,104,否,否,是,
2026-05-25 10:57:27,1_1_0010,28,104,否,否,是,
2026-05-25 10:57:28,1_1_0008,28,104,否,否,是,
2026-05-25 10:57:36,1_1_0005,28,104,否,否,是,
2026-05-25 10:57:42,1_1_0009,28,104,否,否,是,
2026-05-25 10:57:52,1_1_0007,28,104,否,否,是,
2026-05-25 10:57:58,1_1_0003,28,104,否,否,是,
2026-05-25 10:58:10,1_1_0006,28,104,否,否,是,
2026-05-25 10:58:19,1_1_0004,28,104,否,否,是,
2026-05-25 10:58:32,1_1_0002,28,104,否,否,是,
2026-05-25 10:58:44,1_1_0001,28,104,否,否,是,
2026-05-25 10:59:16,1_1_0010,28,104,否,否,是,
2026-05-25 10:59:17,1_1_0008,28,104,否,否,是,
2026-05-25 10:59:22,1_1_0005,28,104,否,否,是,
2026-05-25 10:59:28,1_1_0009,28,104,否,否,是,
2026-05-25 10:59:37,1_1_0007,28,104,否,否,是,
2026-05-25 10:59:47,1_1_0003,28,104,否,否,是,
2026-05-25 11:00:00,1_1_0006,28,104,否,否,是,
2026-05-25 11:00:11,1_1_0004,28,104,否,否,是,
2026-05-25 11:00:22,1_1_0002,28,104,否,否,是,
2026-05-25 11:00:35,1_1_0001,28,104,否,否,是,
2026-05-25 11:01:07,1_1_0010,28,104,否,否,是,
2026-05-25 11:01:08,1_1_0008,28,104,否,否,是,
2026-05-25 11:01:16,1_1_0005,28,104,否,否,是,
2026-05-25 11:01:19,1_1_0009,28,104,否,否,是,
2026-05-25 11:01:27,1_1_0007,28,104,否,否,是,
2026-05-25 11:01:39,1_1_0003,28,104,否,否,是,
2026-05-25 11:01:52,1_1_0006,28,104,否,否,是,
2026-05-25 11:02:06,1_1_0004,28,104,否,否,是,
2026-05-25 11:02:18,1_1_0002,28,104,否,否,是,
2026-05-25 11:02:27,1_1_0001,28,104,否,否,是,
2026-05-25 11:02:58,1_1_0010,28,104,否,否,是,
2026-05-25 11:02:59,1_1_0008,28,104,否,否,是,
2026-05-25 11:03:07,1_1_0005,28,104,否,否,是,
2026-05-25 11:03:11,1_1_0009,28,104,否,否,是,
2026-05-25 11:03:18,1_1_0007,28,104,否,否,是,
2026-05-25 11:03:28,1_1_0003,28,104,否,否,是,
2026-05-25 11:03:36,1_1_0006,28,104,否,否,是,
2026-05-25 11:03:45,1_1_0004,28,104,否,否,是,
2026-05-25 11:03:57,1_1_0002,28,104,否,否,是,
2026-05-25 11:04:15,1_1_0001,28,104,否,否,是,
2026-05-25 11:04:46,1_1_0010,28,104,否,否,是,
2026-05-25 11:04:47,1_1_0008,28,104,否,否,是,
2026-05-25 11:04:52,1_1_0005,28,104,否,否,是,
2026-05-25 11:04:56,1_1_0009,28,104,否,否,是,
2026-05-25 11:05:04,1_1_0007,28,104,否,否,是,
2026-05-25 11:05:14,1_1_0003,28,104,否,否,是,
2026-05-25 11:05:21,1_1_0006,28,104,否,否,是,
2026-05-25 11:05:33,1_1_0004,28,104,否,否,是,
2026-05-25 11:05:45,1_1_0002,28,104,否,否,是,
2026-05-25 11:05:59,1_1_0001,28,104,否,否,是,
2026-05-25 11:06:31,1_1_0010,28,104,否,否,是,
2026-05-25 11:06:32,1_1_0008,28,104,否,否,是,
2026-05-25 11:06:38,1_1_0005,28,104,否,否,是,
2026-05-25 11:06:41,1_1_0009,28,104,否,否,是,
2026-05-25 11:06:49,1_1_0007,28,104,否,否,是,
2026-05-25 11:06:59,1_1_0003,28,104,否,否,是,
2026-05-25 11:07:07,1_1_0006,28,104,否,否,是,
2026-05-25 11:07:22,1_1_0004,28,104,否,否,是,
2026-05-25 11:07:33,1_1_0002,28,104,否,否,是,
2026-05-25 11:07:43,1_1_0001,28,104,否,否,是,
2026-05-25 11:08:16,1_1_0010,28,104,否,否,是,
2026-05-25 11:08:17,1_1_0008,28,104,否,否,是,
2026-05-25 11:08:22,1_1_0005,28,104,否,否,是,
2026-05-25 11:08:26,1_1_0009,28,104,否,否,是,
2026-05-25 11:08:34,1_1_0007,28,104,否,否,是,
2026-05-25 11:08:42,1_1_0003,28,104,否,否,是,
2026-05-25 11:08:53,1_1_0006,28,104,否,否,是,
2026-05-25 11:09:05,1_1_0004,28,104,否,否,是,
2026-05-25 11:09:19,1_1_0002,28,104,否,否,是,
2026-05-25 11:09:31,1_1_0001,28,104,否,否,是,
2026-05-25 11:10:03,1_1_0010,28,104,否,否,是,
2026-05-25 11:10:05,1_1_0008,28,104,否,否,是,
2026-05-25 11:10:12,1_1_0005,28,104,否,否,是,
2026-05-25 11:10:16,1_1_0009,28,104,否,否,是,
2026-05-25 11:10:22,1_1_0007,28,104,否,否,是,
2026-05-25 11:10:30,1_1_0003,28,104,否,否,是,
2026-05-25 11:10:42,1_1_0006,28,104,否,否,是,
2026-05-25 11:10:52,1_1_0004,28,104,否,否,是,
2026-05-25 11:11:03,1_1_0002,28,104,否,否,是,
2026-05-25 11:11:12,1_1_0001,28,104,否,否,是,
2026-05-25 11:11:43,1_1_0010,28,104,否,否,是,
2026-05-25 11:11:44,1_1_0008,28,104,否,否,是,
2026-05-25 11:11:50,1_1_0005,28,104,否,否,是,
2026-05-25 11:11:55,1_1_0009,28,104,否,否,是,
2026-05-25 11:12:02,1_1_0007,28,104,否,否,是,
2026-05-25 11:12:11,1_1_0003,28,104,否,否,是,
2026-05-25 11:12:24,1_1_0006,28,104,否,否,是,
2026-05-25 11:12:35,1_1_0004,28,104,否,否,是,
2026-05-25 11:12:46,1_1_0002,28,104,否,否,是,
2026-05-25 11:12:58,1_1_0001,28,104,否,否,是,
2026-05-25 11:13:30,1_1_0010,28,104,否,否,是,
2026-05-25 11:13:32,1_1_0008,28,104,否,否,是,
2026-05-25 11:13:38,1_1_0005,28,104,否,否,是,
2026-05-25 11:13:41,1_1_0009,28,104,否,否,是,
2026-05-25 11:13:48,1_1_0007,28,104,否,否,是,
2026-05-25 11:13:57,1_1_0003,28,104,否,否,是,
2026-05-25 11:14:08,1_1_0006,28,104,否,否,是,
2026-05-25 11:14:18,1_1_0004,28,104,否,否,是,
2026-05-25 11:14:30,1_1_0002,28,104,否,否,是,
2026-05-25 11:14:42,1_1_0001,28,104,否,否,是,
2026-05-25 11:15:15,1_1_0010,28,104,否,否,是,
2026-05-25 11:15:16,1_1_0008,28,104,否,否,是,
2026-05-25 11:15:23,1_1_0005,28,104,否,否,是,
2026-05-25 11:15:27,1_1_0009,28,104,否,否,是,
2026-05-25 11:15:32,1_1_0007,28,104,否,否,是,
2026-05-25 11:15:44,1_1_0003,28,104,否,否,是,
2026-05-25 11:15:53,1_1_0006,28,104,否,否,是,
2026-05-25 11:16:05,1_1_0004,28,104,否,否,是,
2026-05-25 11:16:17,1_1_0002,28,104,否,否,是,
2026-05-25 11:16:29,1_1_0001,28,104,否,否,是,
2026-05-25 11:17:01,1_1_0010,28,104,否,否,是,
2026-05-25 11:17:02,1_1_0008,28,104,否,否,是,
2026-05-25 11:17:08,1_1_0005,28,104,否,否,是,
2026-05-25 11:17:14,1_1_0009,28,104,否,否,是,
2026-05-25 11:17:24,1_1_0007,28,104,否,否,是,
2026-05-25 11:17:32,1_1_0003,28,104,否,否,是,
2026-05-25 11:17:43,1_1_0006,28,104,否,否,是,
2026-05-25 11:17:54,1_1_0004,28,104,否,否,是,
2026-05-25 11:18:06,1_1_0002,28,104,否,否,是,
2026-05-25 11:18:20,1_1_0001,28,104,否,否,是,
2026-05-25 11:18:53,1_1_0010,28,104,否,否,是,
2026-05-25 11:18:55,1_1_0008,28,104,否,否,是,
2026-05-25 11:19:00,1_1_0005,28,104,否,否,是,
2026-05-25 11:19:08,1_1_0009,28,104,否,否,是,
2026-05-25 11:19:15,1_1_0007,28,104,否,否,是,
2026-05-25 11:19:23,1_1_0003,28,104,否,否,是,
2026-05-25 11:19:37,1_1_0006,28,104,否,否,是,
2026-05-25 11:19:47,1_1_0004,28,104,否,否,是,
2026-05-25 11:19:59,1_1_0002,28,104,否,否,是,
2026-05-25 11:20:10,1_1_0001,28,104,否,否,是,
2026-05-25 11:20:42,1_1_0010,28,104,否,否,是,
2026-05-25 11:20:43,1_1_0008,28,104,否,否,是,
2026-05-25 11:20:50,1_1_0005,28,104,否,否,是,
2026-05-25 11:20:55,1_1_0009,28,104,否,否,是,
2026-05-25 11:21:03,1_1_0007,28,104,否,否,是,
2026-05-25 11:21:10,1_1_0003,28,104,否,否,是,
2026-05-25 11:21:19,1_1_0006,28,104,否,否,是,
2026-05-25 11:21:30,1_1_0004,28,104,否,否,是,
2026-05-25 11:21:43,1_1_0002,28,104,否,否,是,
2026-05-25 11:21:56,1_1_0001,28,104,否,否,是,
2026-05-25 11:22:29,1_1_0010,28,104,否,否,是,
2026-05-25 11:22:30,1_1_0008,28,104,否,否,是,
2026-05-25 11:22:38,1_1_0005,28,104,否,否,是,
2026-05-25 11:22:44,1_1_0009,28,104,否,否,是,
2026-05-25 11:22:52,1_1_0007,28,104,否,否,是,
2026-05-25 11:23:03,1_1_0003,28,104,否,否,是,
2026-05-25 11:23:14,1_1_0006,28,104,否,否,是,
2026-05-25 11:23:26,1_1_0004,28,104,否,否,是,
2026-05-25 11:23:42,1_1_0002,28,104,否,否,是,
2026-05-25 11:23:58,1_1_0001,28,104,否,否,是,
2026-05-25 11:24:31,1_1_0010,28,104,否,否,是,
2026-05-25 11:24:32,1_1_0008,28,104,否,否,是,
2026-05-25 11:24:37,1_1_0005,28,104,否,否,是,
2026-05-25 11:24:41,1_1_0009,28,104,否,否,是,
2026-05-25 11:24:52,1_1_0007,28,104,否,否,是,
2026-05-25 11:25:01,1_1_0003,28,104,否,否,是,
2026-05-25 11:25:13,1_1_0006,28,104,否,否,是,
2026-05-25 11:25:22,1_1_0004,28,104,否,否,是,
2026-05-25 11:25:35,1_1_0002,28,104,否,否,是,
2026-05-25 11:25:44,1_1_0001,28,104,否,否,是,
2026-05-25 11:26:16,1_1_0010,28,104,否,否,是,
2026-05-25 11:26:17,1_1_0008,28,104,否,否,是,
2026-05-25 11:26:25,1_1_0005,28,104,否,否,是,
2026-05-25 11:26:28,1_1_0009,28,104,否,否,是,
2026-05-25 11:26:36,1_1_0007,28,104,否,否,是,
2026-05-25 11:26:43,1_1_0003,28,104,否,否,是,
2026-05-25 11:26:53,1_1_0006,28,104,否,否,是,
2026-05-25 11:27:00,1_1_0004,28,104,否,否,是,
2026-05-25 11:27:14,1_1_0002,28,104,否,否,是,
2026-05-25 11:27:29,1_1_0001,28,104,否,否,是,
2026-05-25 11:28:01,1_1_0010,28,104,否,否,是,
2026-05-25 11:28:03,1_1_0008,28,104,否,否,是,
2026-05-25 11:28:08,1_1_0005,28,104,否,否,是,
2026-05-25 11:28:12,1_1_0009,28,104,否,否,是,
2026-05-25 11:28:19,1_1_0007,28,104,否,否,是,
2026-05-25 11:28:29,1_1_0003,28,104,否,否,是,
2026-05-25 11:28:38,1_1_0006,28,104,否,否,是,
2026-05-25 11:28:47,1_1_0004,28,104,否,否,是,
2026-05-25 11:29:01,1_1_0002,28,104,否,否,是,
2026-05-25 11:29:12,1_1_0001,28,104,否,否,是,
2026-05-25 11:29:44,1_1_0010,28,104,否,否,是,
2026-05-25 11:29:45,1_1_0008,28,104,否,否,是,
2026-05-25 11:29:50,1_1_0005,28,104,否,否,是,
2026-05-25 11:29:53,1_1_0009,28,104,否,否,是,
2026-05-25 11:29:59,1_1_0007,28,104,否,否,是,
2026-05-25 11:30:07,1_1_0003,28,104,否,否,是,
2026-05-25 11:30:16,1_1_0006,28,104,否,否,是,
2026-05-25 11:30:26,1_1_0004,28,104,否,否,是,
2026-05-25 11:30:40,1_1_0002,28,104,否,否,是,
2026-05-25 11:30:53,1_1_0001,28,104,否,否,是,
2026-05-25 11:31:27,1_1_0010,28,104,否,否,是,
2026-05-25 11:31:28,1_1_0008,28,104,否,否,是,
2026-05-25 11:31:34,1_1_0005,28,104,否,否,是,
2026-05-25 11:31:40,1_1_0009,28,104,否,否,是,
2026-05-25 11:31:49,1_1_0007,28,104,否,否,是,
2026-05-25 11:31:55,1_1_0003,28,104,否,否,是,
2026-05-25 11:32:06,1_1_0006,28,104,否,否,是,
2026-05-25 11:32:16,1_1_0004,28,104,否,否,是,
2026-05-25 11:32:28,1_1_0002,28,104,否,否,是,
2026-05-25 11:32:43,1_1_0001,28,104,否,否,是,
2026-05-25 11:33:16,1_1_0010,28,104,否,否,是,
2026-05-25 11:33:17,1_1_0008,28,104,否,否,是,
2026-05-25 11:33:22,1_1_0005,28,104,否,否,是,
2026-05-25 11:33:25,1_1_0009,28,104,否,否,是,
2026-05-25 11:33:34,1_1_0007,28,104,否,否,是,
2026-05-25 11:33:41,1_1_0003,28,104,否,否,是,
2026-05-25 11:33:51,1_1_0006,28,104,否,否,是,
2026-05-25 11:34:01,1_1_0004,28,104,否,否,是,
2026-05-25 11:34:14,1_1_0002,28,104,否,否,是,
2026-05-25 11:34:25,1_1_0001,28,104,否,否,是,
2026-05-25 11:34:57,1_1_0010,28,104,否,否,是,
2026-05-25 11:34:58,1_1_0008,28,104,否,否,是,
2026-05-25 11:35:05,1_1_0005,28,104,否,否,是,
2026-05-25 11:35:09,1_1_0009,28,104,否,否,是,
2026-05-25 11:35:17,1_1_0007,28,104,否,否,是,
2026-05-25 11:35:26,1_1_0003,28,104,否,否,是,
2026-05-25 11:35:36,1_1_0006,28,104,否,否,是,
2026-05-25 11:35:45,1_1_0004,28,104,否,否,是,
2026-05-25 11:35:56,1_1_0002,28,104,否,否,是,
2026-05-25 11:36:07,1_1_0001,28,104,否,否,是,
2026-05-25 11:36:41,1_1_0010,28,104,否,否,是,
2026-05-25 11:36:42,1_1_0008,28,104,否,否,是,
2026-05-25 11:36:46,1_1_0005,28,104,否,否,是,
2026-05-25 11:36:52,1_1_0009,28,104,否,否,是,
2026-05-25 11:36:58,1_1_0007,28,104,否,否,是,
2026-05-25 11:37:05,1_1_0003,28,104,否,否,是,
2026-05-25 11:37:25,1_1_0006,0,0,否,否,否,2
2026-05-25 11:37:36,1_1_0004,28,104,否,否,是,
2026-05-25 11:37:49,1_1_0002,28,104,否,否,是,
2026-05-25 11:38:01,1_1_0001,28,104,否,否,是,
2026-05-25 11:38:34,1_1_0010,28,104,否,否,是,
2026-05-25 11:38:35,1_1_0008,28,104,否,否,是,
2026-05-25 11:38:40,1_1_0005,28,104,否,否,是,
2026-05-25 11:38:44,1_1_0009,28,104,否,否,是,
2026-05-25 11:38:52,1_1_0007,28,104,否,否,是,
2026-05-25 11:39:00,1_1_0003,28,104,否,否,是,
2026-05-25 11:39:10,1_1_0006,28,104,否,否,是,
2026-05-25 11:39:20,1_1_0004,28,104,否,否,是,
2026-05-25 11:39:31,1_1_0002,28,104,否,否,是,
2026-05-25 11:39:45,1_1_0001,28,104,否,否,是,
2026-05-25 11:40:18,1_1_0010,28,104,否,否,是,
2026-05-25 11:40:19,1_1_0008,28,104,否,否,是,
2026-05-25 11:40:26,1_1_0005,28,104,否,否,是,
2026-05-25 11:40:33,1_1_0009,28,104,否,否,是,
2026-05-25 11:40:40,1_1_0007,28,104,否,否,是,
2026-05-25 11:40:48,1_1_0003,28,104,否,否,是,
2026-05-25 11:40:55,1_1_0006,28,104,否,否,是,
2026-05-25 11:41:08,1_1_0004,28,104,否,否,是,
2026-05-25 11:41:19,1_1_0002,28,104,否,否,是,
2026-05-25 11:41:31,1_1_0001,28,104,否,否,是,
2026-05-25 11:42:05,1_1_0010,28,104,否,否,是,
2026-05-25 11:42:06,1_1_0008,28,104,否,否,是,
2026-05-25 11:42:12,1_1_0005,28,104,否,否,是,
2026-05-25 11:42:16,1_1_0009,28,104,否,否,是,
2026-05-25 11:42:22,1_1_0007,28,104,否,否,是,
2026-05-25 11:42:31,1_1_0003,28,104,否,否,是,
2026-05-25 11:42:39,1_1_0006,28,104,否,否,是,
2026-05-25 11:42:52,1_1_0004,28,104,否,否,是,
2026-05-25 11:43:06,1_1_0002,28,104,否,否,是,
2026-05-25 11:43:22,1_1_0001,28,104,否,否,是,
2026-05-25 11:43:54,1_1_0010,28,104,否,否,是,
2026-05-25 11:43:55,1_1_0008,28,104,否,否,是,
2026-05-25 11:44:00,1_1_0005,28,104,否,否,是,
2026-05-25 11:44:03,1_1_0009,28,104,否,否,是,
2026-05-25 11:44:10,1_1_0007,28,104,否,否,是,
2026-05-25 11:44:17,1_1_0003,28,104,否,否,是,
2026-05-25 11:44:25,1_1_0006,28,104,否,否,是,
2026-05-25 11:44:38,1_1_0004,28,104,否,否,是,
2026-05-25 11:44:49,1_1_0002,28,104,否,否,是,
2026-05-25 11:44:59,1_1_0001,28,104,否,否,是,
2026-05-25 11:45:31,1_1_0010,28,104,否,否,是,
2026-05-25 11:45:32,1_1_0008,28,104,否,否,是,
2026-05-25 11:45:37,1_1_0005,28,104,否,否,是,
2026-05-25 11:45:40,1_1_0009,28,104,否,否,是,
2026-05-25 11:45:49,1_1_0007,28,104,否,否,是,
2026-05-25 11:45:58,1_1_0003,28,104,否,否,是,
2026-05-25 11:46:07,1_1_0006,28,104,否,否,是,
2026-05-25 11:46:18,1_1_0004,28,104,否,否,是,
2026-05-25 11:46:30,1_1_0002,28,104,否,否,是,
2026-05-25 11:46:43,1_1_0001,28,104,否,否,是,
2026-05-25 11:47:16,1_1_0010,28,104,否,否,是,
2026-05-25 11:47:17,1_1_0008,28,104,否,否,是,
2026-05-25 11:47:24,1_1_0005,28,104,否,否,是,
2026-05-25 11:47:27,1_1_0009,28,104,否,否,是,
2026-05-25 11:47:33,1_1_0007,28,104,否,否,是,
2026-05-25 11:47:44,1_1_0003,28,104,否,否,是,
2026-05-25 11:47:55,1_1_0006,28,104,否,否,是,
2026-05-25 11:48:06,1_1_0004,28,104,否,否,是,
2026-05-25 11:48:21,1_1_0002,28,104,否,否,是,
2026-05-25 11:48:34,1_1_0001,28,104,否,否,是,
2026-05-25 11:49:07,1_1_0010,28,104,否,否,是,
2026-05-25 11:49:08,1_1_0008,28,104,否,否,是,
2026-05-25 11:49:12,1_1_0005,28,104,否,否,是,
2026-05-25 11:49:16,1_1_0009,28,104,否,否,是,
2026-05-25 11:49:22,1_1_0007,28,104,否,否,是,
2026-05-25 11:49:32,1_1_0003,28,104,否,否,是,
2026-05-25 11:49:41,1_1_0006,28,104,否,否,是,
2026-05-25 11:49:51,1_1_0004,28,104,否,否,是,
2026-05-25 11:50:05,1_1_0002,28,104,否,否,是,
2026-05-25 11:50:17,1_1_0001,28,104,否,否,是,
2026-05-25 11:50:48,1_1_0010,28,104,否,否,是,
2026-05-25 11:50:49,1_1_0008,28,104,否,否,是,
2026-05-25 11:50:55,1_1_0005,28,104,否,否,是,
2026-05-25 11:50:59,1_1_0009,28,104,否,否,是,
2026-05-25 11:51:09,1_1_0007,28,104,否,否,是,
2026-05-25 11:51:18,1_1_0003,28,104,否,否,是,
2026-05-25 11:51:29,1_1_0006,28,104,否,否,是,
2026-05-25 11:51:38,1_1_0004,28,104,否,否,是,
2026-05-25 11:51:52,1_1_0002,28,104,否,否,是,
2026-05-25 11:52:04,1_1_0001,28,104,否,否,是,
2026-05-25 11:52:36,1_1_0010,28,104,否,否,是,
2026-05-25 11:52:38,1_1_0008,28,104,否,否,是,
2026-05-25 11:52:43,1_1_0005,28,104,否,否,是,
2026-05-25 11:52:46,1_1_0009,28,104,否,否,是,
2026-05-25 11:52:54,1_1_0007,28,104,否,否,是,
2026-05-25 11:53:05,1_1_0003,28,104,否,否,是,
2026-05-25 11:53:12,1_1_0006,28,104,否,否,是,
2026-05-25 11:53:26,1_1_0004,28,104,否,否,是,
2026-05-25 11:53:36,1_1_0002,28,104,否,否,是,
2026-05-25 11:53:49,1_1_0001,28,104,否,否,是,
2026-05-25 11:54:22,1_1_0010,28,104,否,否,是,
2026-05-25 11:54:23,1_1_0008,28,104,否,否,是,
2026-05-25 11:54:30,1_1_0005,28,104,否,否,是,
2026-05-25 11:54:33,1_1_0009,28,104,否,否,是,
2026-05-25 11:54:38,1_1_0007,28,104,否,否,是,
2026-05-25 11:54:50,1_1_0003,28,104,否,否,是,
2026-05-25 11:54:57,1_1_0006,28,104,否,否,是,
2026-05-25 11:55:06,1_1_0004,28,104,否,否,是,
2026-05-25 11:55:19,1_1_0002,28,104,否,否,是,
2026-05-25 11:55:30,1_1_0001,28,104,否,否,是,
2026-05-25 11:56:02,1_1_0010,28,104,否,否,是,
2026-05-25 11:56:03,1_1_0008,28,104,否,否,是,
2026-05-25 11:56:08,1_1_0005,28,104,否,否,是,
2026-05-25 11:56:11,1_1_0009,28,104,否,否,是,
2026-05-25 11:56:20,1_1_0007,28,104,否,否,是,
2026-05-25 11:56:29,1_1_0003,28,104,否,否,是,
2026-05-25 11:56:36,1_1_0006,28,104,否,否,是,
2026-05-25 11:56:45,1_1_0004,28,104,否,否,是,
2026-05-25 11:56:58,1_1_0002,28,104,否,否,是,
2026-05-25 11:57:10,1_1_0001,28,104,否,否,是,
2026-05-25 11:57:41,1_1_0010,28,104,否,否,是,
2026-05-25 11:57:42,1_1_0008,28,104,否,否,是,
2026-05-25 11:57:47,1_1_0005,28,104,否,否,是,
2026-05-25 11:57:50,1_1_0009,28,104,否,否,是,
2026-05-25 11:57:57,1_1_0007,28,104,否,否,是,
2026-05-25 11:58:07,1_1_0003,28,104,否,否,是,
2026-05-25 11:58:19,1_1_0006,28,104,否,否,是,
2026-05-25 11:58:28,1_1_0004,28,104,否,否,是,
2026-05-25 11:58:41,1_1_0002,28,104,否,否,是,
2026-05-25 11:58:49,1_1_0001,28,104,否,否,是,
2026-05-25 11:59:21,1_1_0010,28,104,否,否,是,
2026-05-25 11:59:22,1_1_0008,28,104,否,否,是,
2026-05-25 11:59:29,1_1_0005,28,104,否,否,是,
2026-05-25 11:59:33,1_1_0009,28,104,否,否,是,
2026-05-25 11:59:39,1_1_0007,28,104,否,否,是,
2026-05-25 11:59:47,1_1_0003,28,104,否,否,是,
2026-05-25 11:59:57,1_1_0006,28,104,否,否,是,
2026-05-25 12:00:10,1_1_0004,28,104,否,否,是,
2026-05-25 12:00:21,1_1_0002,28,104,否,否,是,
2026-05-25 12:00:32,1_1_0001,28,104,否,否,是,
2026-05-25 12:01:05,1_1_0010,28,104,否,否,是,
2026-05-25 12:01:06,1_1_0008,28,104,否,否,是,
2026-05-25 12:01:15,1_1_0005,28,104,否,否,是,
2026-05-25 12:01:18,1_1_0009,28,104,否,否,是,
2026-05-25 12:01:26,1_1_0007,28,104,否,否,是,
2026-05-25 12:01:37,1_1_0003,28,104,否,否,是,
2026-05-25 12:01:46,1_1_0006,28,104,否,否,是,
2026-05-25 12:01:59,1_1_0004,28,104,否,否,是,
2026-05-25 12:02:10,1_1_0002,28,104,否,否,是,
2026-05-25 12:02:20,1_1_0001,28,104,否,否,是,
2026-05-25 12:02:52,1_1_0010,28,104,否,否,是,
2026-05-25 12:02:53,1_1_0008,28,104,否,否,是,
2026-05-25 12:03:00,1_1_0005,28,104,否,否,是,
2026-05-25 12:03:03,1_1_0009,28,104,否,否,是,
2026-05-25 12:03:10,1_1_0007,28,104,否,否,是,
2026-05-25 12:03:20,1_1_0003,28,104,否,否,是,
2026-05-25 12:03:29,1_1_0006,28,104,否,否,是,
2026-05-25 12:03:36,1_1_0004,28,104,否,否,是,
2026-05-25 12:03:54,1_1_0002,28,104,否,否,是,
2026-05-25 12:04:05,1_1_0001,28,104,否,否,是,
2026-05-25 12:04:37,1_1_0010,28,104,否,否,是,
2026-05-25 12:04:38,1_1_0008,28,104,否,否,是,
2026-05-25 12:04:44,1_1_0005,28,104,否,否,是,
2026-05-25 12:04:47,1_1_0009,28,104,否,否,是,
2026-05-25 12:04:55,1_1_0007,28,104,否,否,是,
2026-05-25 12:05:03,1_1_0003,28,104,否,否,是,
2026-05-25 12:05:11,1_1_0006,28,104,否,否,是,
2026-05-25 12:05:22,1_1_0004,28,104,否,否,是,
2026-05-25 12:05:31,1_1_0002,28,104,否,否,是,
2026-05-25 12:05:45,1_1_0001,28,104,否,否,是,
2026-05-25 12:06:17,1_1_0010,28,104,否,否,是,
2026-05-25 12:06:18,1_1_0008,28,104,否,否,是,
2026-05-25 12:06:24,1_1_0005,28,104,否,否,是,
2026-05-25 12:06:27,1_1_0009,28,104,否,否,是,
2026-05-25 12:06:33,1_1_0007,28,104,否,否,是,
2026-05-25 12:06:40,1_1_0003,28,104,否,否,是,
2026-05-25 12:06:51,1_1_0006,28,104,否,否,是,
2026-05-25 12:07:01,1_1_0004,28,104,否,否,是,
2026-05-25 12:07:15,1_1_0002,28,104,否,否,是,
2026-05-25 12:07:29,1_1_0001,28,104,否,否,是,
2026-05-25 12:08:02,1_1_0010,28,104,否,否,是,
2026-05-25 12:08:03,1_1_0008,28,104,否,否,是,
2026-05-25 12:08:08,1_1_0005,28,104,否,否,是,
2026-05-25 12:08:11,1_1_0009,28,104,否,否,是,
2026-05-25 12:08:18,1_1_0007,28,104,否,否,是,
2026-05-25 12:08:26,1_1_0003,28,104,否,否,是,
2026-05-25 12:08:34,1_1_0006,28,104,否,否,是,
2026-05-25 12:08:47,1_1_0004,28,104,否,否,是,
2026-05-25 12:09:00,1_1_0002,28,104,否,否,是,
2026-05-25 12:09:14,1_1_0001,28,104,否,否,是,
2026-05-25 12:09:47,1_1_0010,28,104,否,否,是,
2026-05-25 12:09:49,1_1_0008,28,104,否,否,是,
2026-05-25 12:09:54,1_1_0005,28,104,否,否,是,
2026-05-25 12:09:59,1_1_0009,28,104,否,否,是,
2026-05-25 12:10:07,1_1_0007,28,104,否,否,是,
2026-05-25 12:10:17,1_1_0003,28,104,否,否,是,
2026-05-25 12:10:27,1_1_0006,28,104,否,否,是,
2026-05-25 12:10:38,1_1_0004,28,104,否,否,是,
2026-05-25 12:10:53,1_1_0002,28,104,否,否,是,
2026-05-25 12:11:04,1_1_0001,28,104,否,否,是,
2026-05-25 12:11:36,1_1_0010,28,104,否,否,是,
2026-05-25 12:11:38,1_1_0008,28,104,否,否,是,
2026-05-25 12:11:44,1_1_0005,28,104,否,否,是,
2026-05-25 12:11:50,1_1_0009,28,104,否,否,是,
2026-05-25 12:11:59,1_1_0007,28,104,否,否,是,
2026-05-25 12:12:08,1_1_0003,28,104,否,否,是,
2026-05-25 12:12:19,1_1_0006,28,104,否,否,是,
2026-05-25 12:12:29,1_1_0004,28,104,否,否,是,
2026-05-25 12:12:46,1_1_0002,28,104,否,否,是,
2026-05-25 12:13:00,1_1_0001,28,104,否,否,是,
2026-05-25 12:13:33,1_1_0010,28,104,否,否,是,
2026-05-25 12:13:34,1_1_0008,28,104,否,否,是,
2026-05-25 12:13:39,1_1_0005,28,104,否,否,是,
2026-05-25 12:13:41,1_1_0009,28,104,否,否,是,
2026-05-25 12:13:46,1_1_0007,28,104,否,否,是,
2026-05-25 12:14:07,1_1_0003,0,0,否,否,否,2
2026-05-25 12:14:15,1_1_0006,28,104,否,否,是,
2026-05-25 12:14:26,1_1_0004,28,104,否,否,是,
2026-05-25 12:14:37,1_1_0002,28,104,否,否,是,
2026-05-25 12:14:48,1_1_0001,28,104,否,否,是,
2026-05-25 12:15:19,1_1_0010,28,104,否,否,是,
2026-05-25 12:15:20,1_1_0008,28,104,否,否,是,
2026-05-25 12:15:26,1_1_0005,28,104,否,否,是,
2026-05-25 12:15:30,1_1_0009,28,104,否,否,是,
2026-05-25 12:15:36,1_1_0007,28,104,否,否,是,
2026-05-25 12:15:46,1_1_0003,28,104,否,否,是,
2026-05-25 12:15:52,1_1_0006,28,104,否,否,是,
2026-05-25 12:16:04,1_1_0004,28,104,否,否,是,
2026-05-25 12:16:19,1_1_0002,28,104,否,否,是,
2026-05-25 12:16:31,1_1_0001,28,104,否,否,是,
2026-05-25 12:17:02,1_1_0010,28,104,否,否,是,
2026-05-25 12:17:04,1_1_0008,28,104,否,否,是,
2026-05-25 12:17:08,1_1_0005,28,104,否,否,是,
2026-05-25 12:17:11,1_1_0009,28,104,否,否,是,
2026-05-25 12:17:16,1_1_0007,28,104,否,否,是,
2026-05-25 12:17:22,1_1_0003,28,104,否,否,是,
2026-05-25 12:17:34,1_1_0006,28,104,否,否,是,
2026-05-25 12:17:47,1_1_0004,28,104,否,否,是,
2026-05-25 12:18:00,1_1_0002,28,104,否,否,是,
2026-05-25 12:18:12,1_1_0001,28,104,否,否,是,
2026-05-25 12:18:45,1_1_0010,28,104,否,否,是,
2026-05-25 12:18:46,1_1_0008,28,104,否,否,是,
2026-05-25 12:18:51,1_1_0005,28,104,否,否,是,
2026-05-25 12:18:55,1_1_0009,28,104,否,否,是,
2026-05-25 12:19:02,1_1_0007,28,104,否,否,是,
2026-05-25 12:19:10,1_1_0003,28,104,否,否,是,
2026-05-25 12:19:31,1_1_0006,0,0,否,否,否,2
2026-05-25 12:19:40,1_1_0004,28,104,否,否,是,
2026-05-25 12:19:55,1_1_0002,28,104,否,否,是,
2026-05-25 12:20:07,1_1_0001,28,104,否,否,是,
2026-05-25 12:20:39,1_1_0010,28,104,否,否,是,
2026-05-25 12:20:41,1_1_0008,28,104,否,否,是,
2026-05-25 12:20:47,1_1_0005,28,104,否,否,是,
2026-05-25 12:20:50,1_1_0009,28,104,否,否,是,
2026-05-25 12:20:59,1_1_0007,28,104,否,否,是,
2026-05-25 12:21:08,1_1_0003,28,104,否,否,是,
2026-05-25 12:21:15,1_1_0006,28,104,否,否,是,
2026-05-25 12:21:24,1_1_0004,28,104,否,否,是,
2026-05-25 12:21:36,1_1_0002,28,104,否,否,是,
2026-05-25 12:21:48,1_1_0001,28,104,否,否,是,
2026-05-25 12:22:20,1_1_0010,28,104,否,否,是,
2026-05-25 12:22:21,1_1_0008,28,104,否,否,是,
2026-05-25 12:22:29,1_1_0005,28,104,否,否,是,
2026-05-25 12:22:36,1_1_0009,28,104,否,否,是,
2026-05-25 12:22:45,1_1_0007,28,104,否,否,是,
2026-05-25 12:22:53,1_1_0003,28,104,否,否,是,
2026-05-25 12:23:04,1_1_0006,28,104,否,否,是,
2026-05-25 12:23:14,1_1_0004,28,104,否,否,是,
2026-05-25 12:23:26,1_1_0002,28,104,否,否,是,
2026-05-25 12:23:41,1_1_0001,28,104,否,否,是,
2026-05-25 12:24:14,1_1_0010,28,104,否,否,是,
2026-05-25 12:24:15,1_1_0008,28,104,否,否,是,
2026-05-25 12:24:20,1_1_0005,28,104,否,否,是,
2026-05-25 12:24:24,1_1_0009,28,104,否,否,是,
2026-05-25 12:24:34,1_1_0007,28,104,否,否,是,
2026-05-25 12:24:43,1_1_0003,28,104,否,否,是,
2026-05-25 12:24:53,1_1_0006,28,104,否,否,是,
2026-05-25 12:25:04,1_1_0004,28,104,否,否,是,
2026-05-25 12:25:18,1_1_0002,28,104,否,否,是,
2026-05-25 12:25:30,1_1_0001,28,104,否,否,是,
2026-05-25 12:26:02,1_1_0010,28,104,否,否,是,
2026-05-25 12:26:03,1_1_0008,28,104,否,否,是,
2026-05-25 12:26:09,1_1_0005,28,104,否,否,是,
2026-05-25 12:26:13,1_1_0009,28,104,否,否,是,
2026-05-25 12:26:19,1_1_0007,28,104,否,否,是,
2026-05-25 12:26:28,1_1_0003,28,104,否,否,是,
2026-05-25 12:26:37,1_1_0006,28,104,否,否,是,
2026-05-25 12:26:45,1_1_0004,28,104,否,否,是,
2026-05-25 12:27:00,1_1_0002,28,104,否,否,是,
2026-05-25 12:27:12,1_1_0001,28,104,否,否,是,
2026-05-25 12:27:45,1_1_0010,28,104,否,否,是,
2026-05-25 12:27:46,1_1_0008,28,104,否,否,是,
2026-05-25 12:27:53,1_1_0005,28,104,否,否,是,
2026-05-25 12:27:57,1_1_0009,28,104,否,否,是,
2026-05-25 12:28:06,1_1_0007,28,104,否,否,是,
2026-05-25 12:28:14,1_1_0003,28,104,否,否,是,
2026-05-25 12:28:24,1_1_0006,28,104,否,否,是,
2026-05-25 12:28:34,1_1_0004,28,104,否,否,是,
2026-05-25 12:28:47,1_1_0002,28,104,否,否,是,
2026-05-25 12:29:05,1_1_0001,28,104,否,否,是,
2026-05-25 12:29:37,1_1_0010,28,104,否,否,是,
2026-05-25 12:29:38,1_1_0008,28,104,否,否,是,
2026-05-25 12:29:44,1_1_0005,28,104,否,否,是,
2026-05-25 12:29:47,1_1_0009,28,104,否,否,是,
2026-05-25 12:29:55,1_1_0007,28,104,否,否,是,
2026-05-25 12:30:03,1_1_0003,28,104,否,否,是,
2026-05-25 12:30:12,1_1_0006,28,104,否,否,是,
2026-05-25 12:30:21,1_1_0004,28,104,否,否,是,
2026-05-25 12:30:33,1_1_0002,28,104,否,否,是,
2026-05-25 12:30:41,1_1_0001,28,104,否,否,是,
2026-05-25 12:31:14,1_1_0010,28,104,否,否,是,
2026-05-25 12:31:15,1_1_0008,28,104,否,否,是,
2026-05-25 12:31:21,1_1_0005,28,104,否,否,是,
2026-05-25 12:31:24,1_1_0009,28,104,否,否,是,
2026-05-25 12:31:32,1_1_0007,28,104,否,否,是,
2026-05-25 12:31:42,1_1_0003,28,104,否,否,是,
2026-05-25 12:31:51,1_1_0006,28,104,否,否,是,
2026-05-25 12:31:58,1_1_0004,28,104,否,否,是,
2026-05-25 12:32:09,1_1_0002,28,104,否,否,是,
2026-05-25 12:32:21,1_1_0001,28,104,否,否,是,
2026-05-25 12:32:53,1_1_0010,28,104,否,否,是,
2026-05-25 12:32:54,1_1_0008,28,104,否,否,是,
2026-05-25 12:32:59,1_1_0005,28,104,否,否,是,
2026-05-25 12:33:02,1_1_0009,28,104,否,否,是,
2026-05-25 12:33:09,1_1_0007,28,104,否,否,是,
2026-05-25 12:33:22,1_1_0003,28,104,否,否,是,
2026-05-25 12:33:33,1_1_0006,28,104,否,否,是,
2026-05-25 12:33:42,1_1_0004,28,104,否,否,是,
2026-05-25 12:33:58,1_1_0002,28,104,否,否,是,
2026-05-25 12:34:10,1_1_0001,28,104,否,否,是,
2026-05-25 12:34:42,1_1_0010,28,104,否,否,是,
2026-05-25 12:34:43,1_1_0008,28,104,否,否,是,
2026-05-25 12:34:49,1_1_0005,28,104,否,否,是,
2026-05-25 12:34:53,1_1_0009,28,104,否,否,是,
2026-05-25 12:35:01,1_1_0007,28,104,否,否,是,
2026-05-25 12:35:07,1_1_0003,28,104,否,否,是,
2026-05-25 12:35:19,1_1_0006,28,104,否,否,是,
2026-05-25 12:35:29,1_1_0004,28,104,否,否,是,
2026-05-25 12:35:46,1_1_0002,28,104,否,否,是,
2026-05-25 12:35:59,1_1_0001,28,104,否,否,是,
2026-05-25 12:36:31,1_1_0010,28,104,否,否,是,
2026-05-25 12:36:32,1_1_0008,28,104,否,否,是,
2026-05-25 12:36:38,1_1_0005,28,104,否,否,是,
2026-05-25 12:36:43,1_1_0009,28,104,否,否,是,
2026-05-25 12:36:53,1_1_0007,28,104,否,否,是,
2026-05-25 12:37:02,1_1_0003,28,104,否,否,是,
2026-05-25 12:37:10,1_1_0006,28,104,否,否,是,
2026-05-25 12:37:21,1_1_0004,28,104,否,否,是,
2026-05-25 12:37:33,1_1_0002,28,104,否,否,是,
2026-05-25 12:37:42,1_1_0001,28,104,否,否,是,
2026-05-25 12:38:14,1_1_0010,28,104,否,否,是,
2026-05-25 12:38:15,1_1_0008,28,104,否,否,是,
2026-05-25 12:38:21,1_1_0005,28,104,否,否,是,
2026-05-25 12:38:26,1_1_0009,28,104,否,否,是,
2026-05-25 12:38:35,1_1_0007,28,104,否,否,是,
2026-05-25 12:38:44,1_1_0003,28,104,否,否,是,
2026-05-25 12:38:52,1_1_0006,28,104,否,否,是,
2026-05-25 12:39:05,1_1_0004,28,104,否,否,是,
2026-05-25 12:39:14,1_1_0002,28,104,否,否,是,
2026-05-25 12:39:27,1_1_0001,28,104,否,否,是,
2026-05-25 12:39:59,1_1_0010,28,104,否,否,是,
2026-05-25 12:40:01,1_1_0008,28,104,否,否,是,
2026-05-25 12:40:06,1_1_0005,28,104,否,否,是,
2026-05-25 12:40:10,1_1_0009,28,104,否,否,是,
2026-05-25 12:40:18,1_1_0007,28,104,否,否,是,
2026-05-25 12:40:27,1_1_0003,28,104,否,否,是,
2026-05-25 12:40:37,1_1_0006,28,104,否,否,是,
2026-05-25 12:40:48,1_1_0004,28,104,否,否,是,
2026-05-25 12:41:01,1_1_0002,28,104,否,否,是,
2026-05-25 12:41:19,1_1_0001,28,104,否,否,是,
2026-05-25 12:41:51,1_1_0010,28,104,否,否,是,
2026-05-25 12:41:52,1_1_0008,28,104,否,否,是,
2026-05-25 12:41:57,1_1_0005,28,104,否,否,是,
2026-05-25 12:42:02,1_1_0009,28,104,否,否,是,
2026-05-25 12:42:08,1_1_0007,28,104,否,否,是,
2026-05-25 12:42:19,1_1_0003,28,104,否,否,是,
2026-05-25 12:42:26,1_1_0006,28,104,否,否,是,
2026-05-25 12:42:37,1_1_0004,28,104,否,否,是,
2026-05-25 12:42:50,1_1_0002,28,104,否,否,是,
2026-05-25 12:43:03,1_1_0001,28,104,否,否,是,
2026-05-25 12:43:34,1_1_0010,28,104,否,否,是,
2026-05-25 12:43:36,1_1_0008,28,104,否,否,是,
2026-05-25 12:43:43,1_1_0005,28,104,否,否,是,
2026-05-25 12:43:46,1_1_0009,28,104,否,否,是,
2026-05-25 12:43:56,1_1_0007,28,104,否,否,是,
2026-05-25 12:44:03,1_1_0003,28,104,否,否,是,
2026-05-25 12:44:12,1_1_0006,28,104,否,否,是,
2026-05-25 12:44:22,1_1_0004,28,104,否,否,是,
2026-05-25 12:44:34,1_1_0002,28,104,否,否,是,
2026-05-25 12:44:49,1_1_0001,28,104,否,否,是,
2026-05-25 12:45:21,1_1_0010,28,104,否,否,是,
2026-05-25 12:45:23,1_1_0008,28,104,否,否,是,
2026-05-25 12:45:29,1_1_0005,28,104,否,否,是,
2026-05-25 12:45:33,1_1_0009,28,104,否,否,是,
2026-05-25 12:45:42,1_1_0007,28,104,否,否,是,
2026-05-25 12:45:50,1_1_0003,28,104,否,否,是,
2026-05-25 12:45:58,1_1_0006,28,104,否,否,是,
2026-05-25 12:46:07,1_1_0004,28,104,否,否,是,
2026-05-25 12:46:17,1_1_0002,28,104,否,否,是,
2026-05-25 12:46:28,1_1_0001,28,104,否,否,是,
2026-05-25 12:47:01,1_1_0010,28,104,否,否,是,
2026-05-25 12:47:02,1_1_0008,28,104,否,否,是,
2026-05-25 12:47:09,1_1_0005,28,104,否,否,是,
2026-05-25 12:47:13,1_1_0009,28,104,否,否,是,
2026-05-25 12:47:22,1_1_0007,28,104,否,否,是,
2026-05-25 12:47:32,1_1_0003,28,104,否,否,是,
2026-05-25 12:47:40,1_1_0006,28,104,否,否,是,
2026-05-25 12:47:49,1_1_0004,28,104,否,否,是,
2026-05-25 12:48:04,1_1_0002,28,104,否,否,是,
2026-05-25 12:48:18,1_1_0001,28,104,否,否,是,
2026-05-25 12:48:50,1_1_0010,28,104,否,否,是,
2026-05-25 12:48:52,1_1_0008,28,104,否,否,是,
2026-05-25 12:48:56,1_1_0005,28,104,否,否,是,
2026-05-25 12:49:00,1_1_0009,28,104,否,否,是,
2026-05-25 12:49:06,1_1_0007,28,104,否,否,是,
2026-05-25 12:49:16,1_1_0003,28,104,否,否,是,
2026-05-25 12:49:22,1_1_0006,28,104,否,否,是,
2026-05-25 12:49:32,1_1_0004,28,104,否,否,是,
2026-05-25 12:49:47,1_1_0002,28,104,否,否,是,
2026-05-25 12:49:58,1_1_0001,28,104,否,否,是,
2026-05-25 12:50:29,1_1_0010,28,104,否,否,是,
2026-05-25 12:50:31,1_1_0008,28,104,否,否,是,
2026-05-25 12:50:36,1_1_0005,28,104,否,否,是,
2026-05-25 12:50:39,1_1_0009,28,104,否,否,是,
2026-05-25 12:50:47,1_1_0007,28,104,否,否,是,
2026-05-25 12:50:55,1_1_0003,28,104,否,否,是,
2026-05-25 12:51:06,1_1_0006,28,104,否,否,是,
2026-05-25 12:51:17,1_1_0004,28,104,否,否,是,
2026-05-25 12:51:31,1_1_0002,28,104,否,否,是,
2026-05-25 12:51:43,1_1_0001,28,104,否,否,是,
2026-05-25 12:52:15,1_1_0010,28,104,否,否,是,
2026-05-25 12:52:16,1_1_0008,28,104,否,否,是,
2026-05-25 12:52:22,1_1_0005,28,104,否,否,是,
2026-05-25 12:52:28,1_1_0009,28,104,否,否,是,
2026-05-25 12:52:35,1_1_0007,28,104,否,否,是,
2026-05-25 12:52:44,1_1_0003,28,104,否,否,是,
2026-05-25 12:52:57,1_1_0006,28,104,否,否,是,
2026-05-25 12:53:07,1_1_0004,28,104,否,否,是,
2026-05-25 12:53:22,1_1_0002,28,104,否,否,是,
2026-05-25 12:53:36,1_1_0001,28,104,否,否,是,
2026-05-25 12:54:08,1_1_0010,28,104,否,否,是,
2026-05-25 12:54:09,1_1_0008,28,104,否,否,是,
2026-05-25 12:54:14,1_1_0005,28,104,否,否,是,
2026-05-25 12:54:18,1_1_0009,28,104,否,否,是,
2026-05-25 12:54:26,1_1_0007,28,104,否,否,是,
2026-05-25 12:54:34,1_1_0003,28,104,否,否,是,
2026-05-25 12:54:41,1_1_0006,28,104,否,否,是,
2026-05-25 12:54:59,1_1_0004,28,104,否,否,是,
2026-05-25 12:55:09,1_1_0002,28,104,否,否,是,
2026-05-25 12:55:21,1_1_0001,28,104,否,否,是,
2026-05-25 12:55:53,1_1_0010,28,104,否,否,是,
2026-05-25 12:55:54,1_1_0008,28,104,否,否,是,
2026-05-25 12:55:59,1_1_0005,28,104,否,否,是,
2026-05-25 12:56:07,1_1_0009,28,104,否,否,是,
2026-05-25 12:56:14,1_1_0007,28,104,否,否,是,
2026-05-25 12:56:22,1_1_0003,28,104,否,否,是,
2026-05-25 12:56:31,1_1_0006,28,104,否,否,是,
2026-05-25 12:56:47,1_1_0004,28,104,否,否,是,
2026-05-25 12:57:00,1_1_0002,28,104,否,否,是,
2026-05-25 12:57:14,1_1_0001,28,104,否,否,是,
2026-05-25 12:57:47,1_1_0010,28,104,否,否,是,
2026-05-25 12:57:48,1_1_0008,28,104,否,否,是,
2026-05-25 12:57:52,1_1_0005,28,104,否,否,是,
2026-05-25 12:57:56,1_1_0009,28,104,否,否,是,
2026-05-25 12:58:03,1_1_0007,28,104,否,否,是,
2026-05-25 12:58:12,1_1_0003,28,104,否,否,是,
2026-05-25 12:58:23,1_1_0006,28,104,否,否,是,
2026-05-25 12:58:35,1_1_0004,28,104,否,否,是,
2026-05-25 12:58:46,1_1_0002,28,104,否,否,是,
2026-05-25 12:58:59,1_1_0001,28,104,否,否,是,
2026-05-25 12:59:31,1_1_0010,28,104,否,否,是,
2026-05-25 12:59:33,1_1_0008,28,104,否,否,是,
2026-05-25 12:59:38,1_1_0005,28,104,否,否,是,
2026-05-25 12:59:43,1_1_0009,28,104,否,否,是,
2026-05-25 12:59:50,1_1_0007,28,104,否,否,是,
2026-05-25 13:00:00,1_1_0003,28,104,否,否,是,
2026-05-25 13:00:11,1_1_0006,28,104,否,否,是,
2026-05-25 13:00:24,1_1_0004,28,104,否,否,是,
2026-05-25 13:00:39,1_1_0002,28,104,否,否,是,
2026-05-25 13:00:49,1_1_0001,28,104,否,否,是,
2026-05-25 13:01:20,1_1_0010,28,104,否,否,是,
2026-05-25 13:01:22,1_1_0008,28,104,否,否,是,
2026-05-25 13:01:28,1_1_0005,28,104,否,否,是,
2026-05-25 13:01:35,1_1_0009,28,104,否,否,是,
2026-05-25 13:01:41,1_1_0007,28,104,否,否,是,
2026-05-25 13:01:50,1_1_0003,28,104,否,否,是,
2026-05-25 13:01:59,1_1_0006,28,104,否,否,是,
2026-05-25 13:02:09,1_1_0004,28,104,否,否,是,
2026-05-25 13:02:22,1_1_0002,28,104,否,否,是,
2026-05-25 13:02:33,1_1_0001,28,104,否,否,是,
2026-05-25 13:03:04,1_1_0010,28,104,否,否,是,
2026-05-25 13:03:05,1_1_0008,28,104,否,否,是,
2026-05-25 13:03:15,1_1_0005,28,104,否,否,是,
2026-05-25 13:03:20,1_1_0009,28,104,否,否,是,
2026-05-25 13:03:26,1_1_0007,28,104,否,否,是,
2026-05-25 13:03:34,1_1_0003,28,104,否,否,是,
2026-05-25 13:03:45,1_1_0006,28,104,否,否,是,
2026-05-25 13:03:59,1_1_0004,28,104,否,否,是,
2026-05-25 13:04:12,1_1_0002,28,104,否,否,是,
2026-05-25 13:04:25,1_1_0001,28,104,否,否,是,
2026-05-25 13:04:58,1_1_0010,28,104,否,否,是,
2026-05-25 13:04:59,1_1_0008,28,104,否,否,是,
2026-05-25 13:05:04,1_1_0005,28,104,否,否,是,
2026-05-25 13:05:14,1_1_0009,28,104,否,否,是,
2026-05-25 13:05:21,1_1_0007,28,104,否,否,是,
2026-05-25 13:05:41,1_1_0003,0,0,否,否,否,2
2026-05-25 13:05:49,1_1_0006,28,104,否,否,是,
2026-05-25 13:06:02,1_1_0004,28,104,否,否,是,
2026-05-25 13:06:15,1_1_0002,28,104,否,否,是,
2026-05-25 13:06:31,1_1_0001,28,104,否,否,是,
2026-05-25 13:07:04,1_1_0010,28,104,否,否,是,
2026-05-25 13:07:05,1_1_0008,28,104,否,否,是,
2026-05-25 13:07:11,1_1_0005,28,104,否,否,是,
2026-05-25 13:07:14,1_1_0009,28,104,否,否,是,
2026-05-25 13:07:21,1_1_0007,28,104,否,否,是,
2026-05-25 13:07:28,1_1_0003,28,104,否,否,是,
2026-05-25 13:07:38,1_1_0006,28,104,否,否,是,
2026-05-25 13:07:50,1_1_0004,28,104,否,否,是,
2026-05-25 13:08:02,1_1_0002,28,104,否,否,是,
2026-05-25 13:08:13,1_1_0001,28,104,否,否,是,
2026-05-25 13:08:45,1_1_0010,28,104,否,否,是,
2026-05-25 13:08:47,1_1_0008,28,104,否,否,是,
2026-05-25 13:08:54,1_1_0005,28,104,否,否,是,
2026-05-25 13:08:59,1_1_0009,28,104,否,否,是,
2026-05-25 13:09:07,1_1_0007,28,104,否,否,是,
2026-05-25 13:09:15,1_1_0003,28,104,否,否,是,
2026-05-25 13:09:26,1_1_0006,28,104,否,否,是,
2026-05-25 13:09:38,1_1_0004,28,104,否,否,是,
2026-05-25 13:09:51,1_1_0002,28,104,否,否,是,
2026-05-25 13:10:02,1_1_0001,28,104,否,否,是,
2026-05-25 13:10:34,1_1_0010,28,104,否,否,是,
2026-05-25 13:10:35,1_1_0008,28,104,否,否,是,
2026-05-25 13:10:41,1_1_0005,28,104,否,否,是,
2026-05-25 13:10:45,1_1_0009,28,104,否,否,是,
2026-05-25 13:10:52,1_1_0007,28,104,否,否,是,
2026-05-25 13:11:05,1_1_0003,28,104,否,否,是,
2026-05-25 13:11:14,1_1_0006,28,104,否,否,是,
2026-05-25 13:11:24,1_1_0004,28,104,否,否,是,
2026-05-25 13:11:35,1_1_0002,28,104,否,否,是,
2026-05-25 13:11:47,1_1_0001,28,104,否,否,是,
2026-05-25 13:12:18,1_1_0010,28,104,否,否,是,
2026-05-25 13:12:19,1_1_0008,28,104,否,否,是,
2026-05-25 13:12:27,1_1_0005,28,104,否,否,是,
2026-05-25 13:12:31,1_1_0009,28,104,否,否,是,
2026-05-25 13:12:37,1_1_0007,28,104,否,否,是,
2026-05-25 13:12:45,1_1_0003,28,104,否,否,是,
2026-05-25 13:12:56,1_1_0006,28,104,否,否,是,
2026-05-25 13:13:06,1_1_0004,28,104,否,否,是,
2026-05-25 13:13:18,1_1_0002,28,104,否,否,是,
2026-05-25 13:13:31,1_1_0001,28,104,否,否,是,
2026-05-25 13:14:03,1_1_0010,28,104,否,否,是,
2026-05-25 13:14:04,1_1_0008,28,104,否,否,是,
2026-05-25 13:14:10,1_1_0005,28,104,否,否,是,
2026-05-25 13:14:13,1_1_0009,28,104,否,否,是,
2026-05-25 13:14:20,1_1_0007,28,104,否,否,是,
2026-05-25 13:14:31,1_1_0003,28,104,否,否,是,
2026-05-25 13:14:40,1_1_0006,28,104,否,否,是,
2026-05-25 13:14:50,1_1_0004,28,104,否,否,是,
2026-05-25 13:15:02,1_1_0002,28,104,否,否,是,
2026-05-25 13:15:12,1_1_0001,28,104,否,否,是,
2026-05-25 13:15:44,1_1_0010,28,104,否,否,是,
2026-05-25 13:15:45,1_1_0008,28,104,否,否,是,
2026-05-25 13:15:53,1_1_0005,28,104,否,否,是,
2026-05-25 13:15:58,1_1_0009,28,104,否,否,是,
2026-05-25 13:16:03,1_1_0007,28,104,否,否,是,
2026-05-25 13:16:18,1_1_0003,28,104,否,否,是,
2026-05-25 13:16:28,1_1_0006,28,104,否,否,是,
2026-05-25 13:16:38,1_1_0004,28,104,否,否,是,
2026-05-25 13:16:51,1_1_0002,28,104,否,否,是,
2026-05-25 13:17:08,1_1_0001,28,104,否,否,是,
2026-05-25 13:17:41,1_1_0010,28,104,否,否,是,
2026-05-25 13:17:43,1_1_0008,28,104,否,否,是,
2026-05-25 13:17:49,1_1_0005,28,104,否,否,是,
2026-05-25 13:17:52,1_1_0009,28,104,否,否,是,
2026-05-25 13:17:59,1_1_0007,28,104,否,否,是,
2026-05-25 13:18:10,1_1_0003,28,104,否,否,是,
2026-05-25 13:18:20,1_1_0006,28,104,否,否,是,
2026-05-25 13:18:32,1_1_0004,28,104,否,否,是,
2026-05-25 13:18:45,1_1_0002,28,104,否,否,是,
2026-05-25 13:18:53,1_1_0001,28,104,否,否,是,
2026-05-25 13:19:25,1_1_0010,28,104,否,否,是,
2026-05-25 13:19:27,1_1_0008,28,104,否,否,是,
2026-05-25 13:19:31,1_1_0005,28,104,否,否,是,
2026-05-25 13:19:37,1_1_0009,28,104,否,否,是,
2026-05-25 13:19:42,1_1_0007,28,104,否,否,是,
2026-05-25 13:19:52,1_1_0003,28,104,否,否,是,
2026-05-25 13:20:04,1_1_0006,28,104,否,否,是,
2026-05-25 13:20:16,1_1_0004,28,104,否,否,是,
2026-05-25 13:20:28,1_1_0002,28,104,否,否,是,
2026-05-25 13:20:43,1_1_0001,28,104,否,否,是,
2026-05-25 13:21:14,1_1_0010,28,104,否,否,是,
2026-05-25 13:21:15,1_1_0008,28,104,否,否,是,
2026-05-25 13:21:20,1_1_0005,28,104,否,否,是,
2026-05-25 13:21:27,1_1_0009,28,104,否,否,是,
2026-05-25 13:21:35,1_1_0007,28,104,否,否,是,
2026-05-25 13:21:44,1_1_0003,28,104,否,否,是,
2026-05-25 13:21:54,1_1_0006,28,104,否,否,是,
2026-05-25 13:22:04,1_1_0004,28,104,否,否,是,
2026-05-25 13:22:22,1_1_0002,28,104,否,否,是,
2026-05-25 13:22:35,1_1_0001,28,104,否,否,是,
2026-05-25 13:23:06,1_1_0010,28,104,否,否,是,
2026-05-25 13:23:08,1_1_0008,28,104,否,否,是,
2026-05-25 13:23:13,1_1_0005,28,104,否,否,是,
2026-05-25 13:23:19,1_1_0009,28,104,否,否,是,
2026-05-25 13:23:27,1_1_0007,28,104,否,否,是,
2026-05-25 13:23:34,1_1_0003,28,104,否,否,是,
2026-05-25 13:23:42,1_1_0006,28,104,否,否,是,
2026-05-25 13:23:51,1_1_0004,28,104,否,否,是,
2026-05-25 13:24:06,1_1_0002,28,104,否,否,是,
2026-05-25 13:24:16,1_1_0001,28,104,否,否,是,
2026-05-25 13:24:48,1_1_0010,28,104,否,否,是,
2026-05-25 13:24:50,1_1_0008,28,104,否,否,是,
2026-05-25 13:24:53,1_1_0005,28,104,否,否,是,
2026-05-25 13:24:58,1_1_0009,28,104,否,否,是,
2026-05-25 13:25:06,1_1_0007,28,104,否,否,是,
2026-05-25 13:25:13,1_1_0003,28,104,否,否,是,
2026-05-25 13:25:25,1_1_0006,28,104,否,否,是,
2026-05-25 13:25:38,1_1_0004,28,104,否,否,是,
2026-05-25 13:25:53,1_1_0002,28,104,否,否,是,
2026-05-25 13:26:08,1_1_0001,28,104,否,否,是,
2026-05-25 13:26:40,1_1_0010,28,104,否,否,是,
2026-05-25 13:26:41,1_1_0008,28,104,否,否,是,
2026-05-25 13:26:49,1_1_0005,28,104,否,否,是,
2026-05-25 13:26:53,1_1_0009,28,104,否,否,是,
2026-05-25 13:27:00,1_1_0007,28,104,否,否,是,
2026-05-25 13:27:10,1_1_0003,28,104,否,否,是,
2026-05-25 13:27:20,1_1_0006,28,104,否,否,是,
2026-05-25 13:27:29,1_1_0004,28,104,否,否,是,
2026-05-25 13:27:40,1_1_0002,28,104,否,否,是,
2026-05-25 13:27:54,1_1_0001,28,104,否,否,是,
2026-05-25 13:28:28,1_1_0010,28,104,否,否,是,
2026-05-25 13:28:29,1_1_0008,28,104,否,否,是,
2026-05-25 13:28:39,1_1_0005,28,104,否,否,是,
2026-05-25 13:28:44,1_1_0009,28,104,否,否,是,
2026-05-25 13:28:50,1_1_0007,28,104,否,否,是,
2026-05-25 13:28:58,1_1_0003,28,104,否,否,是,
2026-05-25 13:29:09,1_1_0006,28,104,否,否,是,
2026-05-25 13:29:25,1_1_0004,28,104,否,否,是,
2026-05-25 13:29:39,1_1_0002,28,104,否,否,是,
2026-05-25 13:29:49,1_1_0001,28,104,否,否,是,
2026-05-25 13:30:23,1_1_0010,28,104,否,否,是,
2026-05-25 13:30:24,1_1_0008,28,104,否,否,是,
2026-05-25 13:30:30,1_1_0005,28,104,否,否,是,
2026-05-25 13:30:34,1_1_0009,28,104,否,否,是,
2026-05-25 13:30:39,1_1_0007,28,104,否,否,是,
2026-05-25 13:30:47,1_1_0003,28,104,否,否,是,
2026-05-25 13:30:56,1_1_0006,28,104,否,否,是,
2026-05-25 13:31:04,1_1_0004,28,104,否,否,是,
2026-05-25 13:31:17,1_1_0002,28,104,否,否,是,
2026-05-25 13:31:29,1_1_0001,28,104,否,否,是,
2026-05-25 13:32:02,1_1_0010,28,104,否,否,是,
2026-05-25 13:32:03,1_1_0008,28,104,否,否,是,
2026-05-25 13:32:09,1_1_0005,28,104,否,否,是,
2026-05-25 13:32:12,1_1_0009,28,104,否,否,是,
2026-05-25 13:32:20,1_1_0007,28,104,否,否,是,
2026-05-25 13:32:28,1_1_0003,28,104,否,否,是,
2026-05-25 13:32:37,1_1_0006,28,104,否,否,是,
2026-05-25 13:32:47,1_1_0004,28,104,否,否,是,
2026-05-25 13:33:01,1_1_0002,28,104,否,否,是,
2026-05-25 13:33:12,1_1_0001,28,104,否,否,是,
2026-05-25 13:33:44,1_1_0010,28,104,否,否,是,
2026-05-25 13:33:45,1_1_0008,28,104,否,否,是,
2026-05-25 13:33:51,1_1_0005,28,104,否,否,是,
2026-05-25 13:33:55,1_1_0009,28,104,否,否,是,
2026-05-25 13:34:00,1_1_0007,28,104,否,否,是,
2026-05-25 13:34:08,1_1_0003,28,104,否,否,是,
2026-05-25 13:34:19,1_1_0006,28,104,否,否,是,
2026-05-25 13:34:29,1_1_0004,28,104,否,否,是,
2026-05-25 13:34:42,1_1_0002,28,104,否,否,是,
2026-05-25 13:34:54,1_1_0001,28,104,否,否,是,
2026-05-25 13:35:26,1_1_0010,28,104,否,否,是,
2026-05-25 13:35:28,1_1_0008,28,104,否,否,是,
2026-05-25 13:35:32,1_1_0005,28,104,否,否,是,
2026-05-25 13:35:53,1_1_0009,0,0,否,否,否,2
2026-05-25 13:36:00,1_1_0007,28,104,否,否,是,
2026-05-25 13:36:08,1_1_0003,28,104,否,否,是,
2026-05-25 13:36:19,1_1_0006,28,104,否,否,是,
2026-05-25 13:36:27,1_1_0004,28,104,否,否,是,
2026-05-25 13:36:40,1_1_0002,28,104,否,否,是,
2026-05-25 13:36:50,1_1_0001,28,104,否,否,是,
2026-05-25 13:37:22,1_1_0010,28,104,否,否,是,
2026-05-25 13:37:23,1_1_0008,28,104,否,否,是,
2026-05-25 13:37:28,1_1_0005,28,104,否,否,是,
2026-05-25 13:37:32,1_1_0009,28,104,否,否,是,
2026-05-25 13:37:39,1_1_0007,28,104,否,否,是,
2026-05-25 13:37:52,1_1_0003,28,104,否,否,是,
2026-05-25 13:38:00,1_1_0006,28,104,否,否,是,
2026-05-25 13:38:12,1_1_0004,28,104,否,否,是,
2026-05-25 13:38:24,1_1_0002,28,104,否,否,是,
2026-05-25 13:38:36,1_1_0001,28,104,否,否,是,
2026-05-25 13:39:08,1_1_0010,28,104,否,否,是,
2026-05-25 13:39:09,1_1_0008,28,104,否,否,是,
2026-05-25 13:39:15,1_1_0005,28,104,否,否,是,
2026-05-25 13:39:24,1_1_0009,28,104,否,否,是,
2026-05-25 13:39:44,1_1_0007,0,0,否,否,否,2
2026-05-25 13:39:50,1_1_0003,28,104,否,否,是,
2026-05-25 13:40:01,1_1_0006,28,104,否,否,是,
2026-05-25 13:40:13,1_1_0004,28,104,否,否,是,
2026-05-25 13:40:26,1_1_0002,28,104,否,否,是,
2026-05-25 13:40:40,1_1_0001,28,104,否,否,是,
2026-05-25 13:41:12,1_1_0010,28,104,否,否,是,
2026-05-25 13:41:13,1_1_0008,28,104,否,否,是,
2026-05-25 13:41:18,1_1_0005,28,104,否,否,是,
2026-05-25 13:41:22,1_1_0009,28,104,否,否,是,
2026-05-25 13:41:30,1_1_0007,28,104,否,否,是,
2026-05-25 13:41:37,1_1_0003,28,104,否,否,是,
2026-05-25 13:41:47,1_1_0006,28,104,否,否,是,
2026-05-25 13:41:57,1_1_0004,28,104,否,否,是,
2026-05-25 13:42:08,1_1_0002,28,104,否,否,是,
2026-05-25 13:42:18,1_1_0001,28,104,否,否,是,
2026-05-25 13:42:52,1_1_0010,28,104,否,否,是,
2026-05-25 13:42:53,1_1_0008,28,104,否,否,是,
2026-05-25 13:42:59,1_1_0005,28,104,否,否,是,
2026-05-25 13:43:03,1_1_0009,28,104,否,否,是,
2026-05-25 13:43:09,1_1_0007,28,104,否,否,是,
2026-05-25 13:43:16,1_1_0003,28,104,否,否,是,
2026-05-25 13:43:26,1_1_0006,28,104,否,否,是,
2026-05-25 13:43:36,1_1_0004,28,104,否,否,是,
2026-05-25 13:43:46,1_1_0002,28,104,否,否,是,
2026-05-25 13:43:58,1_1_0001,28,104,否,否,是,
2026-05-25 13:44:30,1_1_0010,28,104,否,否,是,
2026-05-25 13:44:31,1_1_0008,28,104,否,否,是,
2026-05-25 13:44:35,1_1_0005,28,104,否,否,是,
2026-05-25 13:44:39,1_1_0009,28,104,否,否,是,
2026-05-25 13:44:47,1_1_0007,28,104,否,否,是,
2026-05-25 13:44:56,1_1_0003,28,104,否,否,是,
2026-05-25 13:45:05,1_1_0006,28,104,否,否,是,
2026-05-25 13:45:14,1_1_0004,28,104,否,否,是,
2026-05-25 13:45:25,1_1_0002,28,104,否,否,是,
2026-05-25 13:45:36,1_1_0001,28,104,否,否,是,
2026-05-25 13:46:14,1_1_0010,28,104,否,否,是,
2026-05-25 13:46:15,1_1_0008,28,104,否,否,是,
2026-05-25 13:46:20,1_1_0005,28,104,否,否,是,
2026-05-25 13:46:23,1_1_0009,28,104,否,否,是,
2026-05-25 13:46:29,1_1_0007,28,104,否,否,是,
2026-05-25 13:46:37,1_1_0003,28,104,否,否,是,
2026-05-25 13:46:47,1_1_0006,28,104,否,否,是,
2026-05-25 13:46:59,1_1_0004,28,104,否,否,是,
2026-05-25 13:47:11,1_1_0002,28,104,否,否,是,
2026-05-25 13:47:24,1_1_0001,28,104,否,否,是,
2026-05-25 13:47:56,1_1_0010,28,104,否,否,是,
2026-05-25 13:47:57,1_1_0008,28,104,否,否,是,
2026-05-25 13:48:04,1_1_0005,28,104,否,否,是,
2026-05-25 13:48:07,1_1_0009,28,104,否,否,是,
2026-05-25 13:48:16,1_1_0007,28,104,否,否,是,
2026-05-25 13:48:23,1_1_0003,28,104,否,否,是,
2026-05-25 13:48:30,1_1_0006,28,104,否,否,是,
2026-05-25 13:48:45,1_1_0004,28,104,否,否,是,
2026-05-25 13:48:58,1_1_0002,28,104,否,否,是,
2026-05-25 13:49:12,1_1_0001,28,104,否,否,是,
2026-05-25 13:49:43,1_1_0010,28,104,否,否,是,
2026-05-25 13:49:44,1_1_0008,28,104,否,否,是,
2026-05-25 13:49:49,1_1_0005,28,104,否,否,是,
2026-05-25 13:49:53,1_1_0009,28,104,否,否,是,
2026-05-25 13:50:00,1_1_0007,28,104,否,否,是,
2026-05-25 13:50:10,1_1_0003,28,104,否,否,是,
2026-05-25 13:50:20,1_1_0006,28,104,否,否,是,
2026-05-25 13:50:29,1_1_0004,28,104,否,否,是,
2026-05-25 13:50:41,1_1_0002,28,104,否,否,是,
2026-05-25 13:50:53,1_1_0001,28,104,否,否,是,
2026-05-25 13:51:25,1_1_0010,28,104,否,否,是,
2026-05-25 13:51:26,1_1_0008,28,104,否,否,是,
2026-05-25 13:51:32,1_1_0005,28,104,否,否,是,
2026-05-25 13:51:35,1_1_0009,28,104,否,否,是,
2026-05-25 13:51:40,1_1_0007,28,104,否,否,是,
2026-05-25 13:51:46,1_1_0003,28,104,否,否,是,
2026-05-25 13:51:55,1_1_0006,28,104,否,否,是,
2026-05-25 13:52:04,1_1_0004,28,104,否,否,是,
2026-05-25 13:52:18,1_1_0002,28,104,否,否,是,
2026-05-25 13:52:28,1_1_0001,28,104,否,否,是,
2026-05-25 13:53:00,1_1_0010,28,104,否,否,是,
2026-05-25 13:53:01,1_1_0008,28,104,否,否,是,
2026-05-25 13:53:06,1_1_0005,28,104,否,否,是,
2026-05-25 13:53:10,1_1_0009,28,104,否,否,是,
2026-05-25 13:53:18,1_1_0007,28,104,否,否,是,
2026-05-25 13:53:25,1_1_0003,28,104,否,否,是,
2026-05-25 13:53:35,1_1_0006,28,104,否,否,是,
2026-05-25 13:53:48,1_1_0004,28,104,否,否,是,
2026-05-25 13:54:04,1_1_0002,28,104,否,否,是,
2026-05-25 13:54:14,1_1_0001,28,104,否,否,是,
2026-05-25 13:54:45,1_1_0010,28,104,否,否,是,
2026-05-25 13:54:47,1_1_0008,28,104,否,否,是,
2026-05-25 13:54:53,1_1_0005,28,104,否,否,是,
2026-05-25 13:55:00,1_1_0009,28,104,否,否,是,
2026-05-25 13:55:07,1_1_0007,28,104,否,否,是,
2026-05-25 13:55:13,1_1_0003,28,104,否,否,是,
2026-05-25 13:55:20,1_1_0006,28,104,否,否,是,
2026-05-25 13:55:30,1_1_0004,28,104,否,否,是,
2026-05-25 13:55:41,1_1_0002,28,104,否,否,是,
2026-05-25 13:55:53,1_1_0001,28,104,否,否,是,
2026-05-25 13:56:26,1_1_0010,28,104,否,否,是,
2026-05-25 13:56:27,1_1_0008,28,104,否,否,是,
2026-05-25 13:56:33,1_1_0005,28,104,否,否,是,
2026-05-25 13:56:36,1_1_0009,28,104,否,否,是,
2026-05-25 13:56:42,1_1_0007,28,104,否,否,是,
2026-05-25 13:56:50,1_1_0003,28,104,否,否,是,
2026-05-25 13:56:57,1_1_0006,28,104,否,否,是,
2026-05-25 13:57:13,1_1_0004,28,104,否,否,是,
2026-05-25 13:57:29,1_1_0002,28,104,否,否,是,
2026-05-25 13:57:40,1_1_0001,28,104,否,否,是,
2026-05-25 13:58:13,1_1_0010,28,104,否,否,是,
2026-05-25 13:58:14,1_1_0008,28,104,否,否,是,
2026-05-25 13:58:19,1_1_0005,28,104,否,否,是,
2026-05-25 13:58:23,1_1_0009,28,104,否,否,是,
2026-05-25 13:58:29,1_1_0007,28,104,否,否,是,
2026-05-25 13:58:38,1_1_0003,28,104,否,否,是,
2026-05-25 13:58:50,1_1_0006,28,104,否,否,是,
2026-05-25 13:59:02,1_1_0004,28,104,否,否,是,
2026-05-25 13:59:13,1_1_0002,28,104,否,否,是,
2026-05-25 13:59:25,1_1_0001,28,104,否,否,是,
2026-05-25 13:59:57,1_1_0010,28,104,否,否,是,
2026-05-25 13:59:58,1_1_0008,28,104,否,否,是,
2026-05-25 14:00:04,1_1_0005,28,104,否,否,是,
2026-05-25 14:00:13,1_1_0009,28,104,否,否,是,
2026-05-25 14:00:20,1_1_0007,28,104,否,否,是,
2026-05-25 14:00:28,1_1_0003,28,104,否,否,是,
2026-05-25 14:00:34,1_1_0006,28,104,否,否,是,
2026-05-25 14:00:46,1_1_0004,28,104,否,否,是,
2026-05-25 14:01:00,1_1_0002,28,104,否,否,是,
2026-05-25 14:01:14,1_1_0001,28,104,否,否,是,
2026-05-25 14:01:47,1_1_0010,28,104,否,否,是,
2026-05-25 14:01:48,1_1_0008,28,104,否,否,是,
2026-05-25 14:01:55,1_1_0005,28,104,否,否,是,
2026-05-25 14:02:01,1_1_0009,28,104,否,否,是,
2026-05-25 14:02:08,1_1_0007,28,104,否,否,是,
2026-05-25 14:02:18,1_1_0003,28,104,否,否,是,
2026-05-25 14:02:31,1_1_0006,28,104,否,否,是,
2026-05-25 14:02:39,1_1_0004,28,104,否,否,是,
2026-05-25 14:02:51,1_1_0002,28,104,否,否,是,
2026-05-25 14:03:06,1_1_0001,28,104,否,否,是,
2026-05-25 14:03:40,1_1_0010,28,104,否,否,是,
2026-05-25 14:03:41,1_1_0008,28,104,否,否,是,
2026-05-25 14:03:49,1_1_0005,28,104,否,否,是,
2026-05-25 14:03:53,1_1_0009,28,104,否,否,是,
2026-05-25 14:04:02,1_1_0007,28,104,否,否,是,
2026-05-25 14:04:13,1_1_0003,28,104,否,否,是,
2026-05-25 14:04:21,1_1_0006,28,104,否,否,是,
2026-05-25 14:04:42,1_1_0004,0,0,否,否,否,2
2026-05-25 14:04:55,1_1_0002,28,104,否,否,是,
2026-05-25 14:05:05,1_1_0001,28,104,否,否,是,
2026-05-25 14:05:37,1_1_0010,28,104,否,否,是,
2026-05-25 14:05:38,1_1_0008,28,104,否,否,是,
2026-05-25 14:05:43,1_1_0005,28,104,否,否,是,
2026-05-25 14:05:46,1_1_0009,28,104,否,否,是,
2026-05-25 14:05:54,1_1_0007,28,104,否,否,是,
2026-05-25 14:06:04,1_1_0003,28,104,否,否,是,
2026-05-25 14:06:14,1_1_0006,28,104,否,否,是,
2026-05-25 14:06:25,1_1_0004,28,104,否,否,是,
2026-05-25 14:06:40,1_1_0002,28,104,否,否,是,
2026-05-25 14:06:52,1_1_0001,28,104,否,否,是,
2026-05-25 14:07:24,1_1_0010,28,104,否,否,是,
2026-05-25 14:07:26,1_1_0008,28,104,否,否,是,
2026-05-25 14:07:32,1_1_0005,28,104,否,否,是,
2026-05-25 14:07:40,1_1_0009,28,104,否,否,是,
2026-05-25 14:07:49,1_1_0007,28,104,否,否,是,
2026-05-25 14:07:56,1_1_0003,28,104,否,否,是,
2026-05-25 14:08:06,1_1_0006,28,104,否,否,是,
2026-05-25 14:08:18,1_1_0004,28,104,否,否,是,
2026-05-25 14:08:31,1_1_0002,28,104,否,否,是,
2026-05-25 14:08:45,1_1_0001,28,104,否,否,是,
2026-05-25 14:09:17,1_1_0010,28,104,否,否,是,
2026-05-25 14:09:18,1_1_0008,28,104,否,否,是,
2026-05-25 14:09:23,1_1_0005,28,104,否,否,是,
2026-05-25 14:09:27,1_1_0009,28,104,否,否,是,
2026-05-25 14:09:37,1_1_0007,28,104,否,否,是,
2026-05-25 14:09:44,1_1_0003,28,104,否,否,是,
2026-05-25 14:09:53,1_1_0006,28,104,否,否,是,
2026-05-25 14:10:03,1_1_0004,28,104,否,否,是,
2026-05-25 14:10:14,1_1_0002,28,104,否,否,是,
2026-05-25 14:10:25,1_1_0001,28,104,否,否,是,
2026-05-25 14:10:56,1_1_0010,28,104,否,否,是,
2026-05-25 14:10:57,1_1_0008,28,104,否,否,是,
2026-05-25 14:11:04,1_1_0005,28,104,否,否,是,
2026-05-25 14:11:08,1_1_0009,28,104,否,否,是,
2026-05-25 14:11:15,1_1_0007,28,104,否,否,是,
2026-05-25 14:11:26,1_1_0003,28,104,否,否,是,
2026-05-25 14:11:37,1_1_0006,28,104,否,否,是,
2026-05-25 14:11:46,1_1_0004,28,104,否,否,是,
2026-05-25 14:11:58,1_1_0002,28,104,否,否,是,
2026-05-25 14:12:11,1_1_0001,28,104,否,否,是,
2026-05-25 14:12:44,1_1_0010,28,104,否,否,是,
2026-05-25 14:12:46,1_1_0008,28,104,否,否,是,
2026-05-25 14:12:53,1_1_0005,28,104,否,否,是,
2026-05-25 14:12:56,1_1_0009,28,104,否,否,是,
2026-05-25 14:13:02,1_1_0007,28,104,否,否,是,
2026-05-25 14:13:12,1_1_0003,28,104,否,否,是,
2026-05-25 14:13:25,1_1_0006,28,104,否,否,是,
2026-05-25 14:13:34,1_1_0004,28,104,否,否,是,
2026-05-25 14:13:43,1_1_0002,28,104,否,否,是,
2026-05-25 14:13:56,1_1_0001,28,104,否,否,是,
2026-05-25 14:14:28,1_1_0010,28,104,否,否,是,
2026-05-25 14:14:30,1_1_0008,28,104,否,否,是,
2026-05-25 14:14:37,1_1_0005,28,104,否,否,是,
2026-05-25 14:14:43,1_1_0009,28,104,否,否,是,
2026-05-25 14:14:50,1_1_0007,28,104,否,否,是,
2026-05-25 14:15:00,1_1_0003,28,104,否,否,是,
2026-05-25 14:15:10,1_1_0006,28,104,否,否,是,
2026-05-25 14:15:20,1_1_0004,28,104,否,否,是,
2026-05-25 14:15:32,1_1_0002,28,104,否,否,是,
2026-05-25 14:15:45,1_1_0001,28,104,否,否,是,
2026-05-25 14:16:16,1_1_0010,28,104,否,否,是,
2026-05-25 14:16:18,1_1_0008,28,104,否,否,是,
2026-05-25 14:16:25,1_1_0005,28,104,否,否,是,
2026-05-25 14:16:28,1_1_0009,28,104,否,否,是,
2026-05-25 14:16:37,1_1_0007,28,104,否,否,是,
2026-05-25 14:16:44,1_1_0003,28,104,否,否,是,
2026-05-25 14:16:54,1_1_0006,28,104,否,否,是,
2026-05-25 14:17:04,1_1_0004,28,104,否,否,是,
2026-05-25 14:17:18,1_1_0002,28,104,否,否,是,
2026-05-25 14:17:31,1_1_0001,28,104,否,否,是,
2026-05-25 14:18:03,1_1_0010,28,104,否,否,是,
2026-05-25 14:18:04,1_1_0008,28,104,否,否,是,
2026-05-25 14:18:10,1_1_0005,28,104,否,否,是,
2026-05-25 14:18:13,1_1_0009,28,104,否,否,是,
2026-05-25 14:18:20,1_1_0007,28,104,否,否,是,
2026-05-25 14:18:28,1_1_0003,28,104,否,否,是,
2026-05-25 14:18:38,1_1_0006,28,104,否,否,是,
2026-05-25 14:18:48,1_1_0004,28,104,否,否,是,
2026-05-25 14:19:03,1_1_0002,28,104,否,否,是,
2026-05-25 14:19:14,1_1_0001,28,104,否,否,是,
2026-05-25 14:19:46,1_1_0010,28,104,否,否,是,
2026-05-25 14:19:48,1_1_0008,28,104,否,否,是,
2026-05-25 14:19:55,1_1_0005,28,104,否,否,是,
2026-05-25 14:20:16,1_1_0009,0,0,否,否,否,2
2026-05-25 14:20:21,1_1_0007,28,104,否,否,是,
2026-05-25 14:20:29,1_1_0003,28,104,否,否,是,
2026-05-25 14:20:40,1_1_0006,28,104,否,否,是,
2026-05-25 14:20:51,1_1_0004,28,104,否,否,是,
2026-05-25 14:21:02,1_1_0002,28,104,否,否,是,
2026-05-25 14:21:13,1_1_0001,28,104,否,否,是,
2026-05-25 14:21:44,1_1_0010,28,104,否,否,是,
2026-05-25 14:21:46,1_1_0008,28,104,否,否,是,
2026-05-25 14:21:52,1_1_0005,28,104,否,否,是,
2026-05-25 14:21:56,1_1_0009,28,104,否,否,是,
2026-05-25 14:22:06,1_1_0007,28,104,否,否,是,
2026-05-25 14:22:15,1_1_0003,28,104,否,否,是,
2026-05-25 14:22:24,1_1_0006,28,104,否,否,是,
2026-05-25 14:22:34,1_1_0004,28,104,否,否,是,
2026-05-25 14:22:46,1_1_0002,28,104,否,否,是,
2026-05-25 14:22:59,1_1_0001,28,104,否,否,是,
2026-05-25 14:23:31,1_1_0010,28,104,否,否,是,
2026-05-25 14:23:32,1_1_0008,28,104,否,否,是,
2026-05-25 14:23:37,1_1_0005,28,104,否,否,是,
2026-05-25 14:23:40,1_1_0009,28,104,否,否,是,
2026-05-25 14:23:49,1_1_0007,28,104,否,否,是,
2026-05-25 14:24:00,1_1_0003,28,104,否,否,是,
2026-05-25 14:24:10,1_1_0006,28,104,否,否,是,
2026-05-25 14:24:20,1_1_0004,28,104,否,否,是,
2026-05-25 14:24:29,1_1_0002,28,104,否,否,是,
2026-05-25 14:24:39,1_1_0001,28,104,否,否,是,
2026-05-25 14:25:12,1_1_0010,28,104,否,否,是,
2026-05-25 14:25:13,1_1_0008,28,104,否,否,是,
2026-05-25 14:25:18,1_1_0005,28,104,否,否,是,
2026-05-25 14:25:21,1_1_0009,28,104,否,否,是,
2026-05-25 14:25:30,1_1_0007,28,104,否,否,是,
2026-05-25 14:25:41,1_1_0003,28,104,否,否,是,
2026-05-25 14:25:52,1_1_0006,28,104,否,否,是,
2026-05-25 14:26:02,1_1_0004,28,104,否,否,是,
2026-05-25 14:26:14,1_1_0002,28,104,否,否,是,
2026-05-25 14:26:27,1_1_0001,28,104,否,否,是,
2026-05-25 14:27:00,1_1_0010,28,104,否,否,是,
2026-05-25 14:27:02,1_1_0008,28,104,否,否,是,
2026-05-25 14:27:07,1_1_0005,28,104,否,否,是,
2026-05-25 14:27:11,1_1_0009,28,104,否,否,是,
2026-05-25 14:27:20,1_1_0007,28,104,否,否,是,
2026-05-25 14:27:29,1_1_0003,28,104,否,否,是,
2026-05-25 14:27:37,1_1_0006,28,104,否,否,是,
2026-05-25 14:27:51,1_1_0004,28,104,否,否,是,
2026-05-25 14:28:05,1_1_0002,28,104,否,否,是,
2026-05-25 14:28:14,1_1_0001,28,104,否,否,是,
2026-05-25 14:28:46,1_1_0010,28,104,否,否,是,
2026-05-25 14:28:47,1_1_0008,28,104,否,否,是,
2026-05-25 14:28:55,1_1_0005,28,104,否,否,是,
2026-05-25 14:28:58,1_1_0009,28,104,否,否,是,
2026-05-25 14:29:05,1_1_0007,28,104,否,否,是,
2026-05-25 14:29:13,1_1_0003,28,104,否,否,是,
2026-05-25 14:29:21,1_1_0006,28,104,否,否,是,
2026-05-25 14:29:30,1_1_0004,28,104,否,否,是,
2026-05-25 14:29:41,1_1_0002,28,104,否,否,是,
2026-05-25 14:29:56,1_1_0001,28,104,否,否,是,
2026-05-25 14:30:28,1_1_0010,28,104,否,否,是,
2026-05-25 14:30:29,1_1_0008,28,104,否,否,是,
2026-05-25 14:30:36,1_1_0005,28,104,否,否,是,
2026-05-25 14:30:42,1_1_0009,28,104,否,否,是,
2026-05-25 14:30:47,1_1_0007,28,104,否,否,是,
2026-05-25 14:30:55,1_1_0003,28,104,否,否,是,
2026-05-25 14:31:02,1_1_0006,28,104,否,否,是,
2026-05-25 14:31:13,1_1_0004,28,104,否,否,是,
2026-05-25 14:31:25,1_1_0002,28,104,否,否,是,
2026-05-25 14:31:36,1_1_0001,28,104,否,否,是,
2026-05-25 14:32:08,1_1_0010,28,104,否,否,是,
2026-05-25 14:32:10,1_1_0008,28,104,否,否,是,
2026-05-25 14:32:15,1_1_0005,28,104,否,否,是,
2026-05-25 14:32:18,1_1_0009,28,104,否,否,是,
2026-05-25 14:32:22,1_1_0007,28,104,否,否,是,
2026-05-25 14:32:33,1_1_0003,28,104,否,否,是,
2026-05-25 14:32:41,1_1_0006,28,104,否,否,是,
2026-05-25 14:32:51,1_1_0004,28,104,否,否,是,
2026-05-25 14:33:05,1_1_0002,28,104,否,否,是,
2026-05-25 14:33:18,1_1_0001,28,104,否,否,是,
2026-05-25 14:33:52,1_1_0010,28,104,否,否,是,
2026-05-25 14:33:53,1_1_0008,28,104,否,否,是,
2026-05-25 14:33:59,1_1_0005,28,104,否,否,是,
2026-05-25 14:34:03,1_1_0009,28,104,否,否,是,
2026-05-25 14:34:13,1_1_0007,28,104,否,否,是,
2026-05-25 14:34:22,1_1_0003,28,104,否,否,是,
2026-05-25 14:34:33,1_1_0006,28,104,否,否,是,
2026-05-25 14:34:46,1_1_0004,28,104,否,否,是,
2026-05-25 14:35:00,1_1_0002,28,104,否,否,是,
2026-05-25 14:35:13,1_1_0001,28,104,否,否,是,
2026-05-25 14:35:44,1_1_0010,28,104,否,否,是,
2026-05-25 14:35:46,1_1_0008,28,104,否,否,是,
2026-05-25 14:35:52,1_1_0005,28,104,否,否,是,
2026-05-25 14:35:59,1_1_0009,28,104,否,否,是,
2026-05-25 14:36:07,1_1_0007,28,104,否,否,是,
2026-05-25 14:36:15,1_1_0003,28,104,否,否,是,
2026-05-25 14:36:27,1_1_0006,28,104,否,否,是,
2026-05-25 14:36:38,1_1_0004,28,104,否,否,是,
2026-05-25 14:36:51,1_1_0002,28,104,否,否,是,
2026-05-25 14:37:09,1_1_0001,28,104,否,否,是,
2026-05-25 14:37:43,1_1_0010,28,104,否,否,是,
2026-05-25 14:37:44,1_1_0008,28,104,否,否,是,
2026-05-25 14:37:49,1_1_0005,28,104,否,否,是,
2026-05-25 14:37:54,1_1_0009,28,104,否,否,是,
2026-05-25 14:37:59,1_1_0007,28,104,否,否,是,
2026-05-25 14:38:10,1_1_0003,28,104,否,否,是,
2026-05-25 14:38:19,1_1_0006,28,104,否,否,是,
2026-05-25 14:38:30,1_1_0004,28,104,否,否,是,
2026-05-25 14:38:45,1_1_0002,28,104,否,否,是,
2026-05-25 14:38:55,1_1_0001,28,104,否,否,是,
2026-05-25 14:39:26,1_1_0010,28,104,否,否,是,
2026-05-25 14:39:27,1_1_0008,28,104,否,否,是,
2026-05-25 14:39:37,1_1_0005,28,104,否,否,是,
2026-05-25 14:39:41,1_1_0009,28,104,否,否,是,
2026-05-25 14:39:49,1_1_0007,28,104,否,否,是,
2026-05-25 14:39:58,1_1_0003,28,104,否,否,是,
2026-05-25 14:40:07,1_1_0006,28,104,否,否,是,
2026-05-25 14:40:20,1_1_0004,28,104,否,否,是,
2026-05-25 14:40:33,1_1_0002,28,104,否,否,是,
2026-05-25 14:40:54,1_1_0001,0,0,否,否,否,2
2026-05-25 14:41:26,1_1_0010,28,104,否,否,是,
2026-05-25 14:41:27,1_1_0008,28,104,否,否,是,
2026-05-25 14:41:32,1_1_0005,28,104,否,否,是,
2026-05-25 14:41:37,1_1_0009,28,104,否,否,是,
2026-05-25 14:41:44,1_1_0007,28,104,否,否,是,
2026-05-25 14:41:54,1_1_0003,28,104,否,否,是,
2026-05-25 14:42:01,1_1_0006,28,104,否,否,是,
2026-05-25 14:42:15,1_1_0004,28,104,否,否,是,
2026-05-25 14:42:30,1_1_0002,28,104,否,否,是,
2026-05-25 14:42:42,1_1_0001,28,104,否,否,是,
2026-05-25 14:43:16,1_1_0010,28,104,否,否,是,
2026-05-25 14:43:17,1_1_0008,28,104,否,否,是,
2026-05-25 14:43:22,1_1_0005,28,104,否,否,是,
2026-05-25 14:43:25,1_1_0009,28,104,否,否,是,
2026-05-25 14:43:33,1_1_0007,28,104,否,否,是,
2026-05-25 14:43:43,1_1_0003,28,104,否,否,是,
2026-05-25 14:43:52,1_1_0006,28,104,否,否,是,
2026-05-25 14:44:03,1_1_0004,28,104,否,否,是,
2026-05-25 14:44:15,1_1_0002,28,104,否,否,是,
2026-05-25 14:44:25,1_1_0001,28,104,否,否,是,
2026-05-25 14:44:58,1_1_0010,28,104,否,否,是,
2026-05-25 14:44:59,1_1_0008,28,104,否,否,是,
2026-05-25 14:45:06,1_1_0005,28,104,否,否,是,
2026-05-25 14:45:11,1_1_0009,28,104,否,否,是,
2026-05-25 14:45:18,1_1_0007,28,104,否,否,是,
2026-05-25 14:45:26,1_1_0003,28,104,否,否,是,
2026-05-25 14:45:37,1_1_0006,28,104,否,否,是,
2026-05-25 14:45:49,1_1_0004,28,104,否,否,是,
2026-05-25 14:46:02,1_1_0002,28,104,否,否,是,
2026-05-25 14:46:13,1_1_0001,28,104,否,否,是,
2026-05-25 14:46:44,1_1_0010,28,104,否,否,是,
2026-05-25 14:46:46,1_1_0008,28,104,否,否,是,
2026-05-25 14:46:51,1_1_0005,28,104,否,否,是,
2026-05-25 14:46:55,1_1_0009,28,104,否,否,是,
2026-05-25 14:47:02,1_1_0007,28,104,否,否,是,
2026-05-25 14:47:10,1_1_0003,28,104,否,否,是,
2026-05-25 14:47:18,1_1_0006,28,104,否,否,是,
2026-05-25 14:47:31,1_1_0004,28,104,否,否,是,
2026-05-25 14:47:44,1_1_0002,28,104,否,否,是,
2026-05-25 14:48:00,1_1_0001,28,104,否,否,是,
2026-05-25 14:48:31,1_1_0010,28,104,否,否,是,
2026-05-25 14:48:32,1_1_0008,28,104,否,否,是,
2026-05-25 14:48:39,1_1_0005,28,104,否,否,是,
2026-05-25 14:48:42,1_1_0009,28,104,否,否,是,
2026-05-25 14:48:51,1_1_0007,28,104,否,否,是,
2026-05-25 14:48:59,1_1_0003,28,104,否,否,是,
2026-05-25 14:49:09,1_1_0006,28,104,否,否,是,
2026-05-25 14:49:23,1_1_0004,28,104,否,否,是,
2026-05-25 14:49:34,1_1_0002,28,104,否,否,是,
2026-05-25 14:49:48,1_1_0001,28,104,否,否,是,
2026-05-25 14:50:20,1_1_0010,28,104,否,否,是,
2026-05-25 14:50:21,1_1_0008,28,104,否,否,是,
2026-05-25 14:50:30,1_1_0005,28,104,否,否,是,
2026-05-25 14:50:39,1_1_0009,28,104,否,否,是,
2026-05-25 14:50:47,1_1_0007,28,104,否,否,是,
2026-05-25 14:50:56,1_1_0003,28,104,否,否,是,
2026-05-25 14:51:05,1_1_0006,28,104,否,否,是,
2026-05-25 14:51:14,1_1_0004,28,104,否,否,是,
2026-05-25 14:51:25,1_1_0002,28,104,否,否,是,
2026-05-25 14:51:38,1_1_0001,28,104,否,否,是,
2026-05-25 14:52:10,1_1_0010,28,104,否,否,是,
2026-05-25 14:52:12,1_1_0008,28,104,否,否,是,
2026-05-25 14:52:18,1_1_0005,28,104,否,否,是,
2026-05-25 14:52:21,1_1_0009,28,104,否,否,是,
2026-05-25 14:52:26,1_1_0007,28,104,否,否,是,
2026-05-25 14:52:37,1_1_0003,28,104,否,否,是,
2026-05-25 14:52:47,1_1_0006,28,104,否,否,是,
2026-05-25 14:52:58,1_1_0004,28,104,否,否,是,
2026-05-25 14:53:10,1_1_0002,28,104,否,否,是,
2026-05-25 14:53:20,1_1_0001,28,104,否,否,是,
2026-05-25 14:53:51,1_1_0010,28,104,否,否,是,
2026-05-25 14:53:52,1_1_0008,28,104,否,否,是,
2026-05-25 14:53:56,1_1_0005,28,104,否,否,是,
2026-05-25 14:54:00,1_1_0009,28,104,否,否,是,
2026-05-25 14:54:07,1_1_0007,28,104,否,否,是,
2026-05-25 14:54:17,1_1_0003,28,104,否,否,是,
2026-05-25 14:54:26,1_1_0006,28,104,否,否,是,
2026-05-25 14:54:36,1_1_0004,28,104,否,否,是,
2026-05-25 14:54:50,1_1_0002,28,104,否,否,是,
2026-05-25 14:55:03,1_1_0001,28,104,否,否,是,
2026-05-25 14:55:34,1_1_0010,28,104,否,否,是,
2026-05-25 14:55:35,1_1_0008,28,104,否,否,是,
2026-05-25 14:55:41,1_1_0005,28,104,否,否,是,
2026-05-25 14:55:49,1_1_0009,28,104,否,否,是,
2026-05-25 14:55:58,1_1_0007,28,104,否,否,是,
2026-05-25 14:56:06,1_1_0003,28,104,否,否,是,
2026-05-25 14:56:15,1_1_0006,28,104,否,否,是,
2026-05-25 14:56:24,1_1_0004,28,104,否,否,是,
2026-05-25 14:56:36,1_1_0002,28,104,否,否,是,
2026-05-25 14:56:46,1_1_0001,28,104,否,否,是,
2026-05-25 14:57:18,1_1_0010,28,104,否,否,是,
2026-05-25 14:57:20,1_1_0008,28,104,否,否,是,
2026-05-25 14:57:25,1_1_0005,28,104,否,否,是,
2026-05-25 14:57:29,1_1_0009,28,104,否,否,是,
2026-05-25 14:57:35,1_1_0007,28,104,否,否,是,
2026-05-25 14:57:44,1_1_0003,28,104,否,否,是,
2026-05-25 14:57:56,1_1_0006,28,104,否,否,是,
2026-05-25 14:58:05,1_1_0004,28,104,否,否,是,
2026-05-25 14:58:17,1_1_0002,28,104,否,否,是,
2026-05-25 14:58:29,1_1_0001,28,104,否,否,是,
2026-05-25 14:59:01,1_1_0010,28,104,否,否,是,
2026-05-25 14:59:02,1_1_0008,28,104,否,否,是,
2026-05-25 14:59:11,1_1_0005,28,104,否,否,是,
2026-05-25 14:59:19,1_1_0009,28,104,否,否,是,
2026-05-25 14:59:26,1_1_0007,28,104,否,否,是,
2026-05-25 14:59:33,1_1_0003,28,104,否,否,是,
2026-05-25 14:59:42,1_1_0006,28,104,否,否,是,
2026-05-25 14:59:55,1_1_0004,28,104,否,否,是,
2026-05-25 15:00:11,1_1_0002,28,104,否,否,是,
2026-05-25 15:00:24,1_1_0001,28,104,否,否,是,
2026-05-25 15:00:56,1_1_0010,28,104,否,否,是,
2026-05-25 15:00:58,1_1_0008,28,104,否,否,是,
2026-05-25 15:01:02,1_1_0005,28,104,否,否,是,
2026-05-25 15:01:06,1_1_0009,28,104,否,否,是,
2026-05-25 15:01:14,1_1_0007,28,104,否,否,是,
2026-05-25 15:01:28,1_1_0003,28,104,否,否,是,
2026-05-25 15:01:39,1_1_0006,28,104,否,否,是,
2026-05-25 15:01:48,1_1_0004,28,104,否,否,是,
2026-05-25 15:02:01,1_1_0002,28,104,否,否,是,
2026-05-25 15:02:13,1_1_0001,28,104,否,否,是,
2026-05-25 15:02:45,1_1_0010,28,104,否,否,是,
2026-05-25 15:02:46,1_1_0008,28,104,否,否,是,
2026-05-25 15:02:52,1_1_0005,28,104,否,否,是,
2026-05-25 15:02:56,1_1_0009,28,104,否,否,是,
2026-05-25 15:03:03,1_1_0007,28,104,否,否,是,
2026-05-25 15:03:12,1_1_0003,28,104,否,否,是,
2026-05-25 15:03:20,1_1_0006,28,104,否,否,是,
2026-05-25 15:03:31,1_1_0004,28,104,否,否,是,
2026-05-25 15:03:45,1_1_0002,28,104,否,否,是,
2026-05-25 15:03:56,1_1_0001,28,104,否,否,是,
2026-05-25 15:04:28,1_1_0010,28,104,否,否,是,
2026-05-25 15:04:29,1_1_0008,28,104,否,否,是,
2026-05-25 15:04:36,1_1_0005,28,104,否,否,是,
2026-05-25 15:04:41,1_1_0009,28,104,否,否,是,
2026-05-25 15:04:48,1_1_0007,28,104,否,否,是,
2026-05-25 15:04:56,1_1_0003,28,104,否,否,是,
2026-05-25 15:05:07,1_1_0006,28,104,否,否,是,
2026-05-25 15:05:17,1_1_0004,28,104,否,否,是,
2026-05-25 15:05:30,1_1_0002,28,104,否,否,是,
2026-05-25 15:05:47,1_1_0001,28,104,否,否,是,
2026-05-25 15:06:20,1_1_0010,28,104,否,否,是,
2026-05-25 15:06:21,1_1_0008,28,104,否,否,是,
2026-05-25 15:06:28,1_1_0005,28,104,否,否,是,
2026-05-25 15:06:30,1_1_0009,28,104,否,否,是,
2026-05-25 15:06:36,1_1_0007,28,104,否,否,是,
2026-05-25 15:06:43,1_1_0003,28,104,否,否,是,
2026-05-25 15:06:54,1_1_0006,28,104,否,否,是,
2026-05-25 15:07:04,1_1_0004,28,104,否,否,是,
2026-05-25 15:07:18,1_1_0002,28,104,否,否,是,
2026-05-25 15:07:28,1_1_0001,28,104,否,否,是,
2026-05-25 15:08:00,1_1_0010,28,104,否,否,是,
2026-05-25 15:08:01,1_1_0008,28,104,否,否,是,
2026-05-25 15:08:07,1_1_0005,28,104,否,否,是,
2026-05-25 15:08:12,1_1_0009,28,104,否,否,是,
2026-05-25 15:08:18,1_1_0007,28,104,否,否,是,
2026-05-25 15:08:25,1_1_0003,28,104,否,否,是,
2026-05-25 15:08:34,1_1_0006,28,104,否,否,是,
2026-05-25 15:08:43,1_1_0004,28,104,否,否,是,
2026-05-25 15:08:55,1_1_0002,28,104,否,否,是,
2026-05-25 15:09:06,1_1_0001,28,104,否,否,是,
2026-05-25 15:09:38,1_1_0010,28,104,否,否,是,
2026-05-25 15:09:39,1_1_0008,28,104,否,否,是,
2026-05-25 15:09:45,1_1_0005,28,104,否,否,是,
2026-05-25 15:09:52,1_1_0009,28,104,否,否,是,
2026-05-25 15:09:57,1_1_0007,28,104,否,否,是,
2026-05-25 15:10:04,1_1_0003,28,104,否,否,是,
2026-05-25 15:10:13,1_1_0006,28,104,否,否,是,
2026-05-25 15:10:25,1_1_0004,28,104,否,否,是,
2026-05-25 15:10:38,1_1_0002,28,104,否,否,是,
2026-05-25 15:10:53,1_1_0001,28,104,否,否,是,
2026-05-25 15:11:25,1_1_0010,28,104,否,否,是,
2026-05-25 15:11:26,1_1_0008,28,104,否,否,是,
2026-05-25 15:11:33,1_1_0005,28,104,否,否,是,
2026-05-25 15:11:38,1_1_0009,28,104,否,否,是,
2026-05-25 15:11:46,1_1_0007,28,104,否,否,是,
2026-05-25 15:11:57,1_1_0003,28,104,否,否,是,
2026-05-25 15:12:06,1_1_0006,28,104,否,否,是,
2026-05-25 15:12:20,1_1_0004,28,104,否,否,是,
2026-05-25 15:12:31,1_1_0002,28,104,否,否,是,
2026-05-25 15:12:44,1_1_0001,28,104,否,否,是,
2026-05-25 15:13:15,1_1_0010,28,104,否,否,是,
2026-05-25 15:13:17,1_1_0008,28,104,否,否,是,
2026-05-25 15:13:23,1_1_0005,28,104,否,否,是,
2026-05-25 15:13:27,1_1_0009,28,104,否,否,是,
2026-05-25 15:13:36,1_1_0007,28,104,否,否,是,
2026-05-25 15:13:44,1_1_0003,28,104,否,否,是,
2026-05-25 15:13:52,1_1_0006,28,104,否,否,是,
2026-05-25 15:14:06,1_1_0004,28,104,否,否,是,
2026-05-25 15:14:21,1_1_0002,28,104,否,否,是,
2026-05-25 15:14:34,1_1_0001,28,104,否,否,是,
2026-05-25 15:15:05,1_1_0010,28,104,否,否,是,
2026-05-25 15:15:06,1_1_0008,28,104,否,否,是,
2026-05-25 15:15:12,1_1_0005,28,104,否,否,是,
2026-05-25 15:15:16,1_1_0009,28,104,否,否,是,
2026-05-25 15:15:22,1_1_0007,28,104,否,否,是,
2026-05-25 15:15:31,1_1_0003,28,104,否,否,是,
2026-05-25 15:15:43,1_1_0006,28,104,否,否,是,
2026-05-25 15:15:55,1_1_0004,28,104,否,否,是,
2026-05-25 15:16:07,1_1_0002,28,104,否,否,是,
2026-05-25 15:16:21,1_1_0001,28,104,否,否,是,
2026-05-25 15:16:54,1_1_0010,28,104,否,否,是,
2026-05-25 15:16:55,1_1_0008,28,104,否,否,是,
2026-05-25 15:17:01,1_1_0005,28,104,否,否,是,
2026-05-25 15:17:07,1_1_0009,28,104,否,否,是,
2026-05-25 15:17:13,1_1_0007,28,104,否,否,是,
2026-05-25 15:17:25,1_1_0003,28,104,否,否,是,
2026-05-25 15:17:33,1_1_0006,28,104,否,否,是,
2026-05-25 15:17:45,1_1_0004,28,104,否,否,是,
2026-05-25 15:17:59,1_1_0002,28,104,否,否,是,
2026-05-25 15:18:13,1_1_0001,28,104,否,否,是,
2026-05-25 15:18:45,1_1_0010,28,104,否,否,是,
2026-05-25 15:18:46,1_1_0008,28,104,否,否,是,
2026-05-25 15:18:52,1_1_0005,28,104,否,否,是,
2026-05-25 15:18:55,1_1_0009,28,104,否,否,是,
2026-05-25 15:19:04,1_1_0007,28,104,否,否,是,
2026-05-25 15:19:13,1_1_0003,28,104,否,否,是,
2026-05-25 15:19:19,1_1_0006,28,104,否,否,是,
2026-05-25 15:19:31,1_1_0004,28,104,否,否,是,
2026-05-25 15:19:44,1_1_0002,28,104,否,否,是,
2026-05-25 15:19:56,1_1_0001,28,104,否,否,是,
2026-05-25 15:20:29,1_1_0010,28,104,否,否,是,
2026-05-25 15:20:30,1_1_0008,28,104,否,否,是,
2026-05-25 15:20:35,1_1_0005,28,104,否,否,是,
2026-05-25 15:20:39,1_1_0009,28,104,否,否,是,
2026-05-25 15:20:46,1_1_0007,28,104,否,否,是,
2026-05-25 15:20:56,1_1_0003,28,104,否,否,是,
2026-05-25 15:21:05,1_1_0006,28,104,否,否,是,
2026-05-25 15:21:16,1_1_0004,28,104,否,否,是,
2026-05-25 15:21:29,1_1_0002,28,104,否,否,是,
2026-05-25 15:21:40,1_1_0001,28,104,否,否,是,
2026-05-25 15:22:11,1_1_0010,28,104,否,否,是,
2026-05-25 15:22:13,1_1_0008,28,104,否,否,是,
2026-05-25 15:22:17,1_1_0005,28,104,否,否,是,
2026-05-25 15:22:22,1_1_0009,28,104,否,否,是,
2026-05-25 15:22:31,1_1_0007,28,104,否,否,是,
2026-05-25 15:22:40,1_1_0003,28,104,否,否,是,
2026-05-25 15:22:49,1_1_0006,28,104,否,否,是,
2026-05-25 15:22:59,1_1_0004,28,104,否,否,是,
2026-05-25 15:23:15,1_1_0002,28,104,否,否,是,
2026-05-25 15:23:27,1_1_0001,28,104,否,否,是,
2026-05-25 15:23:58,1_1_0010,28,104,否,否,是,
2026-05-25 15:23:59,1_1_0008,28,104,否,否,是,
2026-05-25 15:24:07,1_1_0005,28,104,否,否,是,
2026-05-25 15:24:11,1_1_0009,28,104,否,否,是,
2026-05-25 15:24:17,1_1_0007,28,104,否,否,是,
2026-05-25 15:24:25,1_1_0003,28,104,否,否,是,
2026-05-25 15:24:33,1_1_0006,28,104,否,否,是,
2026-05-25 15:24:43,1_1_0004,28,104,否,否,是,
2026-05-25 15:24:53,1_1_0002,28,104,否,否,是,
2026-05-25 15:25:06,1_1_0001,28,104,否,否,是,
2026-05-25 15:25:38,1_1_0010,28,104,否,否,是,
2026-05-25 15:25:39,1_1_0008,28,104,否,否,是,
2026-05-25 15:25:45,1_1_0005,28,104,否,否,是,
2026-05-25 15:25:52,1_1_0009,28,104,否,否,是,
2026-05-25 15:25:58,1_1_0007,28,104,否,否,是,
2026-05-25 15:26:07,1_1_0003,28,104,否,否,是,
2026-05-25 15:26:16,1_1_0006,28,104,否,否,是,
2026-05-25 15:26:27,1_1_0004,28,104,否,否,是,
2026-05-25 15:26:38,1_1_0002,28,104,否,否,是,
2026-05-25 15:26:48,1_1_0001,28,104,否,否,是,
2026-05-25 15:27:20,1_1_0010,28,104,否,否,是,
2026-05-25 15:27:22,1_1_0008,28,104,否,否,是,
2026-05-25 15:27:25,1_1_0005,28,104,否,否,是,
2026-05-25 15:27:36,1_1_0009,28,104,否,否,是,
2026-05-25 15:27:41,1_1_0007,28,104,否,否,是,
2026-05-25 15:27:50,1_1_0003,28,104,否,否,是,
2026-05-25 15:28:02,1_1_0006,28,104,否,否,是,
2026-05-25 15:28:13,1_1_0004,28,104,否,否,是,
2026-05-25 15:28:24,1_1_0002,28,104,否,否,是,
2026-05-25 15:28:33,1_1_0001,28,104,否,否,是,
2026-05-25 15:29:05,1_1_0010,28,104,否,否,是,
2026-05-25 15:29:06,1_1_0008,28,104,否,否,是,
2026-05-25 15:29:15,1_1_0005,28,104,否,否,是,
2026-05-25 15:29:21,1_1_0009,28,104,否,否,是,
2026-05-25 15:29:30,1_1_0007,28,104,否,否,是,
2026-05-25 15:29:40,1_1_0003,28,104,否,否,是,
2026-05-25 15:29:54,1_1_0006,28,104,否,否,是,
2026-05-25 15:30:03,1_1_0004,28,104,否,否,是,
2026-05-25 15:30:19,1_1_0002,28,104,否,否,是,
2026-05-25 15:30:29,1_1_0001,28,104,否,否,是,
2026-05-25 15:31:03,1_1_0010,28,104,否,否,是,
2026-05-25 15:31:04,1_1_0008,28,104,否,否,是,
2026-05-25 15:31:13,1_1_0005,28,104,否,否,是,
2026-05-25 15:31:16,1_1_0009,28,104,否,否,是,
2026-05-25 15:31:26,1_1_0007,28,104,否,否,是,
2026-05-25 15:31:36,1_1_0003,28,104,否,否,是,
2026-05-25 15:31:45,1_1_0006,28,104,否,否,是,
2026-05-25 15:31:56,1_1_0004,28,104,否,否,是,
2026-05-25 15:32:06,1_1_0002,28,104,否,否,是,
2026-05-25 15:32:22,1_1_0001,28,104,否,否,是,
2026-05-25 15:32:55,1_1_0010,28,104,否,否,是,
2026-05-25 15:32:56,1_1_0008,28,104,否,否,是,
2026-05-25 15:33:02,1_1_0005,28,104,否,否,是,
2026-05-25 15:33:05,1_1_0009,28,104,否,否,是,
2026-05-25 15:33:12,1_1_0007,28,104,否,否,是,
2026-05-25 15:33:20,1_1_0003,28,104,否,否,是,
2026-05-25 15:33:29,1_1_0006,28,104,否,否,是,
2026-05-25 15:33:38,1_1_0004,28,104,否,否,是,
2026-05-25 15:33:53,1_1_0002,28,104,否,否,是,
2026-05-25 15:34:05,1_1_0001,28,104,否,否,是,
2026-05-25 15:34:37,1_1_0010,28,104,否,否,是,
2026-05-25 15:34:39,1_1_0008,28,104,否,否,是,
2026-05-25 15:34:44,1_1_0005,28,104,否,否,是,
2026-05-25 15:34:49,1_1_0009,28,104,否,否,是,
2026-05-25 15:35:01,1_1_0007,28,104,否,否,是,
2026-05-25 15:35:09,1_1_0003,28,104,否,否,是,
2026-05-25 15:35:18,1_1_0006,28,104,否,否,是,
2026-05-25 15:35:31,1_1_0004,28,104,否,否,是,
2026-05-25 15:35:46,1_1_0002,28,104,否,否,是,
2026-05-25 15:36:00,1_1_0001,28,104,否,否,是,
2026-05-25 15:36:33,1_1_0010,28,104,否,否,是,
2026-05-25 15:36:34,1_1_0008,28,104,否,否,是,
2026-05-25 15:36:39,1_1_0005,28,104,否,否,是,
2026-05-25 15:36:59,1_1_0009,0,0,否,否,否,2
2026-05-25 15:37:07,1_1_0007,28,104,否,否,是,
2026-05-25 15:37:13,1_1_0003,28,104,否,否,是,
2026-05-25 15:37:24,1_1_0006,28,104,否,否,是,
2026-05-25 15:37:32,1_1_0004,28,104,否,否,是,
2026-05-25 15:37:49,1_1_0002,28,104,否,否,是,
2026-05-25 15:37:59,1_1_0001,28,104,否,否,是,
2026-05-25 15:38:32,1_1_0010,28,104,否,否,是,
2026-05-25 15:38:33,1_1_0008,28,104,否,否,是,
2026-05-25 15:38:39,1_1_0005,28,104,否,否,是,
2026-05-25 15:38:59,1_1_0009,0,0,否,否,否,2
2026-05-25 15:39:04,1_1_0007,28,104,否,否,是,
2026-05-25 15:39:12,1_1_0003,28,104,否,否,是,
2026-05-25 15:39:21,1_1_0006,28,104,否,否,是,
2026-05-25 15:39:32,1_1_0004,28,104,否,否,是,
2026-05-25 15:39:46,1_1_0002,28,104,否,否,是,
2026-05-25 15:39:59,1_1_0001,28,104,否,否,是,
2026-05-25 15:40:31,1_1_0010,28,104,否,否,是,
2026-05-25 15:40:32,1_1_0008,28,104,否,否,是,
2026-05-25 15:40:38,1_1_0005,28,104,否,否,是,
2026-05-25 15:40:42,1_1_0009,28,104,否,否,是,
2026-05-25 15:40:53,1_1_0007,28,104,否,否,是,
2026-05-25 15:41:00,1_1_0003,28,104,否,否,是,
2026-05-25 15:41:08,1_1_0006,28,104,否,否,是,
2026-05-25 15:41:21,1_1_0004,28,104,否,否,是,
2026-05-25 15:41:36,1_1_0002,28,104,否,否,是,
2026-05-25 15:41:46,1_1_0001,28,104,否,否,是,
2026-05-25 15:42:18,1_1_0010,28,104,否,否,是,
2026-05-25 15:42:19,1_1_0008,28,104,否,否,是,
2026-05-25 15:42:24,1_1_0005,28,104,否,否,是,
2026-05-25 15:42:44,1_1_0009,0,0,否,否,否,2
2026-05-25 15:42:53,1_1_0007,28,104,否,否,是,
2026-05-25 15:43:03,1_1_0003,28,104,否,否,是,
2026-05-25 15:43:13,1_1_0006,28,104,否,否,是,
2026-05-25 15:43:24,1_1_0004,28,104,否,否,是,
2026-05-25 15:43:35,1_1_0002,28,104,否,否,是,
2026-05-25 15:43:46,1_1_0001,28,104,否,否,是,
2026-05-25 15:44:18,1_1_0010,28,104,否,否,是,
2026-05-25 15:44:19,1_1_0008,28,104,否,否,是,
2026-05-25 15:44:24,1_1_0005,28,104,否,否,是,
2026-05-25 15:44:31,1_1_0009,28,104,否,否,是,
2026-05-25 15:44:40,1_1_0007,28,104,否,否,是,
2026-05-25 15:44:49,1_1_0003,28,104,否,否,是,
2026-05-25 15:44:57,1_1_0006,28,104,否,否,是,
2026-05-25 15:45:09,1_1_0004,28,104,否,否,是,
2026-05-25 15:45:18,1_1_0002,28,104,否,否,是,
2026-05-25 15:45:33,1_1_0001,28,104,否,否,是,
2026-05-25 15:46:05,1_1_0010,28,104,否,否,是,
2026-05-25 15:46:06,1_1_0008,28,104,否,否,是,
2026-05-25 15:46:13,1_1_0005,28,104,否,否,是,
2026-05-25 15:46:16,1_1_0009,28,104,否,否,是,
2026-05-25 15:46:23,1_1_0007,28,104,否,否,是,
2026-05-25 15:46:29,1_1_0003,28,104,否,否,是,
2026-05-25 15:46:37,1_1_0006,28,104,否,否,是,
2026-05-25 15:46:48,1_1_0004,28,104,否,否,是,
2026-05-25 15:47:00,1_1_0002,28,104,否,否,是,
2026-05-25 15:47:16,1_1_0001,28,104,否,否,是,
2026-05-25 15:47:49,1_1_0010,28,104,否,否,是,
2026-05-25 15:47:50,1_1_0008,28,104,否,否,是,
2026-05-25 15:47:54,1_1_0005,28,104,否,否,是,
2026-05-25 15:47:59,1_1_0009,28,104,否,否,是,
2026-05-25 15:48:05,1_1_0007,28,104,否,否,是,
2026-05-25 15:48:13,1_1_0003,28,104,否,否,是,
2026-05-25 15:48:21,1_1_0006,28,104,否,否,是,
2026-05-25 15:48:30,1_1_0004,28,104,否,否,是,
2026-05-25 15:48:48,1_1_0002,28,104,否,否,是,
2026-05-25 15:48:57,1_1_0001,28,104,否,否,是,
2026-05-25 15:49:29,1_1_0010,28,104,否,否,是,
2026-05-25 15:49:30,1_1_0008,28,104,否,否,是,
2026-05-25 15:49:36,1_1_0005,28,104,否,否,是,
2026-05-25 15:49:39,1_1_0009,28,104,否,否,是,
2026-05-25 15:49:48,1_1_0007,28,104,否,否,是,
2026-05-25 15:49:57,1_1_0003,28,104,否,否,是,
2026-05-25 15:50:07,1_1_0006,28,104,否,否,是,
2026-05-25 15:50:15,1_1_0004,28,104,否,否,是,
2026-05-25 15:50:27,1_1_0002,28,104,否,否,是,
2026-05-25 15:50:41,1_1_0001,28,104,否,否,是,
2026-05-25 15:51:14,1_1_0010,28,104,否,否,是,
2026-05-25 15:51:15,1_1_0008,28,104,否,否,是,
2026-05-25 15:51:21,1_1_0005,28,104,否,否,是,
2026-05-25 15:51:24,1_1_0009,28,104,否,否,是,
2026-05-25 15:51:29,1_1_0007,28,104,否,否,是,
2026-05-25 15:51:39,1_1_0003,28,104,否,否,是,
2026-05-25 15:51:49,1_1_0006,28,104,否,否,是,
2026-05-25 15:52:00,1_1_0004,28,104,否,否,是,
2026-05-25 15:52:15,1_1_0002,28,104,否,否,是,
2026-05-25 15:52:26,1_1_0001,28,104,否,否,是,
2026-05-25 15:52:58,1_1_0010,28,104,否,否,是,
2026-05-25 15:52:59,1_1_0008,28,104,否,否,是,
2026-05-25 15:53:04,1_1_0005,28,104,否,否,是,
2026-05-25 15:53:08,1_1_0009,28,104,否,否,是,
2026-05-25 15:53:14,1_1_0007,28,104,否,否,是,
2026-05-25 15:53:25,1_1_0003,28,104,否,否,是,
2026-05-25 15:53:34,1_1_0006,28,104,否,否,是,
2026-05-25 15:53:46,1_1_0004,28,104,否,否,是,
2026-05-25 15:54:00,1_1_0002,28,104,否,否,是,
2026-05-25 15:54:11,1_1_0001,28,104,否,否,是,
2026-05-25 15:54:43,1_1_0010,28,104,否,否,是,
2026-05-25 15:54:44,1_1_0008,28,104,否,否,是,
2026-05-25 15:54:49,1_1_0005,28,104,否,否,是,
2026-05-25 15:54:52,1_1_0009,28,104,否,否,是,
2026-05-25 15:55:00,1_1_0007,28,104,否,否,是,
2026-05-25 15:55:07,1_1_0003,28,104,否,否,是,
2026-05-25 15:55:18,1_1_0006,28,104,否,否,是,
2026-05-25 15:55:29,1_1_0004,28,104,否,否,是,
2026-05-25 15:55:46,1_1_0002,28,104,否,否,是,
2026-05-25 15:55:54,1_1_0001,28,104,否,否,是,
2026-05-25 15:56:26,1_1_0010,28,104,否,否,是,
2026-05-25 15:56:27,1_1_0008,28,104,否,否,是,
2026-05-25 15:56:32,1_1_0005,28,104,否,否,是,
2026-05-25 15:56:37,1_1_0009,28,104,否,否,是,
2026-05-25 15:56:45,1_1_0007,28,104,否,否,是,
2026-05-25 15:56:51,1_1_0003,28,104,否,否,是,
2026-05-25 15:57:01,1_1_0006,28,104,否,否,是,
2026-05-25 15:57:12,1_1_0004,28,104,否,否,是,
2026-05-25 15:57:23,1_1_0002,28,104,否,否,是,
2026-05-25 15:57:36,1_1_0001,28,104,否,否,是,
2026-05-25 15:58:08,1_1_0010,28,104,否,否,是,
2026-05-25 15:58:09,1_1_0008,28,104,否,否,是,
2026-05-25 15:58:13,1_1_0005,28,104,否,否,是,
2026-05-25 15:58:18,1_1_0009,28,104,否,否,是,
2026-05-25 15:58:29,1_1_0007,28,104,否,否,是,
2026-05-25 15:58:39,1_1_0003,28,104,否,否,是,
2026-05-25 15:58:49,1_1_0006,28,104,否,否,是,
2026-05-25 15:58:59,1_1_0004,28,104,否,否,是,
2026-05-25 15:59:14,1_1_0002,28,104,否,否,是,
2026-05-25 15:59:28,1_1_0001,28,104,否,否,是,
2026-05-25 16:00:01,1_1_0010,28,104,否,否,是,
2026-05-25 16:00:02,1_1_0008,28,104,否,否,是,
2026-05-25 16:00:08,1_1_0005,28,104,否,否,是,
2026-05-25 16:00:14,1_1_0009,28,104,否,否,是,
2026-05-25 16:00:20,1_1_0007,28,104,否,否,是,
2026-05-25 16:00:28,1_1_0003,28,104,否,否,是,
2026-05-25 16:00:39,1_1_0006,28,104,否,否,是,
2026-05-25 16:00:49,1_1_0004,28,104,否,否,是,
2026-05-25 16:01:01,1_1_0002,28,104,否,否,是,
2026-05-25 16:01:13,1_1_0001,28,104,否,否,是,
2026-05-25 16:01:45,1_1_0010,28,104,否,否,是,
2026-05-25 16:01:46,1_1_0008,28,104,否,否,是,
2026-05-25 16:01:51,1_1_0005,28,104,否,否,是,
2026-05-25 16:01:54,1_1_0009,28,104,否,否,是,
2026-05-25 16:02:00,1_1_0007,28,104,否,否,是,
2026-05-25 16:02:10,1_1_0003,28,104,否,否,是,
2026-05-25 16:02:21,1_1_0006,28,104,否,否,是,
2026-05-25 16:02:29,1_1_0004,28,104,否,否,是,
2026-05-25 16:02:40,1_1_0002,28,104,否,否,是,
2026-05-25 16:02:51,1_1_0001,28,104,否,否,是,
2026-05-25 16:03:23,1_1_0010,28,104,否,否,是,
2026-05-25 16:03:24,1_1_0008,28,104,否,否,是,
2026-05-25 16:03:31,1_1_0005,28,104,否,否,是,
2026-05-25 16:03:34,1_1_0009,28,104,否,否,是,
2026-05-25 16:03:40,1_1_0007,28,104,否,否,是,
2026-05-25 16:03:46,1_1_0003,28,104,否,否,是,
2026-05-25 16:03:59,1_1_0006,28,104,否,否,是,
2026-05-25 16:04:09,1_1_0004,28,104,否,否,是,
2026-05-25 16:04:20,1_1_0002,28,104,否,否,是,
2026-05-25 16:04:33,1_1_0001,28,104,否,否,是,
2026-05-25 16:05:06,1_1_0010,28,104,否,否,是,
2026-05-25 16:05:07,1_1_0008,28,104,否,否,是,
2026-05-25 16:05:15,1_1_0005,28,104,否,否,是,
2026-05-25 16:05:18,1_1_0009,28,104,否,否,是,
2026-05-25 16:05:25,1_1_0007,28,104,否,否,是,
2026-05-25 16:05:32,1_1_0003,28,104,否,否,是,
2026-05-25 16:05:43,1_1_0006,28,104,否,否,是,
2026-05-25 16:05:51,1_1_0004,28,104,否,否,是,
2026-05-25 16:06:06,1_1_0002,28,104,否,否,是,
2026-05-25 16:06:18,1_1_0001,28,104,否,否,是,
2026-05-25 16:06:50,1_1_0010,28,104,否,否,是,
2026-05-25 16:06:51,1_1_0008,28,104,否,否,是,
2026-05-25 16:06:56,1_1_0005,28,104,否,否,是,
2026-05-25 16:07:02,1_1_0009,28,104,否,否,是,
2026-05-25 16:07:09,1_1_0007,28,104,否,否,是,
2026-05-25 16:07:17,1_1_0003,28,104,否,否,是,
2026-05-25 16:07:26,1_1_0006,28,104,否,否,是,
2026-05-25 16:07:36,1_1_0004,28,104,否,否,是,
2026-05-25 16:07:49,1_1_0002,28,104,否,否,是,
2026-05-25 16:08:03,1_1_0001,28,104,否,否,是,
2026-05-25 16:08:35,1_1_0010,28,104,否,否,是,
2026-05-25 16:08:36,1_1_0008,28,104,否,否,是,
2026-05-25 16:08:42,1_1_0005,28,104,否,否,是,
2026-05-25 16:08:46,1_1_0009,28,104,否,否,是,
2026-05-25 16:08:53,1_1_0007,28,104,否,否,是,
2026-05-25 16:09:02,1_1_0003,28,104,否,否,是,
2026-05-25 16:09:11,1_1_0006,28,104,否,否,是,
2026-05-25 16:09:20,1_1_0004,28,104,否,否,是,
2026-05-25 16:09:39,1_1_0002,28,104,否,否,是,
2026-05-25 16:09:51,1_1_0001,28,104,否,否,是,
2026-05-25 16:10:23,1_1_0010,28,104,否,否,是,
2026-05-25 16:10:24,1_1_0008,28,104,否,否,是,
2026-05-25 16:10:28,1_1_0005,28,104,否,否,是,
2026-05-25 16:10:33,1_1_0009,28,104,否,否,是,
2026-05-25 16:10:40,1_1_0007,28,104,否,否,是,
2026-05-25 16:10:47,1_1_0003,28,104,否,否,是,
2026-05-25 16:10:56,1_1_0006,28,104,否,否,是,
2026-05-25 16:11:07,1_1_0004,28,104,否,否,是,
2026-05-25 16:11:18,1_1_0002,28,104,否,否,是,
2026-05-25 16:11:30,1_1_0001,28,104,否,否,是,
2026-05-25 16:12:03,1_1_0010,28,104,否,否,是,
2026-05-25 16:12:04,1_1_0008,28,104,否,否,是,
2026-05-25 16:12:09,1_1_0005,28,104,否,否,是,
2026-05-25 16:12:14,1_1_0009,28,104,否,否,是,
2026-05-25 16:12:19,1_1_0007,28,104,否,否,是,
2026-05-25 16:12:28,1_1_0003,28,104,否,否,是,
2026-05-25 16:12:39,1_1_0006,28,104,否,否,是,
2026-05-25 16:12:49,1_1_0004,28,104,否,否,是,
2026-05-25 16:13:00,1_1_0002,28,104,否,否,是,
2026-05-25 16:13:12,1_1_0001,28,104,否,否,是,
2026-05-25 16:13:44,1_1_0010,28,104,否,否,是,
2026-05-25 16:13:45,1_1_0008,28,104,否,否,是,
2026-05-25 16:13:52,1_1_0005,28,104,否,否,是,
2026-05-25 16:13:59,1_1_0009,28,104,否,否,是,
2026-05-25 16:14:05,1_1_0007,28,104,否,否,是,
2026-05-25 16:14:14,1_1_0003,28,104,否,否,是,
2026-05-25 16:14:23,1_1_0006,28,104,否,否,是,
2026-05-25 16:14:33,1_1_0004,28,104,否,否,是,
2026-05-25 16:14:47,1_1_0002,28,104,否,否,是,
2026-05-25 16:14:57,1_1_0001,28,104,否,否,是,
2026-05-25 16:15:30,1_1_0010,28,104,否,否,是,
2026-05-25 16:15:31,1_1_0008,28,104,否,否,是,
2026-05-25 16:15:39,1_1_0005,28,104,否,否,是,
2026-05-25 16:15:42,1_1_0009,28,104,否,否,是,
2026-05-25 16:15:46,1_1_0007,28,104,否,否,是,
2026-05-25 16:15:58,1_1_0003,28,104,否,否,是,
2026-05-25 16:16:13,1_1_0006,28,104,否,否,是,
2026-05-25 16:16:21,1_1_0004,28,104,否,否,是,
2026-05-25 16:16:38,1_1_0002,28,104,否,否,是,
2026-05-25 16:16:49,1_1_0001,28,104,否,否,是,
2026-05-25 16:17:21,1_1_0010,28,104,否,否,是,
2026-05-25 16:17:23,1_1_0008,28,104,否,否,是,
2026-05-25 16:17:28,1_1_0005,28,104,否,否,是,
2026-05-25 16:17:31,1_1_0009,28,104,否,否,是,
2026-05-25 16:17:37,1_1_0007,28,104,否,否,是,
2026-05-25 16:17:47,1_1_0003,28,104,否,否,是,
2026-05-25 16:17:56,1_1_0006,28,104,否,否,是,
2026-05-25 16:18:09,1_1_0004,28,104,否,否,是,
2026-05-25 16:18:20,1_1_0002,28,104,否,否,是,
2026-05-25 16:18:31,1_1_0001,28,104,否,否,是,
2026-05-25 16:19:03,1_1_0010,28,104,否,否,是,
2026-05-25 16:19:04,1_1_0008,28,104,否,否,是,
2026-05-25 16:19:13,1_1_0005,28,104,否,否,是,
2026-05-25 16:19:18,1_1_0009,28,104,否,否,是,
2026-05-25 16:19:26,1_1_0007,28,104,否,否,是,
2026-05-25 16:19:32,1_1_0003,28,104,否,否,是,
2026-05-25 16:19:40,1_1_0006,28,104,否,否,是,
2026-05-25 16:19:52,1_1_0004,28,104,否,否,是,
2026-05-25 16:20:04,1_1_0002,28,104,否,否,是,
2026-05-25 16:20:16,1_1_0001,28,104,否,否,是,
2026-05-25 16:20:47,1_1_0010,28,104,否,否,是,
2026-05-25 16:20:48,1_1_0008,28,104,否,否,是,
2026-05-25 16:20:54,1_1_0005,28,104,否,否,是,
2026-05-25 16:20:57,1_1_0009,28,104,否,否,是,
2026-05-25 16:21:03,1_1_0007,28,104,否,否,是,
2026-05-25 16:21:09,1_1_0003,28,104,否,否,是,
2026-05-25 16:21:17,1_1_0006,28,104,否,否,是,
2026-05-25 16:21:29,1_1_0004,28,104,否,否,是,
2026-05-25 16:21:40,1_1_0002,28,104,否,否,是,
2026-05-25 16:21:53,1_1_0001,28,104,否,否,是,
2026-05-25 16:22:25,1_1_0010,28,104,否,否,是,
2026-05-25 16:22:27,1_1_0008,28,104,否,否,是,
2026-05-25 16:22:32,1_1_0005,28,104,否,否,是,
2026-05-25 16:22:37,1_1_0009,28,104,否,否,是,
2026-05-25 16:22:43,1_1_0007,28,104,否,否,是,
2026-05-25 16:22:53,1_1_0003,28,104,否,否,是,
2026-05-25 16:23:04,1_1_0006,28,104,否,否,是,
2026-05-25 16:23:13,1_1_0004,28,104,否,否,是,
2026-05-25 16:23:27,1_1_0002,28,104,否,否,是,
2026-05-25 16:23:38,1_1_0001,28,104,否,否,是,
2026-05-25 16:24:11,1_1_0010,28,104,否,否,是,
2026-05-25 16:24:12,1_1_0008,28,104,否,否,是,
2026-05-25 16:24:17,1_1_0005,28,104,否,否,是,
2026-05-25 16:24:22,1_1_0009,28,104,否,否,是,
2026-05-25 16:24:27,1_1_0007,28,104,否,否,是,
2026-05-25 16:24:37,1_1_0003,28,104,否,否,是,
2026-05-25 16:24:46,1_1_0006,28,104,否,否,是,
2026-05-25 16:24:56,1_1_0004,28,104,否,否,是,
2026-05-25 16:25:07,1_1_0002,28,104,否,否,是,
2026-05-25 16:25:19,1_1_0001,28,104,否,否,是,
2026-05-25 16:25:51,1_1_0010,28,104,否,否,是,
2026-05-25 16:25:52,1_1_0008,28,104,否,否,是,
2026-05-25 16:25:57,1_1_0005,28,104,否,否,是,
2026-05-25 16:26:03,1_1_0009,28,104,否,否,是,
2026-05-25 16:26:10,1_1_0007,28,104,否,否,是,
2026-05-25 16:26:15,1_1_0003,28,104,否,否,是,
2026-05-25 16:26:28,1_1_0006,28,104,否,否,是,
2026-05-25 16:26:39,1_1_0004,28,104,否,否,是,
2026-05-25 16:26:52,1_1_0002,28,104,否,否,是,
2026-05-25 16:27:03,1_1_0001,28,104,否,否,是,
2026-05-25 16:27:34,1_1_0010,28,104,否,否,是,
2026-05-25 16:27:35,1_1_0008,28,104,否,否,是,
2026-05-25 16:27:41,1_1_0005,28,104,否,否,是,
2026-05-25 16:27:46,1_1_0009,28,104,否,否,是,
2026-05-25 16:27:54,1_1_0007,28,104,否,否,是,
2026-05-25 16:28:01,1_1_0003,28,104,否,否,是,
2026-05-25 16:28:10,1_1_0006,28,104,否,否,是,
2026-05-25 16:28:21,1_1_0004,28,104,否,否,是,
2026-05-25 16:28:35,1_1_0002,28,104,否,否,是,
2026-05-25 16:28:46,1_1_0001,28,104,否,否,是,
2026-05-25 16:29:18,1_1_0010,28,104,否,否,是,
2026-05-25 16:29:19,1_1_0008,28,104,否,否,是,
2026-05-25 16:29:26,1_1_0005,28,104,否,否,是,
2026-05-25 16:29:30,1_1_0009,28,104,否,否,是,
2026-05-25 16:29:35,1_1_0007,28,104,否,否,是,
2026-05-25 16:29:45,1_1_0003,28,104,否,否,是,
2026-05-25 16:29:54,1_1_0006,28,104,否,否,是,
2026-05-25 16:30:09,1_1_0004,28,104,否,否,是,
2026-05-25 16:30:20,1_1_0002,28,104,否,否,是,
2026-05-25 16:30:34,1_1_0001,28,104,否,否,是,
2026-05-25 16:31:07,1_1_0010,28,104,否,否,是,
2026-05-25 16:31:13,1_1_0008,28,104,否,否,是,
2026-05-25 16:31:18,1_1_0005,28,104,否,否,是,
2026-05-25 16:31:21,1_1_0009,28,104,否,否,是,
2026-05-25 16:31:26,1_1_0007,28,104,否,否,是,
2026-05-25 16:31:36,1_1_0003,28,104,否,否,是,
2026-05-25 16:31:46,1_1_0006,28,104,否,否,是,
2026-05-25 16:31:58,1_1_0004,28,104,否,否,是,
2026-05-25 16:32:12,1_1_0002,28,104,否,否,是,
2026-05-25 16:32:23,1_1_0001,28,104,否,否,是,
2026-05-25 16:32:56,1_1_0010,28,104,否,否,是,
2026-05-25 16:32:57,1_1_0008,28,104,否,否,是,
2026-05-25 16:33:04,1_1_0005,28,104,否,否,是,
2026-05-25 16:33:07,1_1_0009,28,104,否,否,是,
2026-05-25 16:33:14,1_1_0007,28,104,否,否,是,
2026-05-25 16:33:21,1_1_0003,28,104,否,否,是,
2026-05-25 16:33:29,1_1_0006,28,104,否,否,是,
2026-05-25 16:33:40,1_1_0004,28,104,否,否,是,
2026-05-25 16:33:55,1_1_0002,28,104,否,否,是,
2026-05-25 16:34:05,1_1_0001,28,104,否,否,是,
2026-05-25 16:34:36,1_1_0010,28,104,否,否,是,
2026-05-25 16:34:37,1_1_0008,28,104,否,否,是,
2026-05-25 16:34:45,1_1_0005,28,104,否,否,是,
2026-05-25 16:34:50,1_1_0009,28,104,否,否,是,
2026-05-25 16:35:00,1_1_0007,28,104,否,否,是,
2026-05-25 16:35:09,1_1_0003,28,104,否,否,是,
2026-05-25 16:35:20,1_1_0006,28,104,否,否,是,
2026-05-25 16:35:34,1_1_0004,28,104,否,否,是,
2026-05-25 16:35:46,1_1_0002,28,104,否,否,是,
2026-05-25 16:36:00,1_1_0001,28,104,否,否,是,
2026-05-25 16:36:32,1_1_0010,28,104,否,否,是,
2026-05-25 16:36:33,1_1_0008,28,104,否,否,是,
2026-05-25 16:36:38,1_1_0005,28,104,否,否,是,
2026-05-25 16:36:42,1_1_0009,28,104,否,否,是,
2026-05-25 16:36:47,1_1_0007,28,104,否,否,是,
2026-05-25 16:36:56,1_1_0003,28,104,否,否,是,
2026-05-25 16:37:05,1_1_0006,28,104,否,否,是,
2026-05-25 16:37:18,1_1_0004,28,104,否,否,是,
2026-05-25 16:37:30,1_1_0002,28,104,否,否,是,
2026-05-25 16:37:45,1_1_0001,28,104,否,否,是,
2026-05-25 16:38:17,1_1_0010,28,104,否,否,是,
2026-05-25 16:38:18,1_1_0008,28,104,否,否,是,
2026-05-25 16:38:23,1_1_0005,28,104,否,否,是,
2026-05-25 16:38:27,1_1_0009,28,104,否,否,是,
2026-05-25 16:38:34,1_1_0007,28,104,否,否,是,
2026-05-25 16:38:45,1_1_0003,28,104,否,否,是,
2026-05-25 16:38:55,1_1_0006,28,104,否,否,是,
2026-05-25 16:39:04,1_1_0004,28,104,否,否,是,
2026-05-25 16:39:17,1_1_0002,28,104,否,否,是,
2026-05-25 16:39:27,1_1_0001,28,104,否,否,是,
2026-05-25 16:39:58,1_1_0010,28,104,否,否,是,
2026-05-25 16:39:59,1_1_0008,28,104,否,否,是,
2026-05-25 16:40:07,1_1_0005,28,104,否,否,是,
2026-05-25 16:40:16,1_1_0009,28,104,否,否,是,
2026-05-25 16:40:21,1_1_0007,28,104,否,否,是,
2026-05-25 16:40:30,1_1_0003,28,104,否,否,是,
2026-05-25 16:40:39,1_1_0006,28,104,否,否,是,
2026-05-25 16:40:50,1_1_0004,28,104,否,否,是,
2026-05-25 16:41:04,1_1_0002,28,104,否,否,是,
2026-05-25 16:41:18,1_1_0001,28,104,否,否,是,
2026-05-25 16:41:50,1_1_0010,28,104,否,否,是,
2026-05-25 16:41:51,1_1_0008,28,104,否,否,是,
2026-05-25 16:42:00,1_1_0005,28,104,否,否,是,
2026-05-25 16:42:04,1_1_0009,28,104,否,否,是,
2026-05-25 16:42:13,1_1_0007,28,104,否,否,是,
2026-05-25 16:42:22,1_1_0003,28,104,否,否,是,
2026-05-25 16:42:30,1_1_0006,28,104,否,否,是,
2026-05-25 16:42:39,1_1_0004,28,104,否,否,是,
2026-05-25 16:42:52,1_1_0002,28,104,否,否,是,
2026-05-25 16:43:02,1_1_0001,28,104,否,否,是,
2026-05-25 16:43:35,1_1_0010,28,104,否,否,是,
2026-05-25 16:43:36,1_1_0008,28,104,否,否,是,
2026-05-25 16:43:44,1_1_0005,28,104,否,否,是,
2026-05-25 16:43:46,1_1_0009,28,104,否,否,是,
2026-05-25 16:43:52,1_1_0007,28,104,否,否,是,
2026-05-25 16:44:04,1_1_0003,28,104,否,否,是,
2026-05-25 16:44:11,1_1_0006,28,104,否,否,是,
2026-05-25 16:44:19,1_1_0004,28,104,否,否,是,
2026-05-25 16:44:31,1_1_0002,28,104,否,否,是,
2026-05-25 16:44:43,1_1_0001,28,104,否,否,是,
2026-05-25 16:45:15,1_1_0010,28,104,否,否,是,
2026-05-25 16:45:16,1_1_0008,28,104,否,否,是,
2026-05-25 16:45:23,1_1_0005,28,104,否,否,是,
2026-05-25 16:45:26,1_1_0009,28,104,否,否,是,
2026-05-25 16:45:31,1_1_0007,28,104,否,否,是,
2026-05-25 16:45:45,1_1_0003,28,104,否,否,是,
2026-05-25 16:45:56,1_1_0006,28,104,否,否,是,
2026-05-25 16:46:13,1_1_0004,28,104,否,否,是,
2026-05-25 16:46:25,1_1_0002,28,104,否,否,是,
2026-05-25 16:46:35,1_1_0001,28,104,否,否,是,
2026-05-25 16:47:06,1_1_0010,28,104,否,否,是,
2026-05-25 16:47:08,1_1_0008,28,104,否,否,是,
2026-05-25 16:47:11,1_1_0005,28,104,否,否,是,
2026-05-25 16:47:17,1_1_0009,28,104,否,否,是,
2026-05-25 16:47:23,1_1_0007,28,104,否,否,是,
2026-05-25 16:47:31,1_1_0003,28,104,否,否,是,
2026-05-25 16:47:44,1_1_0006,28,104,否,否,是,
2026-05-25 16:47:57,1_1_0004,28,104,否,否,是,
2026-05-25 16:48:08,1_1_0002,28,104,否,否,是,
2026-05-25 16:48:18,1_1_0001,28,104,否,否,是,
2026-05-25 16:48:51,1_1_0010,28,104,否,否,是,
2026-05-25 16:48:52,1_1_0008,28,104,否,否,是,
2026-05-25 16:48:57,1_1_0005,28,104,否,否,是,
2026-05-25 16:49:01,1_1_0009,28,104,否,否,是,
2026-05-25 16:49:08,1_1_0007,28,104,否,否,是,
2026-05-25 16:49:15,1_1_0003,28,104,否,否,是,
2026-05-25 16:49:25,1_1_0006,28,104,否,否,是,
2026-05-25 16:49:39,1_1_0004,28,104,否,否,是,
2026-05-25 16:49:57,1_1_0002,28,104,否,否,是,
2026-05-25 16:50:08,1_1_0001,28,104,否,否,是,
2026-05-25 16:50:41,1_1_0010,28,104,否,否,是,
2026-05-25 16:50:42,1_1_0008,28,104,否,否,是,
2026-05-25 16:50:48,1_1_0005,28,104,否,否,是,
2026-05-25 16:50:54,1_1_0009,28,104,否,否,是,
2026-05-25 16:51:02,1_1_0007,28,104,否,否,是,
2026-05-25 16:51:09,1_1_0003,28,104,否,否,是,
2026-05-25 16:51:21,1_1_0006,28,104,否,否,是,
2026-05-25 16:51:31,1_1_0004,28,104,否,否,是,
2026-05-25 16:51:44,1_1_0002,28,104,否,否,是,
2026-05-25 16:51:55,1_1_0001,28,104,否,否,是,
2026-05-25 16:52:27,1_1_0010,28,104,否,否,是,
2026-05-25 16:52:28,1_1_0008,28,104,否,否,是,
2026-05-25 16:52:33,1_1_0005,28,104,否,否,是,
2026-05-25 16:52:36,1_1_0009,28,104,否,否,是,
2026-05-25 16:52:44,1_1_0007,28,104,否,否,是,
2026-05-25 16:52:51,1_1_0003,28,104,否,否,是,
2026-05-25 16:53:00,1_1_0006,28,104,否,否,是,
2026-05-25 16:53:10,1_1_0004,28,104,否,否,是,
2026-05-25 16:53:24,1_1_0002,28,104,否,否,是,
2026-05-25 16:53:37,1_1_0001,28,104,否,否,是,
2026-05-25 16:54:08,1_1_0010,28,104,否,否,是,
2026-05-25 16:54:09,1_1_0008,28,104,否,否,是,
2026-05-25 16:54:18,1_1_0005,28,104,否,否,是,
2026-05-25 16:54:23,1_1_0009,28,104,否,否,是,
2026-05-25 16:54:28,1_1_0007,28,104,否,否,是,
2026-05-25 16:54:35,1_1_0003,28,104,否,否,是,
2026-05-25 16:54:47,1_1_0006,28,104,否,否,是,
2026-05-25 16:54:58,1_1_0004,28,104,否,否,是,
2026-05-25 16:55:10,1_1_0002,28,104,否,否,是,
2026-05-25 16:55:23,1_1_0001,28,104,否,否,是,
2026-05-25 16:55:55,1_1_0010,28,104,否,否,是,
2026-05-25 16:55:56,1_1_0008,28,104,否,否,是,
2026-05-25 16:56:02,1_1_0005,28,104,否,否,是,
2026-05-25 16:56:06,1_1_0009,28,104,否,否,是,
2026-05-25 16:56:11,1_1_0007,28,104,否,否,是,
2026-05-25 16:56:19,1_1_0003,28,104,否,否,是,
2026-05-25 16:56:27,1_1_0006,28,104,否,否,是,
2026-05-25 16:56:37,1_1_0004,28,104,否,否,是,
2026-05-25 16:56:50,1_1_0002,28,104,否,否,是,
2026-05-25 16:57:00,1_1_0001,28,104,否,否,是,
2026-05-25 16:57:33,1_1_0010,28,104,否,否,是,
2026-05-25 16:57:34,1_1_0008,28,104,否,否,是,
2026-05-25 16:57:38,1_1_0005,28,104,否,否,是,
2026-05-25 16:57:42,1_1_0009,28,104,否,否,是,
2026-05-25 16:57:48,1_1_0007,28,104,否,否,是,
2026-05-25 16:57:55,1_1_0003,28,104,否,否,是,
2026-05-25 16:58:03,1_1_0006,28,104,否,否,是,
2026-05-25 16:58:13,1_1_0004,28,104,否,否,是,
2026-05-25 16:58:30,1_1_0002,28,104,否,否,是,
2026-05-25 16:58:41,1_1_0001,28,104,否,否,是,
2026-05-25 16:59:13,1_1_0010,28,104,否,否,是,
2026-05-25 16:59:15,1_1_0008,28,104,否,否,是,
2026-05-25 16:59:21,1_1_0005,28,104,否,否,是,
2026-05-25 16:59:28,1_1_0009,28,104,否,否,是,
2026-05-25 16:59:38,1_1_0007,28,104,否,否,是,
2026-05-25 16:59:46,1_1_0003,28,104,否,否,是,
2026-05-25 16:59:54,1_1_0006,28,104,否,否,是,
2026-05-25 17:00:06,1_1_0004,28,104,否,否,是,
2026-05-25 17:00:19,1_1_0002,28,104,否,否,是,
2026-05-25 17:00:28,1_1_0001,28,104,否,否,是,
2026-05-25 17:01:00,1_1_0010,28,104,否,否,是,
2026-05-25 17:01:01,1_1_0008,28,104,否,否,是,
2026-05-25 17:01:07,1_1_0005,28,104,否,否,是,
2026-05-25 17:01:12,1_1_0009,28,104,否,否,是,
2026-05-25 17:01:19,1_1_0007,28,104,否,否,是,
2026-05-25 17:01:29,1_1_0003,28,104,否,否,是,
2026-05-25 17:01:39,1_1_0006,28,104,否,否,是,
2026-05-25 17:01:46,1_1_0004,28,104,否,否,是,
2026-05-25 17:01:58,1_1_0002,28,104,否,否,是,
2026-05-25 17:02:08,1_1_0001,28,104,否,否,是,
2026-05-25 17:02:40,1_1_0010,28,104,否,否,是,
2026-05-25 17:02:41,1_1_0008,28,104,否,否,是,
2026-05-25 17:02:47,1_1_0005,28,104,否,否,是,
2026-05-25 17:02:50,1_1_0009,28,104,否,否,是,
2026-05-25 17:02:55,1_1_0007,28,104,否,否,是,
2026-05-25 17:03:05,1_1_0003,28,104,否,否,是,
2026-05-25 17:03:13,1_1_0006,28,104,否,否,是,
2026-05-25 17:03:28,1_1_0004,28,104,否,否,是,
2026-05-25 17:03:44,1_1_0002,28,104,否,否,是,
2026-05-25 17:03:53,1_1_0001,28,104,否,否,是,
2026-05-25 17:04:25,1_1_0010,28,104,否,否,是,
2026-05-25 17:04:26,1_1_0008,28,104,否,否,是,
2026-05-25 17:04:31,1_1_0005,28,104,否,否,是,
2026-05-25 17:04:36,1_1_0009,28,104,否,否,是,
2026-05-25 17:04:41,1_1_0007,28,104,否,否,是,
2026-05-25 17:04:47,1_1_0003,28,104,否,否,是,
2026-05-25 17:04:54,1_1_0006,28,104,否,否,是,
2026-05-25 17:05:06,1_1_0004,28,104,否,否,是,
2026-05-25 17:05:20,1_1_0002,28,104,否,否,是,
2026-05-25 17:05:34,1_1_0001,28,104,否,否,是,
2026-05-25 17:06:07,1_1_0010,28,104,否,否,是,
2026-05-25 17:06:08,1_1_0008,28,104,否,否,是,
2026-05-25 17:06:14,1_1_0005,28,104,否,否,是,
2026-05-25 17:06:18,1_1_0009,28,104,否,否,是,
2026-05-25 17:06:27,1_1_0007,28,104,否,否,是,
2026-05-25 17:06:37,1_1_0003,28,104,否,否,是,
2026-05-25 17:06:48,1_1_0006,28,104,否,否,是,
2026-05-25 17:06:59,1_1_0004,28,104,否,否,是,
2026-05-25 17:07:14,1_1_0002,28,104,否,否,是,
2026-05-25 17:07:23,1_1_0001,28,104,否,否,是,
2026-05-25 17:07:55,1_1_0010,28,104,否,否,是,
2026-05-25 17:07:57,1_1_0008,28,104,否,否,是,
2026-05-25 17:08:02,1_1_0005,28,104,否,否,是,
2026-05-25 17:08:06,1_1_0009,28,104,否,否,是,
2026-05-25 17:08:12,1_1_0007,28,104,否,否,是,
2026-05-25 17:08:19,1_1_0003,28,104,否,否,是,
2026-05-25 17:08:34,1_1_0006,28,104,否,否,是,
2026-05-25 17:08:45,1_1_0004,28,104,否,否,是,
2026-05-25 17:08:55,1_1_0002,28,104,否,否,是,
2026-05-25 17:09:09,1_1_0001,28,104,否,否,是,
2026-05-25 17:09:40,1_1_0010,28,104,否,否,是,
2026-05-25 17:09:42,1_1_0008,28,104,否,否,是,
2026-05-25 17:09:48,1_1_0005,28,104,否,否,是,
2026-05-25 17:09:51,1_1_0009,28,104,否,否,是,
2026-05-25 17:09:59,1_1_0007,28,104,否,否,是,
2026-05-25 17:10:08,1_1_0003,28,104,否,否,是,
2026-05-25 17:10:22,1_1_0006,28,104,否,否,是,
2026-05-25 17:10:31,1_1_0004,28,104,否,否,是,
2026-05-25 17:10:45,1_1_0002,28,104,否,否,是,
2026-05-25 17:10:55,1_1_0001,28,104,否,否,是,
2026-05-25 17:11:29,1_1_0010,28,104,否,否,是,
2026-05-25 17:11:30,1_1_0008,28,104,否,否,是,
2026-05-25 17:11:36,1_1_0005,28,104,否,否,是,
2026-05-25 17:11:42,1_1_0009,28,104,否,否,是,
2026-05-25 17:11:47,1_1_0007,28,104,否,否,是,
2026-05-25 17:11:56,1_1_0003,28,104,否,否,是,
2026-05-25 17:12:06,1_1_0006,28,104,否,否,是,
2026-05-25 17:12:17,1_1_0004,28,104,否,否,是,
2026-05-25 17:12:27,1_1_0002,28,104,否,否,是,
2026-05-25 17:12:42,1_1_0001,28,104,否,否,是,
2026-05-25 17:13:14,1_1_0010,28,104,否,否,是,
2026-05-25 17:13:15,1_1_0008,28,104,否,否,是,
2026-05-25 17:13:20,1_1_0005,28,104,否,否,是,
2026-05-25 17:13:26,1_1_0009,28,104,否,否,是,
2026-05-25 17:13:32,1_1_0007,28,104,否,否,是,
2026-05-25 17:13:40,1_1_0003,28,104,否,否,是,
2026-05-25 17:13:49,1_1_0006,28,104,否,否,是,
2026-05-25 17:14:00,1_1_0004,28,104,否,否,是,
2026-05-25 17:14:16,1_1_0002,28,104,否,否,是,
2026-05-25 17:14:27,1_1_0001,28,104,否,否,是,
2026-05-25 17:14:59,1_1_0010,28,104,否,否,是,
2026-05-25 17:15:00,1_1_0008,28,104,否,否,是,
2026-05-25 17:15:06,1_1_0005,28,104,否,否,是,
2026-05-25 17:15:09,1_1_0009,28,104,否,否,是,
2026-05-25 17:15:19,1_1_0007,28,104,否,否,是,
2026-05-25 17:15:30,1_1_0003,28,104,否,否,是,
2026-05-25 17:15:39,1_1_0006,28,104,否,否,是,
2026-05-25 17:15:50,1_1_0004,28,104,否,否,是,
2026-05-25 17:16:01,1_1_0002,28,104,否,否,是,
2026-05-25 17:16:13,1_1_0001,28,104,否,否,是,
2026-05-25 17:16:46,1_1_0010,28,104,否,否,是,
2026-05-25 17:16:47,1_1_0008,28,104,否,否,是,
2026-05-25 17:16:51,1_1_0005,28,104,否,否,是,
2026-05-25 17:16:56,1_1_0009,28,104,否,否,是,
2026-05-25 17:17:07,1_1_0007,28,104,否,否,是,
2026-05-25 17:17:15,1_1_0003,28,104,否,否,是,
2026-05-25 17:17:24,1_1_0006,28,104,否,否,是,
2026-05-25 17:17:34,1_1_0004,28,104,否,否,是,
2026-05-25 17:17:46,1_1_0002,28,104,否,否,是,
2026-05-25 17:17:55,1_1_0001,28,104,否,否,是,
2026-05-25 17:18:28,1_1_0010,28,104,否,否,是,
2026-05-25 17:18:29,1_1_0008,28,104,否,否,是,
2026-05-25 17:18:36,1_1_0005,28,104,否,否,是,
2026-05-25 17:18:41,1_1_0009,28,104,否,否,是,
2026-05-25 17:18:48,1_1_0007,28,104,否,否,是,
2026-05-25 17:18:56,1_1_0003,28,104,否,否,是,
2026-05-25 17:19:07,1_1_0006,28,104,否,否,是,
2026-05-25 17:19:15,1_1_0004,28,104,否,否,是,
2026-05-25 17:19:28,1_1_0002,28,104,否,否,是,
2026-05-25 17:19:40,1_1_0001,28,104,否,否,是,
2026-05-25 17:20:13,1_1_0010,28,104,否,否,是,
2026-05-25 17:20:14,1_1_0008,28,104,否,否,是,
2026-05-25 17:20:20,1_1_0005,28,104,否,否,是,
2026-05-25 17:20:23,1_1_0009,28,104,否,否,是,
2026-05-25 17:20:28,1_1_0007,28,104,否,否,是,
2026-05-25 17:20:37,1_1_0003,28,104,否,否,是,
2026-05-25 17:20:48,1_1_0006,28,104,否,否,是,
2026-05-25 17:20:56,1_1_0004,28,104,否,否,是,
2026-05-25 17:21:09,1_1_0002,28,104,否,否,是,
2026-05-25 17:21:20,1_1_0001,28,104,否,否,是,
2026-05-25 17:21:53,1_1_0010,28,104,否,否,是,
2026-05-25 17:21:54,1_1_0008,28,104,否,否,是,
2026-05-25 17:22:00,1_1_0005,28,104,否,否,是,
2026-05-25 17:22:06,1_1_0009,28,104,否,否,是,
2026-05-25 17:22:13,1_1_0007,28,104,否,否,是,
2026-05-25 17:22:21,1_1_0003,28,104,否,否,是,
2026-05-25 17:22:28,1_1_0006,28,104,否,否,是,
2026-05-25 17:22:41,1_1_0004,28,104,否,否,是,
2026-05-25 17:22:53,1_1_0002,28,104,否,否,是,
2026-05-25 17:23:02,1_1_0001,28,104,否,否,是,
2026-05-25 17:23:34,1_1_0010,28,104,否,否,是,
2026-05-25 17:23:35,1_1_0008,28,104,否,否,是,
2026-05-25 17:23:40,1_1_0005,28,104,否,否,是,
2026-05-25 17:24:00,1_1_0009,0,0,否,否,否,2
2026-05-25 17:24:07,1_1_0007,28,104,否,否,是,
2026-05-25 17:24:14,1_1_0003,28,104,否,否,是,
2026-05-25 17:24:23,1_1_0006,28,104,否,否,是,
2026-05-25 17:24:35,1_1_0004,28,104,否,否,是,
2026-05-25 17:24:50,1_1_0002,28,104,否,否,是,
2026-05-25 17:25:01,1_1_0001,28,104,否,否,是,
2026-05-25 17:25:33,1_1_0010,28,104,否,否,是,
2026-05-25 17:25:34,1_1_0008,28,104,否,否,是,
2026-05-25 17:25:39,1_1_0005,28,104,否,否,是,
2026-05-25 17:25:43,1_1_0009,28,104,否,否,是,
2026-05-25 17:25:50,1_1_0007,28,104,否,否,是,
2026-05-25 17:25:58,1_1_0003,28,104,否,否,是,
2026-05-25 17:26:08,1_1_0006,28,104,否,否,是,
2026-05-25 17:26:19,1_1_0004,28,104,否,否,是,
2026-05-25 17:26:30,1_1_0002,28,104,否,否,是,
2026-05-25 17:26:42,1_1_0001,28,104,否,否,是,
2026-05-25 17:27:15,1_1_0010,28,104,否,否,是,
2026-05-25 17:27:16,1_1_0008,28,104,否,否,是,
2026-05-25 17:27:21,1_1_0005,28,104,否,否,是,
2026-05-25 17:27:27,1_1_0009,28,104,否,否,是,
2026-05-25 17:27:33,1_1_0007,28,104,否,否,是,
2026-05-25 17:27:44,1_1_0003,28,104,否,否,是,
2026-05-25 17:27:53,1_1_0006,28,104,否,否,是,
2026-05-25 17:28:03,1_1_0004,28,104,否,否,是,
2026-05-25 17:28:15,1_1_0002,28,104,否,否,是,
2026-05-25 17:28:24,1_1_0001,28,104,否,否,是,
2026-05-25 17:28:56,1_1_0010,28,104,否,否,是,
2026-05-25 17:28:57,1_1_0008,28,104,否,否,是,
2026-05-25 17:29:02,1_1_0005,28,104,否,否,是,
2026-05-25 17:29:06,1_1_0009,28,104,否,否,是,
2026-05-25 17:29:13,1_1_0007,28,104,否,否,是,
2026-05-25 17:29:25,1_1_0003,28,104,否,否,是,
2026-05-25 17:29:34,1_1_0006,28,104,否,否,是,
2026-05-25 17:29:47,1_1_0004,28,104,否,否,是,
2026-05-25 17:30:01,1_1_0002,28,104,否,否,是,
2026-05-25 17:30:12,1_1_0001,28,104,否,否,是,
2026-05-25 17:30:44,1_1_0010,28,104,否,否,是,
2026-05-25 17:30:45,1_1_0008,28,104,否,否,是,
2026-05-25 17:30:50,1_1_0005,28,104,否,否,是,
2026-05-25 17:30:54,1_1_0009,28,104,否,否,是,
2026-05-25 17:30:59,1_1_0007,28,104,否,否,是,
2026-05-25 17:31:07,1_1_0003,28,104,否,否,是,
2026-05-25 17:31:18,1_1_0006,28,104,否,否,是,
2026-05-25 17:31:28,1_1_0004,28,104,否,否,是,
2026-05-25 17:31:43,1_1_0002,28,104,否,否,是,
2026-05-25 17:31:57,1_1_0001,28,104,否,否,是,
2026-05-25 17:32:30,1_1_0010,28,104,否,否,是,
2026-05-25 17:32:31,1_1_0008,28,104,否,否,是,
2026-05-25 17:32:36,1_1_0005,28,104,否,否,是,
2026-05-25 17:32:44,1_1_0009,28,104,否,否,是,
2026-05-25 17:32:51,1_1_0007,28,104,否,否,是,
2026-05-25 17:33:00,1_1_0003,28,104,否,否,是,
2026-05-25 17:33:09,1_1_0006,28,104,否,否,是,
2026-05-25 17:33:18,1_1_0004,28,104,否,否,是,
2026-05-25 17:33:30,1_1_0002,28,104,否,否,是,
2026-05-25 17:33:41,1_1_0001,28,104,否,否,是,
2026-05-25 17:34:14,1_1_0010,28,104,否,否,是,
2026-05-25 17:34:15,1_1_0008,28,104,否,否,是,
2026-05-25 17:34:20,1_1_0005,28,104,否,否,是,
2026-05-25 17:34:24,1_1_0009,28,104,否,否,是,
2026-05-25 17:34:30,1_1_0007,28,104,否,否,是,
2026-05-25 17:34:42,1_1_0003,28,104,否,否,是,
2026-05-25 17:34:50,1_1_0006,28,104,否,否,是,
2026-05-25 17:35:02,1_1_0004,28,104,否,否,是,
2026-05-25 17:35:23,1_1_0002,0,0,否,否,否,2
2026-05-25 17:35:35,1_1_0001,28,104,否,否,是,
2026-05-25 17:36:08,1_1_0010,28,104,否,否,是,
2026-05-25 17:36:09,1_1_0008,28,104,否,否,是,
2026-05-25 17:36:14,1_1_0005,28,104,否,否,是,
2026-05-25 17:36:20,1_1_0009,28,104,否,否,是,
2026-05-25 17:36:27,1_1_0007,28,104,否,否,是,
2026-05-25 17:36:35,1_1_0003,28,104,否,否,是,
2026-05-25 17:36:44,1_1_0006,28,104,否,否,是,
2026-05-25 17:36:53,1_1_0004,28,104,否,否,是,
2026-05-25 17:37:06,1_1_0002,28,104,否,否,是,
2026-05-25 17:37:21,1_1_0001,28,104,否,否,是,
2026-05-25 17:37:55,1_1_0010,28,104,否,否,是,
2026-05-25 17:37:56,1_1_0008,28,104,否,否,是,
2026-05-25 17:38:02,1_1_0005,28,104,否,否,是,
2026-05-25 17:38:06,1_1_0009,28,104,否,否,是,
2026-05-25 17:38:15,1_1_0007,28,104,否,否,是,
2026-05-25 17:38:24,1_1_0003,28,104,否,否,是,
2026-05-25 17:38:31,1_1_0006,28,104,否,否,是,
2026-05-25 17:38:43,1_1_0004,28,104,否,否,是,
2026-05-25 17:38:56,1_1_0002,28,104,否,否,是,
2026-05-25 17:39:08,1_1_0001,28,104,否,否,是,
2026-05-25 17:39:40,1_1_0010,28,104,否,否,是,
2026-05-25 17:39:43,1_1_0008,28,104,否,否,是,
2026-05-25 17:39:51,1_1_0005,28,104,否,否,是,
2026-05-25 17:39:54,1_1_0009,28,104,否,否,是,
2026-05-25 17:40:02,1_1_0007,28,104,否,否,是,
2026-05-25 17:40:13,1_1_0003,28,104,否,否,是,
2026-05-25 17:40:24,1_1_0006,28,104,否,否,是,
2026-05-25 17:40:34,1_1_0004,28,104,否,否,是,
2026-05-25 17:40:48,1_1_0002,28,104,否,否,是,
2026-05-25 17:40:56,1_1_0001,28,104,否,否,是,
2026-05-25 17:41:28,1_1_0010,28,104,否,否,是,
2026-05-25 17:41:29,1_1_0008,28,104,否,否,是,
2026-05-25 17:41:33,1_1_0005,28,104,否,否,是,
2026-05-25 17:41:38,1_1_0009,28,104,否,否,是,
2026-05-25 17:41:44,1_1_0007,28,104,否,否,是,
2026-05-25 17:41:51,1_1_0003,28,104,否,否,是,
2026-05-25 17:42:03,1_1_0006,28,104,否,否,是,
2026-05-25 17:42:12,1_1_0004,28,104,否,否,是,
2026-05-25 17:42:23,1_1_0002,28,104,否,否,是,
2026-05-25 17:42:34,1_1_0001,28,104,否,否,是,
2026-05-25 17:43:06,1_1_0010,28,104,否,否,是,
2026-05-25 17:43:08,1_1_0008,28,104,否,否,是,
2026-05-25 17:43:12,1_1_0005,28,104,否,否,是,
2026-05-25 17:43:33,1_1_0009,0,0,否,否,否,2
2026-05-25 17:43:38,1_1_0007,28,104,否,否,是,
2026-05-25 17:43:47,1_1_0003,28,104,否,否,是,
2026-05-25 17:43:55,1_1_0006,28,104,否,否,是,
2026-05-25 17:44:07,1_1_0004,28,104,否,否,是,
2026-05-25 17:44:18,1_1_0002,28,104,否,否,是,
2026-05-25 17:44:29,1_1_0001,28,104,否,否,是,
2026-05-25 17:45:02,1_1_0010,28,104,否,否,是,
2026-05-25 17:45:03,1_1_0008,28,104,否,否,是,
2026-05-25 17:45:07,1_1_0005,28,104,否,否,是,
2026-05-25 17:45:15,1_1_0009,28,104,否,否,是,
2026-05-25 17:45:23,1_1_0007,28,104,否,否,是,
2026-05-25 17:45:31,1_1_0003,28,104,否,否,是,
2026-05-25 17:45:40,1_1_0006,28,104,否,否,是,
2026-05-25 17:45:53,1_1_0004,28,104,否,否,是,
2026-05-25 17:46:06,1_1_0002,28,104,否,否,是,
2026-05-25 17:46:19,1_1_0001,28,104,否,否,是,
2026-05-25 17:46:50,1_1_0010,28,104,否,否,是,
2026-05-25 17:46:52,1_1_0008,28,104,否,否,是,
2026-05-25 17:46:57,1_1_0005,28,104,否,否,是,
2026-05-25 17:47:00,1_1_0009,28,104,否,否,是,
2026-05-25 17:47:06,1_1_0007,28,104,否,否,是,
2026-05-25 17:47:15,1_1_0003,28,104,否,否,是,
2026-05-25 17:47:27,1_1_0006,28,104,否,否,是,
2026-05-25 17:47:34,1_1_0004,28,104,否,否,是,
2026-05-25 17:47:49,1_1_0002,28,104,否,否,是,
2026-05-25 17:48:02,1_1_0001,28,104,否,否,是,
2026-05-25 17:48:35,1_1_0010,28,104,否,否,是,
2026-05-25 17:48:36,1_1_0008,28,104,否,否,是,
2026-05-25 17:48:41,1_1_0005,28,104,否,否,是,
2026-05-25 17:48:45,1_1_0009,28,104,否,否,是,
2026-05-25 17:48:51,1_1_0007,28,104,否,否,是,
2026-05-25 17:49:00,1_1_0003,28,104,否,否,是,
2026-05-25 17:49:10,1_1_0006,28,104,否,否,是,
2026-05-25 17:49:20,1_1_0004,28,104,否,否,是,
2026-05-25 17:49:35,1_1_0002,28,104,否,否,是,
2026-05-25 17:49:47,1_1_0001,28,104,否,否,是,
2026-05-25 17:50:19,1_1_0010,28,104,否,否,是,
2026-05-25 17:50:20,1_1_0008,28,104,否,否,是,
2026-05-25 17:50:25,1_1_0005,28,104,否,否,是,
2026-05-25 17:50:30,1_1_0009,28,104,否,否,是,
2026-05-25 17:50:36,1_1_0007,28,104,否,否,是,
2026-05-25 17:50:43,1_1_0003,28,104,否,否,是,
2026-05-25 17:50:53,1_1_0006,28,104,否,否,是,
2026-05-25 17:51:04,1_1_0004,28,104,否,否,是,
2026-05-25 17:51:16,1_1_0002,28,104,否,否,是,
2026-05-25 17:51:28,1_1_0001,28,104,否,否,是,
2026-05-25 17:52:01,1_1_0010,28,104,否,否,是,
2026-05-25 17:52:02,1_1_0008,28,104,否,否,是,
2026-05-25 17:52:07,1_1_0005,28,104,否,否,是,
2026-05-25 17:52:11,1_1_0009,28,104,否,否,是,
2026-05-25 17:52:20,1_1_0007,28,104,否,否,是,
2026-05-25 17:52:27,1_1_0003,28,104,否,否,是,
2026-05-25 17:52:35,1_1_0006,28,104,否,否,是,
2026-05-25 17:52:46,1_1_0004,28,104,否,否,是,
2026-05-25 17:52:58,1_1_0002,28,104,否,否,是,
2026-05-25 17:53:08,1_1_0001,28,104,否,否,是,
2026-05-25 17:53:39,1_1_0010,28,104,否,否,是,
2026-05-25 17:53:41,1_1_0008,28,104,否,否,是,
2026-05-25 17:53:47,1_1_0005,28,104,否,否,是,
2026-05-25 17:53:53,1_1_0009,28,104,否,否,是,
2026-05-25 17:53:57,1_1_0007,28,104,否,否,是,
2026-05-25 17:54:07,1_1_0003,28,104,否,否,是,
2026-05-25 17:54:20,1_1_0006,28,104,否,否,是,
2026-05-25 17:54:32,1_1_0004,28,104,否,否,是,
2026-05-25 17:54:44,1_1_0002,28,104,否,否,是,
2026-05-25 17:54:54,1_1_0001,28,104,否,否,是,
2026-05-25 17:55:25,1_1_0010,28,104,否,否,是,
2026-05-25 17:55:26,1_1_0008,28,104,否,否,是,
2026-05-25 17:55:34,1_1_0005,28,104,否,否,是,
2026-05-25 17:55:40,1_1_0009,28,104,否,否,是,
2026-05-25 17:55:48,1_1_0007,28,104,否,否,是,
2026-05-25 17:55:58,1_1_0003,28,104,否,否,是,
2026-05-25 17:56:09,1_1_0006,28,104,否,否,是,
2026-05-25 17:56:21,1_1_0004,28,104,否,否,是,
2026-05-25 17:56:34,1_1_0002,28,104,否,否,是,
2026-05-25 17:56:48,1_1_0001,28,104,否,否,是,
2026-05-25 17:57:20,1_1_0010,28,104,否,否,是,
2026-05-25 17:57:21,1_1_0008,28,104,否,否,是,
2026-05-25 17:57:28,1_1_0005,28,104,否,否,是,
2026-05-25 17:57:31,1_1_0009,28,104,否,否,是,
2026-05-25 17:57:38,1_1_0007,28,104,否,否,是,
2026-05-25 17:57:49,1_1_0003,28,104,否,否,是,
2026-05-25 17:57:58,1_1_0006,28,104,否,否,是,
2026-05-25 17:58:10,1_1_0004,28,104,否,否,是,
2026-05-25 17:58:21,1_1_0002,28,104,否,否,是,
2026-05-25 17:58:32,1_1_0001,28,104,否,否,是,
2026-05-25 17:59:05,1_1_0010,28,104,否,否,是,
2026-05-25 17:59:06,1_1_0008,28,104,否,否,是,
2026-05-25 17:59:12,1_1_0005,28,104,否,否,是,
2026-05-25 17:59:20,1_1_0009,28,104,否,否,是,
2026-05-25 17:59:29,1_1_0007,28,104,否,否,是,
2026-05-25 17:59:36,1_1_0003,28,104,否,否,是,
2026-05-25 17:59:43,1_1_0006,28,104,否,否,是,
2026-05-25 17:59:57,1_1_0004,28,104,否,否,是,
2026-05-25 18:00:08,1_1_0002,28,104,否,否,是,
2026-05-25 18:00:22,1_1_0001,28,104,否,否,是,
2026-05-25 18:00:54,1_1_0010,28,104,否,否,是,
2026-05-25 18:00:55,1_1_0008,28,104,否,否,是,
2026-05-25 18:01:00,1_1_0005,28,104,否,否,是,
2026-05-25 18:01:06,1_1_0009,28,104,否,否,是,
2026-05-25 18:01:16,1_1_0007,28,104,否,否,是,
2026-05-25 18:01:25,1_1_0003,28,104,否,否,是,
2026-05-25 18:01:37,1_1_0006,28,104,否,否,是,
2026-05-25 18:01:50,1_1_0004,28,104,否,否,是,
2026-05-25 18:02:06,1_1_0002,28,104,否,否,是,
2026-05-25 18:02:17,1_1_0001,28,104,否,否,是,
2026-05-25 18:02:50,1_1_0010,28,104,否,否,是,
2026-05-25 18:02:51,1_1_0008,28,104,否,否,是,
2026-05-25 18:02:58,1_1_0005,28,104,否,否,是,
2026-05-25 18:03:03,1_1_0009,28,104,否,否,是,
2026-05-25 18:03:09,1_1_0007,28,104,否,否,是,
2026-05-25 18:03:17,1_1_0003,28,104,否,否,是,
2026-05-25 18:03:24,1_1_0006,28,104,否,否,是,
2026-05-25 18:03:35,1_1_0004,28,104,否,否,是,
2026-05-25 18:03:45,1_1_0002,28,104,否,否,是,
2026-05-25 18:03:56,1_1_0001,28,104,否,否,是,
2026-05-25 18:04:28,1_1_0010,28,104,否,否,是,
2026-05-25 18:04:29,1_1_0008,28,104,否,否,是,
2026-05-25 18:04:34,1_1_0005,28,104,否,否,是,
2026-05-25 18:04:41,1_1_0009,28,104,否,否,是,
2026-05-25 18:04:47,1_1_0007,28,104,否,否,是,
2026-05-25 18:05:00,1_1_0003,28,104,否,否,是,
2026-05-25 18:05:10,1_1_0006,28,104,否,否,是,
2026-05-25 18:05:23,1_1_0004,28,104,否,否,是,
2026-05-25 18:05:35,1_1_0002,28,104,否,否,是,
2026-05-25 18:05:46,1_1_0001,28,104,否,否,是,
2026-05-25 18:06:18,1_1_0010,28,104,否,否,是,
2026-05-25 18:06:19,1_1_0008,28,104,否,否,是,
2026-05-25 18:06:24,1_1_0005,28,104,否,否,是,
2026-05-25 18:06:28,1_1_0009,28,104,否,否,是,
2026-05-25 18:06:36,1_1_0007,28,104,否,否,是,
2026-05-25 18:06:43,1_1_0003,28,104,否,否,是,
2026-05-25 18:06:54,1_1_0006,28,104,否,否,是,
2026-05-25 18:07:02,1_1_0004,28,104,否,否,是,
2026-05-25 18:07:13,1_1_0002,28,104,否,否,是,
2026-05-25 18:07:28,1_1_0001,28,104,否,否,是,
2026-05-25 18:08:01,1_1_0010,28,104,否,否,是,
2026-05-25 18:08:02,1_1_0008,28,104,否,否,是,
2026-05-25 18:08:08,1_1_0005,28,104,否,否,是,
2026-05-25 18:08:12,1_1_0009,28,104,否,否,是,
2026-05-25 18:08:19,1_1_0007,28,104,否,否,是,
2026-05-25 18:08:29,1_1_0003,28,104,否,否,是,
2026-05-25 18:08:42,1_1_0006,28,104,否,否,是,
2026-05-25 18:09:01,1_1_0004,28,104,否,否,是,
2026-05-25 18:09:12,1_1_0002,28,104,否,否,是,
2026-05-25 18:09:26,1_1_0001,28,104,否,否,是,
2026-05-25 18:09:58,1_1_0010,28,104,否,否,是,
2026-05-25 18:10:00,1_1_0008,28,104,否,否,是,
2026-05-25 18:10:05,1_1_0005,28,104,否,否,是,
2026-05-25 18:10:08,1_1_0009,28,104,否,否,是,
2026-05-25 18:10:13,1_1_0007,28,104,否,否,是,
2026-05-25 18:10:20,1_1_0003,28,104,否,否,是,
2026-05-25 18:10:33,1_1_0006,28,104,否,否,是,
2026-05-25 18:10:42,1_1_0004,28,104,否,否,是,
2026-05-25 18:10:57,1_1_0002,28,104,否,否,是,
2026-05-25 18:11:08,1_1_0001,28,104,否,否,是,
2026-05-25 18:11:40,1_1_0010,28,104,否,否,是,
2026-05-25 18:11:41,1_1_0008,28,104,否,否,是,
2026-05-25 18:11:48,1_1_0005,28,104,否,否,是,
2026-05-25 18:11:51,1_1_0009,28,104,否,否,是,
2026-05-25 18:11:57,1_1_0007,28,104,否,否,是,
2026-05-25 18:12:08,1_1_0003,28,104,否,否,是,
2026-05-25 18:12:19,1_1_0006,28,104,否,否,是,
2026-05-25 18:12:31,1_1_0004,28,104,否,否,是,
2026-05-25 18:12:43,1_1_0002,28,104,否,否,是,
2026-05-25 18:12:56,1_1_0001,28,104,否,否,是,
2026-05-25 18:13:28,1_1_0010,28,104,否,否,是,
2026-05-25 18:13:29,1_1_0008,28,104,否,否,是,
2026-05-25 18:13:34,1_1_0005,28,104,否,否,是,
2026-05-25 18:13:42,1_1_0009,28,104,否,否,是,
2026-05-25 18:13:49,1_1_0007,28,104,否,否,是,
2026-05-25 18:13:58,1_1_0003,28,104,否,否,是,
2026-05-25 18:14:06,1_1_0006,28,104,否,否,是,
2026-05-25 18:14:19,1_1_0004,28,104,否,否,是,
2026-05-25 18:14:34,1_1_0002,28,104,否,否,是,
2026-05-25 18:14:43,1_1_0001,28,104,否,否,是,
2026-05-25 18:15:15,1_1_0010,28,104,否,否,是,
2026-05-25 18:15:16,1_1_0008,28,104,否,否,是,
2026-05-25 18:15:23,1_1_0005,28,104,否,否,是,
2026-05-25 18:15:27,1_1_0009,28,104,否,否,是,
2026-05-25 18:15:36,1_1_0007,28,104,否,否,是,
2026-05-25 18:15:44,1_1_0003,28,104,否,否,是,
2026-05-25 18:15:57,1_1_0006,28,104,否,否,是,
2026-05-25 18:16:12,1_1_0004,28,104,否,否,是,
2026-05-25 18:16:27,1_1_0002,28,104,否,否,是,
2026-05-25 18:16:36,1_1_0001,28,104,否,否,是,
2026-05-25 18:17:10,1_1_0010,28,104,否,否,是,
2026-05-25 18:17:11,1_1_0008,28,104,否,否,是,
2026-05-25 18:17:17,1_1_0005,28,104,否,否,是,
2026-05-25 18:17:20,1_1_0009,28,104,否,否,是,
2026-05-25 18:17:26,1_1_0007,28,104,否,否,是,
2026-05-25 18:17:34,1_1_0003,28,104,否,否,是,
2026-05-25 18:17:43,1_1_0006,28,104,否,否,是,
2026-05-25 18:17:52,1_1_0004,28,104,否,否,是,
2026-05-25 18:18:07,1_1_0002,28,104,否,否,是,
2026-05-25 18:18:18,1_1_0001,28,104,否,否,是,
2026-05-25 18:18:50,1_1_0010,28,104,否,否,是,
2026-05-25 18:18:52,1_1_0008,28,104,否,否,是,
2026-05-25 18:18:57,1_1_0005,28,104,否,否,是,
2026-05-25 18:19:04,1_1_0009,28,104,否,否,是,
2026-05-25 18:19:13,1_1_0007,28,104,否,否,是,
2026-05-25 18:19:21,1_1_0003,28,104,否,否,是,
2026-05-25 18:19:28,1_1_0006,28,104,否,否,是,
2026-05-25 18:19:37,1_1_0004,28,104,否,否,是,
2026-05-25 18:19:58,1_1_0002,0,0,否,否,否,2
2026-05-25 18:20:07,1_1_0001,28,104,否,否,是,
2026-05-25 18:20:39,1_1_0010,28,104,否,否,是,
2026-05-25 18:20:40,1_1_0008,28,104,否,否,是,
2026-05-25 18:20:46,1_1_0005,28,104,否,否,是,
2026-05-25 18:20:50,1_1_0009,28,104,否,否,是,
2026-05-25 18:20:57,1_1_0007,28,104,否,否,是,
2026-05-25 18:21:04,1_1_0003,28,104,否,否,是,
2026-05-25 18:21:12,1_1_0006,28,104,否,否,是,
2026-05-25 18:21:26,1_1_0004,28,104,否,否,是,
2026-05-25 18:21:39,1_1_0002,28,104,否,否,是,
2026-05-25 18:21:50,1_1_0001,28,104,否,否,是,
2026-05-25 18:22:22,1_1_0010,28,104,否,否,是,
2026-05-25 18:22:23,1_1_0008,28,104,否,否,是,
2026-05-25 18:22:30,1_1_0005,28,104,否,否,是,
2026-05-25 18:22:35,1_1_0009,28,104,否,否,是,
2026-05-25 18:22:41,1_1_0007,28,104,否,否,是,
2026-05-25 18:22:51,1_1_0003,28,104,否,否,是,
2026-05-25 18:23:00,1_1_0006,28,104,否,否,是,
2026-05-25 18:23:11,1_1_0004,28,104,否,否,是,
2026-05-25 18:23:24,1_1_0002,28,104,否,否,是,
2026-05-25 18:23:37,1_1_0001,28,104,否,否,是,
2026-05-25 18:24:08,1_1_0010,28,104,否,否,是,
2026-05-25 18:24:09,1_1_0008,28,104,否,否,是,
2026-05-25 18:24:14,1_1_0005,28,104,否,否,是,
2026-05-25 18:24:19,1_1_0009,28,104,否,否,是,
2026-05-25 18:24:30,1_1_0007,28,104,否,否,是,
2026-05-25 18:24:37,1_1_0003,28,104,否,否,是,
2026-05-25 18:24:46,1_1_0006,28,104,否,否,是,
2026-05-25 18:25:00,1_1_0004,28,104,否,否,是,
2026-05-25 18:25:11,1_1_0002,28,104,否,否,是,
2026-05-25 18:25:21,1_1_0001,28,104,否,否,是,
2026-05-25 18:25:53,1_1_0010,28,104,否,否,是,
2026-05-25 18:25:54,1_1_0008,28,104,否,否,是,
2026-05-25 18:25:59,1_1_0005,28,104,否,否,是,
2026-05-25 18:26:04,1_1_0009,28,104,否,否,是,
2026-05-25 18:26:09,1_1_0007,28,104,否,否,是,
2026-05-25 18:26:17,1_1_0003,28,104,否,否,是,
2026-05-25 18:26:26,1_1_0006,28,104,否,否,是,
2026-05-25 18:26:34,1_1_0004,28,104,否,否,是,
2026-05-25 18:26:47,1_1_0002,28,104,否,否,是,
2026-05-25 18:26:59,1_1_0001,28,104,否,否,是,
2026-05-25 18:27:31,1_1_0010,28,104,否,否,是,
2026-05-25 18:27:32,1_1_0008,28,104,否,否,是,
2026-05-25 18:27:37,1_1_0005,28,104,否,否,是,
2026-05-25 18:27:41,1_1_0009,28,104,否,否,是,
2026-05-25 18:27:49,1_1_0007,28,104,否,否,是,
2026-05-25 18:27:58,1_1_0003,28,104,否,否,是,
2026-05-25 18:28:09,1_1_0006,28,104,否,否,是,
2026-05-25 18:28:20,1_1_0004,28,104,否,否,是,
2026-05-25 18:28:33,1_1_0002,28,104,否,否,是,
2026-05-25 18:28:46,1_1_0001,28,104,否,否,是,
2026-05-25 18:29:19,1_1_0010,28,104,否,否,是,
2026-05-25 18:29:20,1_1_0008,28,104,否,否,是,
2026-05-25 18:29:26,1_1_0005,28,104,否,否,是,
2026-05-25 18:29:33,1_1_0009,28,104,否,否,是,
2026-05-25 18:29:42,1_1_0007,28,104,否,否,是,
2026-05-25 18:29:50,1_1_0003,28,104,否,否,是,
2026-05-25 18:29:59,1_1_0006,28,104,否,否,是,
2026-05-25 18:30:10,1_1_0004,28,104,否,否,是,
2026-05-25 18:30:23,1_1_0002,28,104,否,否,是,
2026-05-25 18:30:34,1_1_0001,28,104,否,否,是,
2026-05-25 18:31:06,1_1_0010,28,104,否,否,是,
2026-05-25 18:31:12,1_1_0008,28,104,否,否,是,
2026-05-25 18:31:16,1_1_0005,28,104,否,否,是,
2026-05-25 18:31:21,1_1_0009,28,104,否,否,是,
2026-05-25 18:31:31,1_1_0007,28,104,否,否,是,
2026-05-25 18:31:43,1_1_0003,28,104,否,否,是,
2026-05-25 18:31:52,1_1_0006,28,104,否,否,是,
2026-05-25 18:32:02,1_1_0004,28,104,否,否,是,
2026-05-25 18:32:17,1_1_0002,28,104,否,否,是,
2026-05-25 18:32:29,1_1_0001,28,104,否,否,是,
2026-05-25 18:33:00,1_1_0010,28,104,否,否,是,
2026-05-25 18:33:01,1_1_0008,28,104,否,否,是,
2026-05-25 18:33:06,1_1_0005,28,104,否,否,是,
2026-05-25 18:33:11,1_1_0009,28,104,否,否,是,
2026-05-25 18:33:19,1_1_0007,28,104,否,否,是,
2026-05-25 18:33:28,1_1_0003,28,104,否,否,是,
2026-05-25 18:33:39,1_1_0006,28,104,否,否,是,
2026-05-25 18:33:49,1_1_0004,28,104,否,否,是,
2026-05-25 18:34:00,1_1_0002,28,104,否,否,是,
2026-05-25 18:34:11,1_1_0001,28,104,否,否,是,
2026-05-25 18:34:43,1_1_0010,28,104,否,否,是,
2026-05-25 18:34:45,1_1_0008,28,104,否,否,是,
2026-05-25 18:34:51,1_1_0005,28,104,否,否,是,
2026-05-25 18:34:59,1_1_0009,28,104,否,否,是,
2026-05-25 18:35:09,1_1_0007,28,104,否,否,是,
2026-05-25 18:35:18,1_1_0003,28,104,否,否,是,
2026-05-25 18:35:25,1_1_0006,28,104,否,否,是,
2026-05-25 18:35:33,1_1_0004,28,104,否,否,是,
2026-05-25 18:35:47,1_1_0002,28,104,否,否,是,
2026-05-25 18:36:02,1_1_0001,28,104,否,否,是,
2026-05-25 18:36:34,1_1_0010,28,104,否,否,是,
2026-05-25 18:36:35,1_1_0008,28,104,否,否,是,
2026-05-25 18:36:41,1_1_0005,28,104,否,否,是,
2026-05-25 18:36:43,1_1_0009,28,104,否,否,是,
2026-05-25 18:36:49,1_1_0007,28,104,否,否,是,
2026-05-25 18:37:01,1_1_0003,28,104,否,否,是,
2026-05-25 18:37:13,1_1_0006,28,104,否,否,是,
2026-05-25 18:37:23,1_1_0004,28,104,否,否,是,
2026-05-25 18:37:35,1_1_0002,28,104,否,否,是,
2026-05-25 18:37:47,1_1_0001,28,104,否,否,是,
2026-05-25 18:38:19,1_1_0010,28,104,否,否,是,
2026-05-25 18:38:20,1_1_0008,28,104,否,否,是,
2026-05-25 18:38:25,1_1_0005,28,104,否,否,是,
2026-05-25 18:38:30,1_1_0009,28,104,否,否,是,
2026-05-25 18:38:38,1_1_0007,28,104,否,否,是,
2026-05-25 18:38:45,1_1_0003,28,104,否,否,是,
2026-05-25 18:38:58,1_1_0006,28,104,否,否,是,
2026-05-25 18:39:09,1_1_0004,28,104,否,否,是,
2026-05-25 18:39:23,1_1_0002,28,104,否,否,是,
2026-05-25 18:39:38,1_1_0001,28,104,否,否,是,
2026-05-25 18:40:10,1_1_0010,28,104,否,否,是,
2026-05-25 18:40:11,1_1_0008,28,104,否,否,是,
2026-05-25 18:40:17,1_1_0005,28,104,否,否,是,
2026-05-25 18:40:20,1_1_0009,28,104,否,否,是,
2026-05-25 18:40:26,1_1_0007,28,104,否,否,是,
2026-05-25 18:40:33,1_1_0003,28,104,否,否,是,
2026-05-25 18:40:42,1_1_0006,28,104,否,否,是,
2026-05-25 18:40:55,1_1_0004,28,104,否,否,是,
2026-05-25 18:41:12,1_1_0002,28,104,否,否,是,
2026-05-25 18:41:25,1_1_0001,28,104,否,否,是,
2026-05-25 18:41:56,1_1_0010,28,104,否,否,是,
2026-05-25 18:41:57,1_1_0008,28,104,否,否,是,
2026-05-25 18:42:03,1_1_0005,28,104,否,否,是,
2026-05-25 18:42:06,1_1_0009,28,104,否,否,是,
2026-05-25 18:42:11,1_1_0007,28,104,否,否,是,
2026-05-25 18:42:20,1_1_0003,28,104,否,否,是,
2026-05-25 18:42:34,1_1_0006,28,104,否,否,是,
2026-05-25 18:42:47,1_1_0004,28,104,否,否,是,
2026-05-25 18:43:03,1_1_0002,28,104,否,否,是,
2026-05-25 18:43:17,1_1_0001,28,104,否,否,是,
2026-05-25 18:43:48,1_1_0010,28,104,否,否,是,
2026-05-25 18:43:49,1_1_0008,28,104,否,否,是,
2026-05-25 18:43:55,1_1_0005,28,104,否,否,是,
2026-05-25 18:44:01,1_1_0009,28,104,否,否,是,
2026-05-25 18:44:06,1_1_0007,28,104,否,否,是,
2026-05-25 18:44:16,1_1_0003,28,104,否,否,是,
2026-05-25 18:44:27,1_1_0006,28,104,否,否,是,
2026-05-25 18:44:40,1_1_0004,28,104,否,否,是,
2026-05-25 18:44:56,1_1_0002,28,104,否,否,是,
2026-05-25 18:45:06,1_1_0001,28,104,否,否,是,
2026-05-25 18:45:37,1_1_0010,28,104,否,否,是,
2026-05-25 18:45:38,1_1_0008,28,104,否,否,是,
2026-05-25 18:45:43,1_1_0005,28,104,否,否,是,
2026-05-25 18:45:46,1_1_0009,28,104,否,否,是,
2026-05-25 18:45:55,1_1_0007,28,104,否,否,是,
2026-05-25 18:46:02,1_1_0003,28,104,否,否,是,
2026-05-25 18:46:14,1_1_0006,28,104,否,否,是,
2026-05-25 18:46:23,1_1_0004,28,104,否,否,是,
2026-05-25 18:46:35,1_1_0002,28,104,否,否,是,
2026-05-25 18:46:47,1_1_0001,28,104,否,否,是,
2026-05-25 18:47:19,1_1_0010,28,104,否,否,是,
2026-05-25 18:47:20,1_1_0008,28,104,否,否,是,
2026-05-25 18:47:25,1_1_0005,28,104,否,否,是,
2026-05-25 18:47:29,1_1_0009,28,104,否,否,是,
2026-05-25 18:47:36,1_1_0007,28,104,否,否,是,
2026-05-25 18:47:44,1_1_0003,28,104,否,否,是,
2026-05-25 18:47:56,1_1_0006,28,104,否,否,是,
2026-05-25 18:48:05,1_1_0004,28,104,否,否,是,
2026-05-25 18:48:14,1_1_0002,28,104,否,否,是,
2026-05-25 18:48:27,1_1_0001,28,104,否,否,是,
2026-05-25 18:48:59,1_1_0010,28,104,否,否,是,
2026-05-25 18:49:00,1_1_0008,28,104,否,否,是,
2026-05-25 18:49:05,1_1_0005,28,104,否,否,是,
2026-05-25 18:49:11,1_1_0009,28,104,否,否,是,
2026-05-25 18:49:20,1_1_0007,28,104,否,否,是,
2026-05-25 18:49:27,1_1_0003,28,104,否,否,是,
2026-05-25 18:49:37,1_1_0006,28,104,否,否,是,
2026-05-25 18:49:51,1_1_0004,28,104,否,否,是,
2026-05-25 18:50:09,1_1_0002,28,104,否,否,是,
2026-05-25 18:50:22,1_1_0001,28,104,否,否,是,
2026-05-25 18:50:54,1_1_0010,28,104,否,否,是,
2026-05-25 18:50:56,1_1_0008,28,104,否,否,是,
2026-05-25 18:51:00,1_1_0005,28,104,否,否,是,
2026-05-25 18:51:05,1_1_0009,28,104,否,否,是,
2026-05-25 18:51:11,1_1_0007,28,104,否,否,是,
2026-05-25 18:51:18,1_1_0003,28,104,否,否,是,
2026-05-25 18:51:29,1_1_0006,28,104,否,否,是,
2026-05-25 18:51:38,1_1_0004,28,104,否,否,是,
2026-05-25 18:51:52,1_1_0002,28,104,否,否,是,
2026-05-25 18:52:08,1_1_0001,28,104,否,否,是,
2026-05-25 18:52:39,1_1_0010,28,104,否,否,是,
2026-05-25 18:52:40,1_1_0008,28,104,否,否,是,
2026-05-25 18:52:44,1_1_0005,28,104,否,否,是,
2026-05-25 18:52:48,1_1_0009,28,104,否,否,是,
2026-05-25 18:52:54,1_1_0007,28,104,否,否,是,
2026-05-25 18:53:03,1_1_0003,28,104,否,否,是,
2026-05-25 18:53:13,1_1_0006,28,104,否,否,是,
2026-05-25 18:53:22,1_1_0004,28,104,否,否,是,
2026-05-25 18:53:35,1_1_0002,28,104,否,否,是,
2026-05-25 18:53:48,1_1_0001,28,104,否,否,是,
2026-05-25 18:54:21,1_1_0010,28,104,否,否,是,
2026-05-25 18:54:22,1_1_0008,28,104,否,否,是,
2026-05-25 18:54:29,1_1_0005,28,104,否,否,是,
2026-05-25 18:54:32,1_1_0009,28,104,否,否,是,
2026-05-25 18:54:36,1_1_0007,28,104,否,否,是,
2026-05-25 18:54:44,1_1_0003,28,104,否,否,是,
2026-05-25 18:54:53,1_1_0006,28,104,否,否,是,
2026-05-25 18:55:05,1_1_0004,28,104,否,否,是,
2026-05-25 18:55:16,1_1_0002,28,104,否,否,是,
2026-05-25 18:55:33,1_1_0001,28,104,否,否,是,
2026-05-25 18:56:05,1_1_0010,28,104,否,否,是,
2026-05-25 18:56:07,1_1_0008,28,104,否,否,是,
2026-05-25 18:56:14,1_1_0005,28,104,否,否,是,
2026-05-25 18:56:24,1_1_0009,28,104,否,否,是,
2026-05-25 18:56:31,1_1_0007,28,104,否,否,是,
2026-05-25 18:56:39,1_1_0003,28,104,否,否,是,
2026-05-25 18:56:50,1_1_0006,28,104,否,否,是,
2026-05-25 18:56:59,1_1_0004,28,104,否,否,是,
2026-05-25 18:57:14,1_1_0002,28,104,否,否,是,
2026-05-25 18:57:25,1_1_0001,28,104,否,否,是,
2026-05-25 18:57:58,1_1_0010,28,104,否,否,是,
2026-05-25 18:57:59,1_1_0008,28,104,否,否,是,
2026-05-25 18:58:08,1_1_0005,28,104,否,否,是,
2026-05-25 18:58:11,1_1_0009,28,104,否,否,是,
2026-05-25 18:58:20,1_1_0007,28,104,否,否,是,
2026-05-25 18:58:29,1_1_0003,28,104,否,否,是,
2026-05-25 18:58:37,1_1_0006,28,104,否,否,是,
2026-05-25 18:58:50,1_1_0004,28,104,否,否,是,
2026-05-25 18:59:02,1_1_0002,28,104,否,否,是,
2026-05-25 18:59:15,1_1_0001,28,104,否,否,是,
2026-05-25 18:59:47,1_1_0010,28,104,否,否,是,
2026-05-25 18:59:48,1_1_0008,28,104,否,否,是,
2026-05-25 18:59:54,1_1_0005,28,104,否,否,是,
2026-05-25 19:00:03,1_1_0009,28,104,否,否,是,
2026-05-25 19:00:11,1_1_0007,28,104,否,否,是,
2026-05-25 19:00:19,1_1_0003,28,104,否,否,是,
2026-05-25 19:00:31,1_1_0006,28,104,否,否,是,
2026-05-25 19:00:43,1_1_0004,28,104,否,否,是,
2026-05-25 19:00:57,1_1_0002,28,104,否,否,是,
2026-05-25 19:01:12,1_1_0001,28,104,否,否,是,
2026-05-25 19:01:43,1_1_0010,28,104,否,否,是,
2026-05-25 19:01:44,1_1_0008,28,104,否,否,是,
2026-05-25 19:01:49,1_1_0005,28,104,否,否,是,
2026-05-25 19:01:53,1_1_0009,28,104,否,否,是,
2026-05-25 19:02:00,1_1_0007,28,104,否,否,是,
2026-05-25 19:02:09,1_1_0003,28,104,否,否,是,
2026-05-25 19:02:20,1_1_0006,28,104,否,否,是,
2026-05-25 19:02:41,1_1_0004,0,0,否,否,否,2
2026-05-25 19:02:54,1_1_0002,28,104,否,否,是,
2026-05-25 19:03:04,1_1_0001,28,104,否,否,是,
2026-05-25 19:03:35,1_1_0010,28,104,否,否,是,
2026-05-25 19:03:37,1_1_0008,28,104,否,否,是,
2026-05-25 19:03:42,1_1_0005,28,104,否,否,是,
2026-05-25 19:03:46,1_1_0009,28,104,否,否,是,
2026-05-25 19:03:54,1_1_0007,28,104,否,否,是,
2026-05-25 19:04:04,1_1_0003,28,104,否,否,是,
2026-05-25 19:04:12,1_1_0006,28,104,否,否,是,
2026-05-25 19:04:23,1_1_0004,28,104,否,否,是,
2026-05-25 19:04:37,1_1_0002,28,104,否,否,是,
2026-05-25 19:04:50,1_1_0001,28,104,否,否,是,
2026-05-25 19:05:21,1_1_0010,28,104,否,否,是,
2026-05-25 19:05:22,1_1_0008,28,104,否,否,是,
2026-05-25 19:05:27,1_1_0005,28,104,否,否,是,
2026-05-25 19:05:31,1_1_0009,28,104,否,否,是,
2026-05-25 19:05:39,1_1_0007,28,104,否,否,是,
2026-05-25 19:05:49,1_1_0003,28,104,否,否,是,
2026-05-25 19:05:58,1_1_0006,28,104,否,否,是,
2026-05-25 19:06:10,1_1_0004,28,104,否,否,是,
2026-05-25 19:06:22,1_1_0002,28,104,否,否,是,
2026-05-25 19:06:34,1_1_0001,28,104,否,否,是,
2026-05-25 19:07:06,1_1_0010,28,104,否,否,是,
2026-05-25 19:07:08,1_1_0008,28,104,否,否,是,
2026-05-25 19:07:16,1_1_0005,28,104,否,否,是,
2026-05-25 19:07:19,1_1_0009,28,104,否,否,是,
2026-05-25 19:07:26,1_1_0007,28,104,否,否,是,
2026-05-25 19:07:35,1_1_0003,28,104,否,否,是,
2026-05-25 19:07:43,1_1_0006,28,104,否,否,是,
2026-05-25 19:07:57,1_1_0004,28,104,否,否,是,
2026-05-25 19:08:09,1_1_0002,28,104,否,否,是,
2026-05-25 19:08:21,1_1_0001,28,104,否,否,是,
2026-05-25 19:08:53,1_1_0010,28,104,否,否,是,
2026-05-25 19:08:54,1_1_0008,28,104,否,否,是,
2026-05-25 19:09:00,1_1_0005,28,104,否,否,是,
2026-05-25 19:09:04,1_1_0009,28,104,否,否,是,
2026-05-25 19:09:10,1_1_0007,28,104,否,否,是,
2026-05-25 19:09:19,1_1_0003,28,104,否,否,是,
2026-05-25 19:09:26,1_1_0006,28,104,否,否,是,
2026-05-25 19:09:37,1_1_0004,28,104,否,否,是,
2026-05-25 19:09:57,1_1_0002,0,0,否,否,否,2
2026-05-25 19:10:07,1_1_0001,28,104,否,否,是,
2026-05-25 19:10:39,1_1_0010,28,104,否,否,是,
2026-05-25 19:10:40,1_1_0008,28,104,否,否,是,
2026-05-25 19:10:48,1_1_0005,28,104,否,否,是,
2026-05-25 19:10:52,1_1_0009,28,104,否,否,是,
2026-05-25 19:10:57,1_1_0007,28,104,否,否,是,
2026-05-25 19:11:06,1_1_0003,28,104,否,否,是,
2026-05-25 19:11:17,1_1_0006,28,104,否,否,是,
2026-05-25 19:11:26,1_1_0004,28,104,否,否,是,
2026-05-25 19:11:37,1_1_0002,28,104,否,否,是,
2026-05-25 19:11:53,1_1_0001,28,104,否,否,是,
2026-05-25 19:12:25,1_1_0010,28,104,否,否,是,
2026-05-25 19:12:26,1_1_0008,28,104,否,否,是,
2026-05-25 19:12:31,1_1_0005,28,104,否,否,是,
2026-05-25 19:12:34,1_1_0009,28,104,否,否,是,
2026-05-25 19:12:43,1_1_0007,28,104,否,否,是,
2026-05-25 19:12:50,1_1_0003,28,104,否,否,是,
2026-05-25 19:13:00,1_1_0006,28,104,否,否,是,
2026-05-25 19:13:12,1_1_0004,28,104,否,否,是,
2026-05-25 19:13:25,1_1_0002,28,104,否,否,是,
2026-05-25 19:13:37,1_1_0001,28,104,否,否,是,
2026-05-25 19:14:09,1_1_0010,28,104,否,否,是,
2026-05-25 19:14:10,1_1_0008,28,104,否,否,是,
2026-05-25 19:14:15,1_1_0005,28,104,否,否,是,
2026-05-25 19:14:22,1_1_0009,28,104,否,否,是,
2026-05-25 19:14:29,1_1_0007,28,104,否,否,是,
2026-05-25 19:14:35,1_1_0003,28,104,否,否,是,
2026-05-25 19:14:45,1_1_0006,28,104,否,否,是,
2026-05-25 19:14:53,1_1_0004,28,104,否,否,是,
2026-05-25 19:15:08,1_1_0002,28,104,否,否,是,
2026-05-25 19:15:20,1_1_0001,28,104,否,否,是,
2026-05-25 19:15:52,1_1_0010,28,104,否,否,是,
2026-05-25 19:15:53,1_1_0008,28,104,否,否,是,
2026-05-25 19:15:59,1_1_0005,28,104,否,否,是,
2026-05-25 19:16:03,1_1_0009,28,104,否,否,是,
2026-05-25 19:16:12,1_1_0007,28,104,否,否,是,
2026-05-25 19:16:19,1_1_0003,28,104,否,否,是,
2026-05-25 19:16:29,1_1_0006,28,104,否,否,是,
2026-05-25 19:16:39,1_1_0004,28,104,否,否,是,
2026-05-25 19:16:51,1_1_0002,28,104,否,否,是,
2026-05-25 19:17:02,1_1_0001,28,104,否,否,是,
2026-05-25 19:17:34,1_1_0010,28,104,否,否,是,
2026-05-25 19:17:36,1_1_0008,28,104,否,否,是,
2026-05-25 19:17:43,1_1_0005,28,104,否,否,是,
2026-05-25 19:17:46,1_1_0009,28,104,否,否,是,
2026-05-25 19:17:53,1_1_0007,28,104,否,否,是,
2026-05-25 19:18:02,1_1_0003,28,104,否,否,是,
2026-05-25 19:18:12,1_1_0006,28,104,否,否,是,
2026-05-25 19:18:32,1_1_0004,0,0,否,否,否,2
2026-05-25 19:18:46,1_1_0002,28,104,否,否,是,
2026-05-25 19:18:57,1_1_0001,28,104,否,否,是,
2026-05-25 19:19:29,1_1_0010,28,104,否,否,是,
2026-05-25 19:19:30,1_1_0008,28,104,否,否,是,
2026-05-25 19:19:36,1_1_0005,28,104,否,否,是,
2026-05-25 19:19:40,1_1_0009,28,104,否,否,是,
2026-05-25 19:19:48,1_1_0007,28,104,否,否,是,
2026-05-25 19:19:55,1_1_0003,28,104,否,否,是,
2026-05-25 19:20:09,1_1_0006,28,104,否,否,是,
2026-05-25 19:20:19,1_1_0004,28,104,否,否,是,
2026-05-25 19:20:33,1_1_0002,28,104,否,否,是,
2026-05-25 19:20:46,1_1_0001,28,104,否,否,是,
2026-05-25 19:21:17,1_1_0010,28,104,否,否,是,
2026-05-25 19:21:18,1_1_0008,28,104,否,否,是,
2026-05-25 19:21:23,1_1_0005,28,104,否,否,是,
2026-05-25 19:21:26,1_1_0009,28,104,否,否,是,
2026-05-25 19:21:33,1_1_0007,28,104,否,否,是,
2026-05-25 19:21:41,1_1_0003,28,104,否,否,是,
2026-05-25 19:21:54,1_1_0006,28,104,否,否,是,
2026-05-25 19:22:05,1_1_0004,28,104,否,否,是,
2026-05-25 19:22:16,1_1_0002,28,104,否,否,是,
2026-05-25 19:22:28,1_1_0001,28,104,否,否,是,
2026-05-25 19:23:01,1_1_0010,28,104,否,否,是,
2026-05-25 19:23:02,1_1_0008,28,104,否,否,是,
2026-05-25 19:23:09,1_1_0005,28,104,否,否,是,
2026-05-25 19:23:13,1_1_0009,28,104,否,否,是,
2026-05-25 19:23:19,1_1_0007,28,104,否,否,是,
2026-05-25 19:23:27,1_1_0003,28,104,否,否,是,
2026-05-25 19:23:34,1_1_0006,28,104,否,否,是,
2026-05-25 19:23:46,1_1_0004,28,104,否,否,是,
2026-05-25 19:24:01,1_1_0002,28,104,否,否,是,
2026-05-25 19:24:12,1_1_0001,28,104,否,否,是,
2026-05-25 19:24:44,1_1_0010,28,104,否,否,是,
2026-05-25 19:24:46,1_1_0008,28,104,否,否,是,
2026-05-25 19:24:51,1_1_0005,28,104,否,否,是,
2026-05-25 19:24:54,1_1_0009,28,104,否,否,是,
2026-05-25 19:25:00,1_1_0007,28,104,否,否,是,
2026-05-25 19:25:06,1_1_0003,28,104,否,否,是,
2026-05-25 19:25:18,1_1_0006,28,104,否,否,是,
2026-05-25 19:25:26,1_1_0004,28,104,否,否,是,
2026-05-25 19:25:40,1_1_0002,28,104,否,否,是,
2026-05-25 19:25:50,1_1_0001,28,104,否,否,是,
2026-05-25 19:26:22,1_1_0010,28,104,否,否,是,
2026-05-25 19:26:23,1_1_0008,28,104,否,否,是,
2026-05-25 19:26:30,1_1_0005,28,104,否,否,是,
2026-05-25 19:26:34,1_1_0009,28,104,否,否,是,
2026-05-25 19:26:39,1_1_0007,28,104,否,否,是,
2026-05-25 19:26:49,1_1_0003,28,104,否,否,是,
2026-05-25 19:26:59,1_1_0006,28,104,否,否,是,
2026-05-25 19:27:08,1_1_0004,28,104,否,否,是,
2026-05-25 19:27:20,1_1_0002,28,104,否,否,是,
2026-05-25 19:27:32,1_1_0001,28,104,否,否,是,
2026-05-25 19:28:05,1_1_0010,28,104,否,否,是,
2026-05-25 19:28:06,1_1_0008,28,104,否,否,是,
2026-05-25 19:28:12,1_1_0005,28,104,否,否,是,
2026-05-25 19:28:17,1_1_0009,28,104,否,否,是,
2026-05-25 19:28:23,1_1_0007,28,104,否,否,是,
2026-05-25 19:28:32,1_1_0003,28,104,否,否,是,
2026-05-25 19:28:42,1_1_0006,28,104,否,否,是,
2026-05-25 19:28:52,1_1_0004,28,104,否,否,是,
2026-05-25 19:29:11,1_1_0002,28,104,否,否,是,
2026-05-25 19:29:22,1_1_0001,28,104,否,否,是,
2026-05-25 19:29:53,1_1_0010,28,104,否,否,是,
2026-05-25 19:29:55,1_1_0008,28,104,否,否,是,
2026-05-25 19:30:00,1_1_0005,28,104,否,否,是,
2026-05-25 19:30:07,1_1_0009,28,104,否,否,是,
2026-05-25 19:30:13,1_1_0007,28,104,否,否,是,
2026-05-25 19:30:22,1_1_0003,28,104,否,否,是,
2026-05-25 19:30:32,1_1_0006,28,104,否,否,是,
2026-05-25 19:30:46,1_1_0004,28,104,否,否,是,
2026-05-25 19:31:00,1_1_0002,28,104,否,否,是,
2026-05-25 19:31:12,1_1_0001,28,104,否,否,是,
2026-05-25 19:31:43,1_1_0010,28,104,否,否,是,
2026-05-25 19:31:44,1_1_0008,28,104,否,否,是,
2026-05-25 19:31:50,1_1_0005,28,104,否,否,是,
2026-05-25 19:31:55,1_1_0009,28,104,否,否,是,
2026-05-25 19:32:02,1_1_0007,28,104,否,否,是,
2026-05-25 19:32:10,1_1_0003,28,104,否,否,是,
2026-05-25 19:32:18,1_1_0006,28,104,否,否,是,
2026-05-25 19:32:39,1_1_0004,0,0,否,否,否,2
2026-05-25 19:32:49,1_1_0002,28,104,否,否,是,
2026-05-25 19:33:06,1_1_0001,28,104,否,否,是,
2026-05-25 19:33:41,1_1_0010,28,104,否,否,是,
2026-05-25 19:33:42,1_1_0008,28,104,否,否,是,
2026-05-25 19:33:46,1_1_0005,28,104,否,否,是,
2026-05-25 19:33:51,1_1_0009,28,104,否,否,是,
2026-05-25 19:33:59,1_1_0007,28,104,否,否,是,
2026-05-25 19:34:09,1_1_0003,28,104,否,否,是,
2026-05-25 19:34:30,1_1_0006,0,0,否,否,否,2
2026-05-25 19:34:42,1_1_0004,28,104,否,否,是,
2026-05-25 19:34:56,1_1_0002,28,104,否,否,是,
2026-05-25 19:35:08,1_1_0001,28,104,否,否,是,
2026-05-25 19:35:42,1_1_0010,28,104,否,否,是,
2026-05-25 19:35:43,1_1_0008,28,104,否,否,是,
2026-05-25 19:35:50,1_1_0005,28,104,否,否,是,
2026-05-25 19:35:54,1_1_0009,28,104,否,否,是,
2026-05-25 19:36:01,1_1_0007,28,104,否,否,是,
2026-05-25 19:36:10,1_1_0003,28,104,否,否,是,
2026-05-25 19:36:22,1_1_0006,28,104,否,否,是,
2026-05-25 19:36:31,1_1_0004,28,104,否,否,是,
2026-05-25 19:36:47,1_1_0002,28,104,否,否,是,
2026-05-25 19:37:01,1_1_0001,28,104,否,否,是,
2026-05-25 19:37:35,1_1_0010,28,104,否,否,是,
2026-05-25 19:37:36,1_1_0008,28,104,否,否,是,
2026-05-25 19:37:43,1_1_0005,28,104,否,否,是,
2026-05-25 19:37:48,1_1_0009,28,104,否,否,是,
2026-05-25 19:37:52,1_1_0007,28,104,否,否,是,
2026-05-25 19:38:04,1_1_0003,28,104,否,否,是,
2026-05-25 19:38:13,1_1_0006,28,104,否,否,是,
2026-05-25 19:38:24,1_1_0004,28,104,否,否,是,
2026-05-25 19:38:35,1_1_0002,28,104,否,否,是,
2026-05-25 19:38:47,1_1_0001,28,104,否,否,是,
2026-05-25 19:39:19,1_1_0010,28,104,否,否,是,
2026-05-25 19:39:20,1_1_0008,28,104,否,否,是,
2026-05-25 19:39:26,1_1_0005,28,104,否,否,是,
2026-05-25 19:39:30,1_1_0009,28,104,否,否,是,
2026-05-25 19:39:37,1_1_0007,28,104,否,否,是,
2026-05-25 19:39:47,1_1_0003,28,104,否,否,是,
2026-05-25 19:39:55,1_1_0006,28,104,否,否,是,
2026-05-25 19:40:06,1_1_0004,28,104,否,否,是,
2026-05-25 19:40:21,1_1_0002,28,104,否,否,是,
2026-05-25 19:40:32,1_1_0001,28,104,否,否,是,
2026-05-25 19:41:04,1_1_0010,28,104,否,否,是,
2026-05-25 19:41:05,1_1_0008,28,104,否,否,是,
2026-05-25 19:41:10,1_1_0005,28,104,否,否,是,
2026-05-25 19:41:14,1_1_0009,28,104,否,否,是,
2026-05-25 19:41:23,1_1_0007,28,104,否,否,是,
2026-05-25 19:41:31,1_1_0003,28,104,否,否,是,
2026-05-25 19:41:43,1_1_0006,28,104,否,否,是,
2026-05-25 19:41:53,1_1_0004,28,104,否,否,是,
2026-05-25 19:42:09,1_1_0002,28,104,否,否,是,
2026-05-25 19:42:20,1_1_0001,28,104,否,否,是,
2026-05-25 19:42:52,1_1_0010,28,104,否,否,是,
2026-05-25 19:42:53,1_1_0008,28,104,否,否,是,
2026-05-25 19:42:57,1_1_0005,28,104,否,否,是,
2026-05-25 19:43:03,1_1_0009,28,104,否,否,是,
2026-05-25 19:43:13,1_1_0007,28,104,否,否,是,
2026-05-25 19:43:23,1_1_0003,28,104,否,否,是,
2026-05-25 19:43:33,1_1_0006,28,104,否,否,是,
2026-05-25 19:43:44,1_1_0004,28,104,否,否,是,
2026-05-25 19:43:56,1_1_0002,28,104,否,否,是,
2026-05-25 19:44:07,1_1_0001,28,104,否,否,是,
2026-05-25 19:44:40,1_1_0010,28,104,否,否,是,
2026-05-25 19:44:41,1_1_0008,28,104,否,否,是,
2026-05-25 19:44:51,1_1_0005,28,104,否,否,是,
2026-05-25 19:44:55,1_1_0009,28,104,否,否,是,
2026-05-25 19:45:00,1_1_0007,28,104,否,否,是,
2026-05-25 19:45:09,1_1_0003,28,104,否,否,是,
2026-05-25 19:45:18,1_1_0006,28,104,否,否,是,
2026-05-25 19:45:28,1_1_0004,28,104,否,否,是,
2026-05-25 19:45:40,1_1_0002,28,104,否,否,是,
2026-05-25 19:45:49,1_1_0001,28,104,否,否,是,
2026-05-25 19:46:21,1_1_0010,28,104,否,否,是,
2026-05-25 19:46:22,1_1_0008,28,104,否,否,是,
2026-05-25 19:46:27,1_1_0005,28,104,否,否,是,
2026-05-25 19:46:35,1_1_0009,28,104,否,否,是,
2026-05-25 19:46:43,1_1_0007,28,104,否,否,是,
2026-05-25 19:46:49,1_1_0003,28,104,否,否,是,
2026-05-25 19:46:57,1_1_0006,28,104,否,否,是,
2026-05-25 19:47:07,1_1_0004,28,104,否,否,是,
2026-05-25 19:47:21,1_1_0002,28,104,否,否,是,
2026-05-25 19:47:33,1_1_0001,28,104,否,否,是,
2026-05-25 19:48:05,1_1_0010,28,104,否,否,是,
2026-05-25 19:48:06,1_1_0008,28,104,否,否,是,
2026-05-25 19:48:11,1_1_0005,28,104,否,否,是,
2026-05-25 19:48:32,1_1_0009,0,0,否,否,否,2
2026-05-25 19:48:38,1_1_0007,28,104,否,否,是,
2026-05-25 19:48:46,1_1_0003,28,104,否,否,是,
2026-05-25 19:48:56,1_1_0006,28,104,否,否,是,
2026-05-25 19:49:07,1_1_0004,28,104,否,否,是,
2026-05-25 19:49:22,1_1_0002,28,104,否,否,是,
2026-05-25 19:49:33,1_1_0001,28,104,否,否,是,
2026-05-25 19:50:05,1_1_0010,28,104,否,否,是,
2026-05-25 19:50:06,1_1_0008,28,104,否,否,是,
2026-05-25 19:50:12,1_1_0005,28,104,否,否,是,
2026-05-25 19:50:15,1_1_0009,28,104,否,否,是,
2026-05-25 19:50:22,1_1_0007,28,104,否,否,是,
2026-05-25 19:50:30,1_1_0003,28,104,否,否,是,
2026-05-25 19:50:39,1_1_0006,28,104,否,否,是,
2026-05-25 19:50:49,1_1_0004,28,104,否,否,是,
2026-05-25 19:51:00,1_1_0002,28,104,否,否,是,
2026-05-25 19:51:09,1_1_0001,28,104,否,否,是,
2026-05-25 19:51:42,1_1_0010,28,104,否,否,是,
2026-05-25 19:51:43,1_1_0008,28,104,否,否,是,
2026-05-25 19:51:50,1_1_0005,28,104,否,否,是,
2026-05-25 19:51:54,1_1_0009,28,104,否,否,是,
2026-05-25 19:52:01,1_1_0007,28,104,否,否,是,
2026-05-25 19:52:09,1_1_0003,28,104,否,否,是,
2026-05-25 19:52:17,1_1_0006,28,104,否,否,是,
2026-05-25 19:52:29,1_1_0004,28,104,否,否,是,
2026-05-25 19:52:42,1_1_0002,28,104,否,否,是,
2026-05-25 19:52:57,1_1_0001,28,104,否,否,是,
2026-05-25 19:53:29,1_1_0010,28,104,否,否,是,
2026-05-25 19:53:30,1_1_0008,28,104,否,否,是,
2026-05-25 19:53:37,1_1_0005,28,104,否,否,是,
2026-05-25 19:53:40,1_1_0009,28,104,否,否,是,
2026-05-25 19:53:46,1_1_0007,28,104,否,否,是,
2026-05-25 19:53:59,1_1_0003,28,104,否,否,是,
2026-05-25 19:54:06,1_1_0006,28,104,否,否,是,
2026-05-25 19:54:16,1_1_0004,28,104,否,否,是,
2026-05-25 19:54:29,1_1_0002,28,104,否,否,是,
2026-05-25 19:54:41,1_1_0001,28,104,否,否,是,
2026-05-25 19:55:13,1_1_0010,28,104,否,否,是,
2026-05-25 19:55:14,1_1_0008,28,104,否,否,是,
2026-05-25 19:55:21,1_1_0005,28,104,否,否,是,
2026-05-25 19:55:27,1_1_0009,28,104,否,否,是,
2026-05-25 19:55:33,1_1_0007,28,104,否,否,是,
2026-05-25 19:55:42,1_1_0003,28,104,否,否,是,
2026-05-25 19:55:51,1_1_0006,28,104,否,否,是,
2026-05-25 19:56:00,1_1_0004,28,104,否,否,是,
2026-05-25 19:56:14,1_1_0002,28,104,否,否,是,
2026-05-25 19:56:28,1_1_0001,28,104,否,否,是,
2026-05-25 19:57:00,1_1_0010,28,104,否,否,是,
2026-05-25 19:57:02,1_1_0008,28,104,否,否,是,
2026-05-25 19:57:08,1_1_0005,28,104,否,否,是,
2026-05-25 19:57:12,1_1_0009,28,104,否,否,是,
2026-05-25 19:57:18,1_1_0007,28,104,否,否,是,
2026-05-25 19:57:28,1_1_0003,28,104,否,否,是,
2026-05-25 19:57:38,1_1_0006,28,104,否,否,是,
2026-05-25 19:57:49,1_1_0004,28,104,否,否,是,
2026-05-25 19:58:02,1_1_0002,28,104,否,否,是,
2026-05-25 19:58:15,1_1_0001,28,104,否,否,是,
2026-05-25 19:58:49,1_1_0010,28,104,否,否,是,
2026-05-25 19:58:51,1_1_0008,28,104,否,否,是,
2026-05-25 19:58:56,1_1_0005,28,104,否,否,是,
2026-05-25 19:59:02,1_1_0009,28,104,否,否,是,
2026-05-25 19:59:09,1_1_0007,28,104,否,否,是,
2026-05-25 19:59:16,1_1_0003,28,104,否,否,是,
2026-05-25 19:59:28,1_1_0006,28,104,否,否,是,
2026-05-25 19:59:38,1_1_0004,28,104,否,否,是,
2026-05-25 19:59:49,1_1_0002,28,104,否,否,是,
2026-05-25 20:00:00,1_1_0001,28,104,否,否,是,
2026-05-25 20:00:32,1_1_0010,28,104,否,否,是,
2026-05-25 20:00:33,1_1_0008,28,104,否,否,是,
2026-05-25 20:00:41,1_1_0005,28,104,否,否,是,
2026-05-25 20:00:46,1_1_0009,28,104,否,否,是,
2026-05-25 20:00:52,1_1_0007,28,104,否,否,是,
2026-05-25 20:01:00,1_1_0003,28,104,否,否,是,
2026-05-25 20:01:15,1_1_0006,28,104,否,否,是,
2026-05-25 20:01:27,1_1_0004,28,104,否,否,是,
2026-05-25 20:01:43,1_1_0002,28,104,否,否,是,
2026-05-25 20:01:56,1_1_0001,28,104,否,否,是,
2026-05-25 20:02:29,1_1_0010,28,104,否,否,是,
2026-05-25 20:02:30,1_1_0008,28,104,否,否,是,
2026-05-25 20:02:35,1_1_0005,28,104,否,否,是,
2026-05-25 20:02:39,1_1_0009,28,104,否,否,是,
2026-05-25 20:02:45,1_1_0007,28,104,否,否,是,
2026-05-25 20:02:57,1_1_0003,28,104,否,否,是,
2026-05-25 20:03:06,1_1_0006,28,104,否,否,是,
2026-05-25 20:03:19,1_1_0004,28,104,否,否,是,
2026-05-25 20:03:30,1_1_0002,28,104,否,否,是,
2026-05-25 20:03:41,1_1_0001,28,104,否,否,是,
2026-05-25 20:04:14,1_1_0010,28,104,否,否,是,
2026-05-25 20:04:15,1_1_0008,28,104,否,否,是,
2026-05-25 20:04:20,1_1_0005,28,104,否,否,是,
2026-05-25 20:04:24,1_1_0009,28,104,否,否,是,
2026-05-25 20:04:32,1_1_0007,28,104,否,否,是,
2026-05-25 20:04:40,1_1_0003,28,104,否,否,是,
2026-05-25 20:04:47,1_1_0006,28,104,否,否,是,
2026-05-25 20:04:56,1_1_0004,28,104,否,否,是,
2026-05-25 20:05:07,1_1_0002,28,104,否,否,是,
2026-05-25 20:05:23,1_1_0001,28,104,否,否,是,
2026-05-25 20:05:55,1_1_0010,28,104,否,否,是,
2026-05-25 20:05:57,1_1_0008,28,104,否,否,是,
2026-05-25 20:06:01,1_1_0005,28,104,否,否,是,
2026-05-25 20:06:05,1_1_0009,28,104,否,否,是,
2026-05-25 20:06:13,1_1_0007,28,104,否,否,是,
2026-05-25 20:06:22,1_1_0003,28,104,否,否,是,
2026-05-25 20:06:31,1_1_0006,28,104,否,否,是,
2026-05-25 20:06:42,1_1_0004,28,104,否,否,是,
2026-05-25 20:06:55,1_1_0002,28,104,否,否,是,
2026-05-25 20:07:08,1_1_0001,28,104,否,否,是,
2026-05-25 20:07:40,1_1_0010,28,104,否,否,是,
2026-05-25 20:07:41,1_1_0008,28,104,否,否,是,
2026-05-25 20:07:46,1_1_0005,28,104,否,否,是,
2026-05-25 20:07:50,1_1_0009,28,104,否,否,是,
2026-05-25 20:07:55,1_1_0007,28,104,否,否,是,
2026-05-25 20:08:07,1_1_0003,28,104,否,否,是,
2026-05-25 20:08:16,1_1_0006,28,104,否,否,是,
2026-05-25 20:08:26,1_1_0004,28,104,否,否,是,
2026-05-25 20:08:41,1_1_0002,28,104,否,否,是,
2026-05-25 20:08:53,1_1_0001,28,104,否,否,是,
2026-05-25 20:09:25,1_1_0010,28,104,否,否,是,
2026-05-25 20:09:27,1_1_0008,28,104,否,否,是,
2026-05-25 20:09:35,1_1_0005,28,104,否,否,是,
2026-05-25 20:09:38,1_1_0009,28,104,否,否,是,
2026-05-25 20:09:49,1_1_0007,28,104,否,否,是,
2026-05-25 20:09:56,1_1_0003,28,104,否,否,是,
2026-05-25 20:10:08,1_1_0006,28,104,否,否,是,
2026-05-25 20:10:19,1_1_0004,28,104,否,否,是,
2026-05-25 20:10:31,1_1_0002,28,104,否,否,是,
2026-05-25 20:10:43,1_1_0001,28,104,否,否,是,
2026-05-25 20:11:14,1_1_0010,28,104,否,否,是,
2026-05-25 20:11:15,1_1_0008,28,104,否,否,是,
2026-05-25 20:11:19,1_1_0005,28,104,否,否,是,
2026-05-25 20:11:24,1_1_0009,28,104,否,否,是,
2026-05-25 20:11:31,1_1_0007,28,104,否,否,是,
2026-05-25 20:11:38,1_1_0003,28,104,否,否,是,
2026-05-25 20:11:50,1_1_0006,28,104,否,否,是,
2026-05-25 20:11:59,1_1_0004,28,104,否,否,是,
2026-05-25 20:12:12,1_1_0002,28,104,否,否,是,
2026-05-25 20:12:26,1_1_0001,28,104,否,否,是,
2026-05-25 20:12:58,1_1_0010,28,104,否,否,是,
2026-05-25 20:13:00,1_1_0008,28,104,否,否,是,
2026-05-25 20:13:06,1_1_0005,28,104,否,否,是,
2026-05-25 20:13:10,1_1_0009,28,104,否,否,是,
2026-05-25 20:13:15,1_1_0007,28,104,否,否,是,
2026-05-25 20:13:22,1_1_0003,28,104,否,否,是,
2026-05-25 20:13:33,1_1_0006,28,104,否,否,是,
2026-05-25 20:13:41,1_1_0004,28,104,否,否,是,
2026-05-25 20:14:01,1_1_0002,28,104,否,否,是,
2026-05-25 20:14:13,1_1_0001,28,104,否,否,是,
2026-05-25 20:14:46,1_1_0010,28,104,否,否,是,
2026-05-25 20:14:47,1_1_0008,28,104,否,否,是,
2026-05-25 20:14:53,1_1_0005,28,104,否,否,是,
2026-05-25 20:14:57,1_1_0009,28,104,否,否,是,
2026-05-25 20:15:06,1_1_0007,28,104,否,否,是,
2026-05-25 20:15:15,1_1_0003,28,104,否,否,是,
2026-05-25 20:15:23,1_1_0006,28,104,否,否,是,
2026-05-25 20:15:35,1_1_0004,28,104,否,否,是,
2026-05-25 20:15:46,1_1_0002,28,104,否,否,是,
2026-05-25 20:15:58,1_1_0001,28,104,否,否,是,
2026-05-25 20:16:31,1_1_0010,28,104,否,否,是,
2026-05-25 20:16:32,1_1_0008,28,104,否,否,是,
2026-05-25 20:16:37,1_1_0005,28,104,否,否,是,
2026-05-25 20:16:42,1_1_0009,28,104,否,否,是,
2026-05-25 20:16:50,1_1_0007,28,104,否,否,是,
2026-05-25 20:16:56,1_1_0003,28,104,否,否,是,
2026-05-25 20:17:08,1_1_0006,28,104,否,否,是,
2026-05-25 20:17:20,1_1_0004,28,104,否,否,是,
2026-05-25 20:17:34,1_1_0002,28,104,否,否,是,
2026-05-25 20:17:51,1_1_0001,28,104,否,否,是,
2026-05-25 20:18:22,1_1_0010,28,104,否,否,是,
2026-05-25 20:18:23,1_1_0008,28,104,否,否,是,
2026-05-25 20:18:28,1_1_0005,28,104,否,否,是,
2026-05-25 20:18:31,1_1_0009,28,104,否,否,是,
2026-05-25 20:18:40,1_1_0007,28,104,否,否,是,
2026-05-25 20:18:49,1_1_0003,28,104,否,否,是,
2026-05-25 20:18:58,1_1_0006,28,104,否,否,是,
2026-05-25 20:19:08,1_1_0004,28,104,否,否,是,
2026-05-25 20:19:22,1_1_0002,28,104,否,否,是,
2026-05-25 20:19:33,1_1_0001,28,104,否,否,是,
2026-05-25 20:20:04,1_1_0010,28,104,否,否,是,
2026-05-25 20:20:06,1_1_0008,28,104,否,否,是,
2026-05-25 20:20:13,1_1_0005,28,104,否,否,是,
2026-05-25 20:20:16,1_1_0009,28,104,否,否,是,
2026-05-25 20:20:23,1_1_0007,28,104,否,否,是,
2026-05-25 20:20:32,1_1_0003,28,104,否,否,是,
2026-05-25 20:20:41,1_1_0006,28,104,否,否,是,
2026-05-25 20:20:50,1_1_0004,28,104,否,否,是,
2026-05-25 20:21:03,1_1_0002,28,104,否,否,是,
2026-05-25 20:21:14,1_1_0001,28,104,否,否,是,
2026-05-25 20:21:46,1_1_0010,28,104,否,否,是,
2026-05-25 20:21:47,1_1_0008,28,104,否,否,是,
2026-05-25 20:21:51,1_1_0005,28,104,否,否,是,
2026-05-25 20:21:56,1_1_0009,28,104,否,否,是,
2026-05-25 20:22:02,1_1_0007,28,104,否,否,是,
2026-05-25 20:22:09,1_1_0003,28,104,否,否,是,
2026-05-25 20:22:18,1_1_0006,28,104,否,否,是,
2026-05-25 20:22:30,1_1_0004,28,104,否,否,是,
2026-05-25 20:22:40,1_1_0002,28,104,否,否,是,
2026-05-25 20:22:48,1_1_0001,28,104,否,否,是,
2026-05-25 20:23:21,1_1_0010,28,104,否,否,是,
2026-05-25 20:23:22,1_1_0008,28,104,否,否,是,
2026-05-25 20:23:28,1_1_0005,28,104,否,否,是,
2026-05-25 20:23:33,1_1_0009,28,104,否,否,是,
2026-05-25 20:23:40,1_1_0007,28,104,否,否,是,
2026-05-25 20:23:52,1_1_0003,28,104,否,否,是,
2026-05-25 20:24:06,1_1_0006,28,104,否,否,是,
2026-05-25 20:24:19,1_1_0004,28,104,否,否,是,
2026-05-25 20:24:32,1_1_0002,28,104,否,否,是,
2026-05-25 20:24:45,1_1_0001,28,104,否,否,是,
2026-05-25 20:25:16,1_1_0010,28,104,否,否,是,
2026-05-25 20:25:17,1_1_0008,28,104,否,否,是,
2026-05-25 20:25:22,1_1_0005,28,104,否,否,是,
2026-05-25 20:25:27,1_1_0009,28,104,否,否,是,
2026-05-25 20:25:33,1_1_0007,28,104,否,否,是,
2026-05-25 20:25:39,1_1_0003,28,104,否,否,是,
2026-05-25 20:25:48,1_1_0006,28,104,否,否,是,
2026-05-25 20:25:58,1_1_0004,28,104,否,否,是,
2026-05-25 20:26:11,1_1_0002,28,104,否,否,是,
2026-05-25 20:26:25,1_1_0001,28,104,否,否,是,
2026-05-25 20:26:56,1_1_0010,28,104,否,否,是,
2026-05-25 20:26:57,1_1_0008,28,104,否,否,是,
2026-05-25 20:27:04,1_1_0005,28,104,否,否,是,
2026-05-25 20:27:07,1_1_0009,28,104,否,否,是,
2026-05-25 20:27:15,1_1_0007,28,104,否,否,是,
2026-05-25 20:27:22,1_1_0003,28,104,否,否,是,
2026-05-25 20:27:36,1_1_0006,28,104,否,否,是,
2026-05-25 20:27:44,1_1_0004,28,104,否,否,是,
2026-05-25 20:28:00,1_1_0002,28,104,否,否,是,
2026-05-25 20:28:12,1_1_0001,28,104,否,否,是,
2026-05-25 20:28:44,1_1_0010,28,104,否,否,是,
2026-05-25 20:28:45,1_1_0008,28,104,否,否,是,
2026-05-25 20:28:53,1_1_0005,28,104,否,否,是,
2026-05-25 20:28:58,1_1_0009,28,104,否,否,是,
2026-05-25 20:29:05,1_1_0007,28,104,否,否,是,
2026-05-25 20:29:14,1_1_0003,28,104,否,否,是,
2026-05-25 20:29:26,1_1_0006,28,104,否,否,是,
2026-05-25 20:29:38,1_1_0004,28,104,否,否,是,
2026-05-25 20:29:54,1_1_0002,28,104,否,否,是,
2026-05-25 20:30:05,1_1_0001,28,104,否,否,是,
2026-05-25 20:30:36,1_1_0010,28,104,否,否,是,
2026-05-25 20:30:38,1_1_0008,28,104,否,否,是,
2026-05-25 20:30:44,1_1_0005,28,104,否,否,是,
2026-05-25 20:30:47,1_1_0009,28,104,否,否,是,
2026-05-25 20:30:51,1_1_0007,28,104,否,否,是,
2026-05-25 20:31:01,1_1_0003,28,104,否,否,是,
2026-05-25 20:31:12,1_1_0006,28,104,否,否,是,
2026-05-25 20:31:21,1_1_0004,28,104,否,否,是,
2026-05-25 20:31:32,1_1_0002,28,104,否,否,是,
2026-05-25 20:31:47,1_1_0001,28,104,否,否,是,
2026-05-25 20:32:19,1_1_0010,28,104,否,否,是,
2026-05-25 20:32:21,1_1_0008,28,104,否,否,是,
2026-05-25 20:32:28,1_1_0005,28,104,否,否,是,
2026-05-25 20:32:33,1_1_0009,28,104,否,否,是,
2026-05-25 20:32:40,1_1_0007,28,104,否,否,是,
2026-05-25 20:32:48,1_1_0003,28,104,否,否,是,
2026-05-25 20:32:58,1_1_0006,28,104,否,否,是,
2026-05-25 20:33:10,1_1_0004,28,104,否,否,是,
2026-05-25 20:33:22,1_1_0002,28,104,否,否,是,
2026-05-25 20:33:37,1_1_0001,28,104,否,否,是,
2026-05-25 20:34:12,1_1_0010,28,104,否,否,是,
2026-05-25 20:34:13,1_1_0008,28,104,否,否,是,
2026-05-25 20:34:19,1_1_0005,28,104,否,否,是,
2026-05-25 20:34:22,1_1_0009,28,104,否,否,是,
2026-05-25 20:34:32,1_1_0007,28,104,否,否,是,
2026-05-25 20:34:41,1_1_0003,28,104,否,否,是,
2026-05-25 20:34:53,1_1_0006,28,104,否,否,是,
2026-05-25 20:35:01,1_1_0004,28,104,否,否,是,
2026-05-25 20:35:12,1_1_0002,28,104,否,否,是,
2026-05-25 20:35:22,1_1_0001,28,104,否,否,是,
2026-05-25 20:35:54,1_1_0010,28,104,否,否,是,
2026-05-25 20:35:56,1_1_0008,28,104,否,否,是,
2026-05-25 20:36:04,1_1_0005,28,104,否,否,是,
2026-05-25 20:36:11,1_1_0009,28,104,否,否,是,
2026-05-25 20:36:19,1_1_0007,28,104,否,否,是,
2026-05-25 20:36:27,1_1_0003,28,104,否,否,是,
2026-05-25 20:36:36,1_1_0006,28,104,否,否,是,
2026-05-25 20:36:46,1_1_0004,28,104,否,否,是,
2026-05-25 20:37:02,1_1_0002,28,104,否,否,是,
2026-05-25 20:37:10,1_1_0001,28,104,否,否,是,
2026-05-25 20:37:41,1_1_0010,28,104,否,否,是,
2026-05-25 20:37:43,1_1_0008,28,104,否,否,是,
2026-05-25 20:37:47,1_1_0005,28,104,否,否,是,
2026-05-25 20:37:51,1_1_0009,28,104,否,否,是,
2026-05-25 20:37:56,1_1_0007,28,104,否,否,是,
2026-05-25 20:38:05,1_1_0003,28,104,否,否,是,
2026-05-25 20:38:17,1_1_0006,28,104,否,否,是,
2026-05-25 20:38:28,1_1_0004,28,104,否,否,是,
2026-05-25 20:38:38,1_1_0002,28,104,否,否,是,
2026-05-25 20:38:52,1_1_0001,28,104,否,否,是,
2026-05-25 20:39:25,1_1_0010,28,104,否,否,是,
2026-05-25 20:39:26,1_1_0008,28,104,否,否,是,
2026-05-25 20:39:34,1_1_0005,28,104,否,否,是,
2026-05-25 20:39:38,1_1_0009,28,104,否,否,是,
2026-05-25 20:39:45,1_1_0007,28,104,否,否,是,
2026-05-25 20:39:56,1_1_0003,28,104,否,否,是,
2026-05-25 20:40:10,1_1_0006,28,104,否,否,是,
2026-05-25 20:40:18,1_1_0004,28,104,否,否,是,
2026-05-25 20:40:29,1_1_0002,28,104,否,否,是,
2026-05-25 20:40:41,1_1_0001,28,104,否,否,是,
2026-05-25 20:41:13,1_1_0010,28,104,否,否,是,
2026-05-25 20:41:14,1_1_0008,28,104,否,否,是,
2026-05-25 20:41:24,1_1_0005,28,104,否,否,是,
2026-05-25 20:41:29,1_1_0009,28,104,否,否,是,
2026-05-25 20:41:34,1_1_0007,28,104,否,否,是,
2026-05-25 20:41:40,1_1_0003,28,104,否,否,是,
2026-05-25 20:41:51,1_1_0006,28,104,否,否,是,
2026-05-25 20:42:01,1_1_0004,28,104,否,否,是,
2026-05-25 20:42:15,1_1_0002,28,104,否,否,是,
2026-05-25 20:42:27,1_1_0001,28,104,否,否,是,
2026-05-25 20:43:00,1_1_0010,28,104,否,否,是,
2026-05-25 20:43:02,1_1_0008,28,104,否,否,是,
2026-05-25 20:43:07,1_1_0005,28,104,否,否,是,
2026-05-25 20:43:10,1_1_0009,28,104,否,否,是,
2026-05-25 20:43:17,1_1_0007,28,104,否,否,是,
2026-05-25 20:43:25,1_1_0003,28,104,否,否,是,
2026-05-25 20:43:32,1_1_0006,28,104,否,否,是,
2026-05-25 20:43:43,1_1_0004,28,104,否,否,是,
2026-05-25 20:43:56,1_1_0002,28,104,否,否,是,
2026-05-25 20:44:06,1_1_0001,28,104,否,否,是,
2026-05-25 20:44:38,1_1_0010,28,104,否,否,是,
2026-05-25 20:44:39,1_1_0008,28,104,否,否,是,
2026-05-25 20:44:43,1_1_0005,28,104,否,否,是,
2026-05-25 20:45:04,1_1_0009,0,0,否,否,否,2
2026-05-25 20:45:09,1_1_0007,28,104,否,否,是,
2026-05-25 20:45:18,1_1_0003,28,104,否,否,是,
2026-05-25 20:45:27,1_1_0006,28,104,否,否,是,
2026-05-25 20:45:38,1_1_0004,28,104,否,否,是,
2026-05-25 20:45:50,1_1_0002,28,104,否,否,是,
2026-05-25 20:46:11,1_1_0001,28,104,否,否,是,
2026-05-25 20:46:42,1_1_0010,28,104,否,否,是,
2026-05-25 20:46:44,1_1_0008,28,104,否,否,是,
2026-05-25 20:46:49,1_1_0005,28,104,否,否,是,
2026-05-25 20:46:55,1_1_0009,28,104,否,否,是,
2026-05-25 20:47:04,1_1_0007,28,104,否,否,是,
2026-05-25 20:47:12,1_1_0003,28,104,否,否,是,
2026-05-25 20:47:19,1_1_0006,28,104,否,否,是,
2026-05-25 20:47:30,1_1_0004,28,104,否,否,是,
2026-05-25 20:47:41,1_1_0002,28,104,否,否,是,
2026-05-25 20:47:53,1_1_0001,28,104,否,否,是,
2026-05-25 20:48:25,1_1_0010,28,104,否,否,是,
2026-05-25 20:48:26,1_1_0008,28,104,否,否,是,
2026-05-25 20:48:32,1_1_0005,28,104,否,否,是,
2026-05-25 20:48:35,1_1_0009,28,104,否,否,是,
2026-05-25 20:48:43,1_1_0007,28,104,否,否,是,
2026-05-25 20:48:50,1_1_0003,28,104,否,否,是,
2026-05-25 20:48:59,1_1_0006,28,104,否,否,是,
2026-05-25 20:49:11,1_1_0004,28,104,否,否,是,
2026-05-25 20:49:26,1_1_0002,28,104,否,否,是,
2026-05-25 20:49:37,1_1_0001,28,104,否,否,是,
2026-05-25 20:50:09,1_1_0010,28,104,否,否,是,
2026-05-25 20:50:10,1_1_0008,28,104,否,否,是,
2026-05-25 20:50:16,1_1_0005,28,104,否,否,是,
2026-05-25 20:50:20,1_1_0009,28,104,否,否,是,
2026-05-25 20:50:27,1_1_0007,28,104,否,否,是,
2026-05-25 20:50:36,1_1_0003,28,104,否,否,是,
2026-05-25 20:50:44,1_1_0006,28,104,否,否,是,
2026-05-25 20:50:58,1_1_0004,28,104,否,否,是,
2026-05-25 20:51:09,1_1_0002,28,104,否,否,是,
2026-05-25 20:51:19,1_1_0001,28,104,否,否,是,
2026-05-25 20:51:52,1_1_0010,28,104,否,否,是,
2026-05-25 20:51:53,1_1_0008,28,104,否,否,是,
2026-05-25 20:52:00,1_1_0005,28,104,否,否,是,
2026-05-25 20:52:03,1_1_0009,28,104,否,否,是,
2026-05-25 20:52:14,1_1_0007,28,104,否,否,是,
2026-05-25 20:52:22,1_1_0003,28,104,否,否,是,
2026-05-25 20:52:30,1_1_0006,28,104,否,否,是,
2026-05-25 20:52:41,1_1_0004,28,104,否,否,是,
2026-05-25 20:52:52,1_1_0002,28,104,否,否,是,
2026-05-25 20:53:06,1_1_0001,28,104,否,否,是,
2026-05-25 20:53:38,1_1_0010,28,104,否,否,是,
2026-05-25 20:53:38,1_1_0008,28,104,否,否,是,
2026-05-25 20:53:45,1_1_0005,28,104,否,否,是,
2026-05-25 20:53:49,1_1_0009,28,104,否,否,是,
2026-05-25 20:54:09,1_1_0007,0,0,否,否,否,2
2026-05-25 20:54:15,1_1_0003,28,104,否,否,是,
2026-05-25 20:54:26,1_1_0006,28,104,否,否,是,
2026-05-25 20:54:36,1_1_0004,28,104,否,否,是,
2026-05-25 20:54:51,1_1_0002,28,104,否,否,是,
2026-05-25 20:55:01,1_1_0001,28,104,否,否,是,
2026-05-25 20:55:35,1_1_0010,28,104,否,否,是,
2026-05-25 20:55:36,1_1_0008,28,104,否,否,是,
2026-05-25 20:55:41,1_1_0005,28,104,否,否,是,
2026-05-25 20:55:45,1_1_0009,28,104,否,否,是,
2026-05-25 20:55:51,1_1_0007,28,104,否,否,是,
2026-05-25 20:55:57,1_1_0003,28,104,否,否,是,
2026-05-25 20:56:07,1_1_0006,28,104,否,否,是,
2026-05-25 20:56:15,1_1_0004,28,104,否,否,是,
2026-05-25 20:56:26,1_1_0002,28,104,否,否,是,
2026-05-25 20:56:36,1_1_0001,28,104,否,否,是,
2026-05-25 20:57:07,1_1_0010,28,104,否,否,是,
2026-05-25 20:57:08,1_1_0008,28,104,否,否,是,
2026-05-25 20:57:13,1_1_0005,28,104,否,否,是,
2026-05-25 20:57:18,1_1_0009,28,104,否,否,是,
2026-05-25 20:57:23,1_1_0007,28,104,否,否,是,
2026-05-25 20:57:33,1_1_0003,28,104,否,否,是,
2026-05-25 20:57:43,1_1_0006,28,104,否,否,是,
2026-05-25 20:57:53,1_1_0004,28,104,否,否,是,
2026-05-25 20:58:06,1_1_0002,28,104,否,否,是,
2026-05-25 20:58:14,1_1_0001,28,104,否,否,是,
2026-05-25 20:58:47,1_1_0010,28,104,否,否,是,
2026-05-25 20:58:48,1_1_0008,28,104,否,否,是,
2026-05-25 20:58:57,1_1_0005,28,104,否,否,是,
2026-05-25 20:59:03,1_1_0009,28,104,否,否,是,
2026-05-25 20:59:13,1_1_0007,28,104,否,否,是,
2026-05-25 20:59:19,1_1_0003,28,104,否,否,是,
2026-05-25 20:59:30,1_1_0006,28,104,否,否,是,
2026-05-25 20:59:42,1_1_0004,28,104,否,否,是,
2026-05-25 20:59:56,1_1_0002,28,104,否,否,是,
2026-05-25 21:00:09,1_1_0001,28,104,否,否,是,
2026-05-25 21:00:41,1_1_0010,28,104,否,否,是,
2026-05-25 21:00:42,1_1_0008,28,104,否,否,是,
2026-05-25 21:00:47,1_1_0005,28,104,否,否,是,
2026-05-25 21:00:53,1_1_0009,28,104,否,否,是,
2026-05-25 21:01:03,1_1_0007,28,104,否,否,是,
2026-05-25 21:01:12,1_1_0003,28,104,否,否,是,
2026-05-25 21:01:22,1_1_0006,28,104,否,否,是,
2026-05-25 21:01:33,1_1_0004,28,104,否,否,是,
2026-05-25 21:01:50,1_1_0002,28,104,否,否,是,
2026-05-25 21:02:04,1_1_0001,28,104,否,否,是,
2026-05-25 21:02:36,1_1_0010,28,104,否,否,是,
2026-05-25 21:02:37,1_1_0008,28,104,否,否,是,
2026-05-25 21:02:43,1_1_0005,28,104,否,否,是,
2026-05-25 21:02:47,1_1_0009,28,104,否,否,是,
2026-05-25 21:02:57,1_1_0007,28,104,否,否,是,
2026-05-25 21:03:06,1_1_0003,28,104,否,否,是,
2026-05-25 21:03:13,1_1_0006,28,104,否,否,是,
2026-05-25 21:03:23,1_1_0004,28,104,否,否,是,
2026-05-25 21:03:37,1_1_0002,28,104,否,否,是,
2026-05-25 21:03:49,1_1_0001,28,104,否,否,是,
2026-05-25 21:04:20,1_1_0010,28,104,否,否,是,
2026-05-25 21:04:21,1_1_0008,28,104,否,否,是,
2026-05-25 21:04:28,1_1_0005,28,104,否,否,是,
2026-05-25 21:04:32,1_1_0009,28,104,否,否,是,
2026-05-25 21:04:37,1_1_0007,28,104,否,否,是,
2026-05-25 21:04:45,1_1_0003,28,104,否,否,是,
2026-05-25 21:04:54,1_1_0006,28,104,否,否,是,
2026-05-25 21:05:04,1_1_0004,28,104,否,否,是,
2026-05-25 21:05:13,1_1_0002,28,104,否,否,是,
2026-05-25 21:05:25,1_1_0001,28,104,否,否,是,
2026-05-25 21:05:58,1_1_0010,28,104,否,否,是,
2026-05-25 21:05:59,1_1_0008,28,104,否,否,是,
2026-05-25 21:06:04,1_1_0005,28,104,否,否,是,
2026-05-25 21:06:08,1_1_0009,28,104,否,否,是,
2026-05-25 21:06:15,1_1_0007,28,104,否,否,是,
2026-05-25 21:06:23,1_1_0003,28,104,否,否,是,
2026-05-25 21:06:33,1_1_0006,28,104,否,否,是,
2026-05-25 21:06:41,1_1_0004,28,104,否,否,是,
2026-05-25 21:06:58,1_1_0002,28,104,否,否,是,
2026-05-25 21:07:09,1_1_0001,28,104,否,否,是,
2026-05-25 21:07:41,1_1_0010,28,104,否,否,是,
2026-05-25 21:07:42,1_1_0008,28,104,否,否,是,
2026-05-25 21:07:47,1_1_0005,28,104,否,否,是,
2026-05-25 21:07:50,1_1_0009,28,104,否,否,是,
2026-05-25 21:07:55,1_1_0007,28,104,否,否,是,
2026-05-25 21:08:06,1_1_0003,28,104,否,否,是,
2026-05-25 21:08:13,1_1_0006,28,104,否,否,是,
2026-05-25 21:08:24,1_1_0004,28,104,否,否,是,
2026-05-25 21:08:37,1_1_0002,28,104,否,否,是,
2026-05-25 21:08:49,1_1_0001,28,104,否,否,是,
2026-05-25 21:09:21,1_1_0010,28,104,否,否,是,
2026-05-25 21:09:22,1_1_0008,28,104,否,否,是,
2026-05-25 21:09:29,1_1_0005,28,104,否,否,是,
2026-05-25 21:09:32,1_1_0009,28,104,否,否,是,
2026-05-25 21:09:37,1_1_0007,28,104,否,否,是,
2026-05-25 21:09:49,1_1_0003,28,104,否,否,是,
2026-05-25 21:09:58,1_1_0006,28,104,否,否,是,
2026-05-25 21:10:08,1_1_0004,28,104,否,否,是,
2026-05-25 21:10:22,1_1_0002,28,104,否,否,是,
2026-05-25 21:10:35,1_1_0001,28,104,否,否,是,
2026-05-25 21:11:06,1_1_0010,28,104,否,否,是,
2026-05-25 21:11:07,1_1_0008,28,104,否,否,是,
2026-05-25 21:11:13,1_1_0005,28,104,否,否,是,
2026-05-25 21:11:18,1_1_0009,28,104,否,否,是,
2026-05-25 21:11:25,1_1_0007,28,104,否,否,是,
2026-05-25 21:11:31,1_1_0003,28,104,否,否,是,
2026-05-25 21:11:39,1_1_0006,28,104,否,否,是,
2026-05-25 21:11:47,1_1_0004,28,104,否,否,是,
2026-05-25 21:11:58,1_1_0002,28,104,否,否,是,
2026-05-25 21:12:11,1_1_0001,28,104,否,否,是,
2026-05-25 21:12:43,1_1_0010,28,104,否,否,是,
2026-05-25 21:12:44,1_1_0008,28,104,否,否,是,
2026-05-25 21:12:52,1_1_0005,28,104,否,否,是,
2026-05-25 21:12:56,1_1_0009,28,104,否,否,是,
2026-05-25 21:13:05,1_1_0007,28,104,否,否,是,
2026-05-25 21:13:12,1_1_0003,28,104,否,否,是,
2026-05-25 21:13:25,1_1_0006,28,104,否,否,是,
2026-05-25 21:13:35,1_1_0004,28,104,否,否,是,
2026-05-25 21:13:48,1_1_0002,28,104,否,否,是,
2026-05-25 21:13:59,1_1_0001,28,104,否,否,是,
2026-05-25 21:14:31,1_1_0010,28,104,否,否,是,
2026-05-25 21:14:32,1_1_0008,28,104,否,否,是,
2026-05-25 21:14:38,1_1_0005,28,104,否,否,是,
2026-05-25 21:14:40,1_1_0009,28,104,否,否,是,
2026-05-25 21:14:47,1_1_0007,28,104,否,否,是,
2026-05-25 21:14:57,1_1_0003,28,104,否,否,是,
2026-05-25 21:15:06,1_1_0006,28,104,否,否,是,
2026-05-25 21:15:15,1_1_0004,28,104,否,否,是,
2026-05-25 21:15:27,1_1_0002,28,104,否,否,是,
2026-05-25 21:15:39,1_1_0001,28,104,否,否,是,
2026-05-25 21:16:12,1_1_0010,28,104,否,否,是,
2026-05-25 21:16:13,1_1_0008,28,104,否,否,是,
2026-05-25 21:16:19,1_1_0005,28,104,否,否,是,
2026-05-25 21:16:23,1_1_0009,28,104,否,否,是,
2026-05-25 21:16:31,1_1_0007,28,104,否,否,是,
2026-05-25 21:16:39,1_1_0003,28,104,否,否,是,
2026-05-25 21:16:47,1_1_0006,28,104,否,否,是,
2026-05-25 21:17:00,1_1_0004,28,104,否,否,是,
2026-05-25 21:17:15,1_1_0002,28,104,否,否,是,
2026-05-25 21:17:22,1_1_0001,28,104,否,否,是,
2026-05-25 21:17:54,1_1_0010,28,104,否,否,是,
2026-05-25 21:17:55,1_1_0008,28,104,否,否,是,
2026-05-25 21:17:59,1_1_0005,28,104,否,否,是,
2026-05-25 21:18:04,1_1_0009,28,104,否,否,是,
2026-05-25 21:18:10,1_1_0007,28,104,否,否,是,
2026-05-25 21:18:19,1_1_0003,28,104,否,否,是,
2026-05-25 21:18:31,1_1_0006,28,104,否,否,是,
2026-05-25 21:18:42,1_1_0004,28,104,否,否,是,
2026-05-25 21:18:54,1_1_0002,28,104,否,否,是,
2026-05-25 21:19:04,1_1_0001,28,104,否,否,是,
2026-05-25 21:19:35,1_1_0010,28,104,否,否,是,
2026-05-25 21:19:37,1_1_0008,28,104,否,否,是,
2026-05-25 21:19:43,1_1_0005,28,104,否,否,是,
2026-05-25 21:19:46,1_1_0009,28,104,否,否,是,
2026-05-25 21:19:52,1_1_0007,28,104,否,否,是,
2026-05-25 21:20:03,1_1_0003,28,104,否,否,是,
2026-05-25 21:20:12,1_1_0006,28,104,否,否,是,
2026-05-25 21:20:22,1_1_0004,28,104,否,否,是,
2026-05-25 21:20:37,1_1_0002,28,104,否,否,是,
2026-05-25 21:20:47,1_1_0001,28,104,否,否,是,
2026-05-25 21:21:20,1_1_0010,28,104,否,否,是,
2026-05-25 21:21:21,1_1_0008,28,104,否,否,是,
2026-05-25 21:21:26,1_1_0005,28,104,否,否,是,
2026-05-25 21:21:31,1_1_0009,28,104,否,否,是,
2026-05-25 21:21:37,1_1_0007,28,104,否,否,是,
2026-05-25 21:21:44,1_1_0003,28,104,否,否,是,
2026-05-25 21:21:54,1_1_0006,28,104,否,否,是,
2026-05-25 21:22:05,1_1_0004,28,104,否,否,是,
2026-05-25 21:22:19,1_1_0002,28,104,否,否,是,
2026-05-25 21:22:31,1_1_0001,28,104,否,否,是,
2026-05-25 21:23:04,1_1_0010,28,104,否,否,是,
2026-05-25 21:23:05,1_1_0008,28,104,否,否,是,
2026-05-25 21:23:10,1_1_0005,28,104,否,否,是,
2026-05-25 21:23:17,1_1_0009,28,104,否,否,是,
2026-05-25 21:23:22,1_1_0007,28,104,否,否,是,
2026-05-25 21:23:34,1_1_0003,28,104,否,否,是,
2026-05-25 21:23:42,1_1_0006,28,104,否,否,是,
2026-05-25 21:23:52,1_1_0004,28,104,否,否,是,
2026-05-25 21:24:05,1_1_0002,28,104,否,否,是,
2026-05-25 21:24:17,1_1_0001,28,104,否,否,是,
2026-05-25 21:24:50,1_1_0010,28,104,否,否,是,
2026-05-25 21:24:51,1_1_0008,28,104,否,否,是,
2026-05-25 21:24:56,1_1_0005,28,104,否,否,是,
2026-05-25 21:25:03,1_1_0009,28,104,否,否,是,
2026-05-25 21:25:12,1_1_0007,28,104,否,否,是,
2026-05-25 21:25:19,1_1_0003,28,104,否,否,是,
2026-05-25 21:25:29,1_1_0006,28,104,否,否,是,
2026-05-25 21:25:38,1_1_0004,28,104,否,否,是,
2026-05-25 21:25:59,1_1_0002,0,0,否,否,否,2
2026-05-25 21:26:09,1_1_0001,28,104,否,否,是,
2026-05-25 21:26:41,1_1_0010,28,104,否,否,是,
2026-05-25 21:26:42,1_1_0008,28,104,否,否,是,
2026-05-25 21:26:49,1_1_0005,28,104,否,否,是,
2026-05-25 21:26:52,1_1_0009,28,104,否,否,是,
2026-05-25 21:26:59,1_1_0007,28,104,否,否,是,
2026-05-25 21:27:12,1_1_0003,28,104,否,否,是,
2026-05-25 21:27:20,1_1_0006,28,104,否,否,是,
2026-05-25 21:27:29,1_1_0004,28,104,否,否,是,
2026-05-25 21:27:45,1_1_0002,28,104,否,否,是,
2026-05-25 21:28:00,1_1_0001,28,104,否,否,是,
2026-05-25 21:28:32,1_1_0010,28,104,否,否,是,
2026-05-25 21:28:33,1_1_0008,28,104,否,否,是,
2026-05-25 21:28:39,1_1_0005,28,104,否,否,是,
2026-05-25 21:28:44,1_1_0009,28,104,否,否,是,
2026-05-25 21:28:49,1_1_0007,28,104,否,否,是,
2026-05-25 21:28:57,1_1_0003,28,104,否,否,是,
2026-05-25 21:29:10,1_1_0006,28,104,否,否,是,
2026-05-25 21:29:23,1_1_0004,28,104,否,否,是,
2026-05-25 21:29:34,1_1_0002,28,104,否,否,是,
2026-05-25 21:29:45,1_1_0001,28,104,否,否,是,
2026-05-25 21:30:16,1_1_0010,28,104,否,否,是,
2026-05-25 21:30:18,1_1_0008,28,104,否,否,是,
2026-05-25 21:30:23,1_1_0005,28,104,否,否,是,
2026-05-25 21:30:29,1_1_0009,28,104,否,否,是,
2026-05-25 21:30:34,1_1_0007,28,104,否,否,是,
2026-05-25 21:30:40,1_1_0003,28,104,否,否,是,
2026-05-25 21:30:51,1_1_0006,28,104,否,否,是,
2026-05-25 21:31:04,1_1_0004,28,104,否,否,是,
2026-05-25 21:31:14,1_1_0002,28,104,否,否,是,
2026-05-25 21:31:26,1_1_0001,28,104,否,否,是,
2026-05-25 21:31:59,1_1_0010,28,104,否,否,是,
2026-05-25 21:32:00,1_1_0008,28,104,否,否,是,
2026-05-25 21:32:06,1_1_0005,28,104,否,否,是,
2026-05-25 21:32:11,1_1_0009,28,104,否,否,是,
2026-05-25 21:32:16,1_1_0007,28,104,否,否,是,
2026-05-25 21:32:24,1_1_0003,28,104,否,否,是,
2026-05-25 21:32:37,1_1_0006,28,104,否,否,是,
2026-05-25 21:32:47,1_1_0004,28,104,否,否,是,
2026-05-25 21:33:02,1_1_0002,28,104,否,否,是,
2026-05-25 21:33:13,1_1_0001,28,104,否,否,是,
2026-05-25 21:33:45,1_1_0010,28,104,否,否,是,
2026-05-25 21:33:46,1_1_0008,28,104,否,否,是,
2026-05-25 21:33:53,1_1_0005,28,104,否,否,是,
2026-05-25 21:33:56,1_1_0009,28,104,否,否,是,
2026-05-25 21:34:01,1_1_0007,28,104,否,否,是,
2026-05-25 21:34:11,1_1_0003,28,104,否,否,是,
2026-05-25 21:34:20,1_1_0006,28,104,否,否,是,
2026-05-25 21:34:31,1_1_0004,28,104,否,否,是,
2026-05-25 21:34:41,1_1_0002,28,104,否,否,是,
2026-05-25 21:34:54,1_1_0001,28,104,否,否,是,
2026-05-25 21:35:28,1_1_0010,28,104,否,否,是,
2026-05-25 21:35:29,1_1_0008,28,104,否,否,是,
2026-05-25 21:35:35,1_1_0005,28,104,否,否,是,
2026-05-25 21:35:56,1_1_0009,0,0,否,否,否,2
2026-05-25 21:36:04,1_1_0007,28,104,否,否,是,
2026-05-25 21:36:14,1_1_0003,28,104,否,否,是,
2026-05-25 21:36:22,1_1_0006,28,104,否,否,是,
2026-05-25 21:36:37,1_1_0004,28,104,否,否,是,
2026-05-25 21:36:49,1_1_0002,28,104,否,否,是,
2026-05-25 21:37:02,1_1_0001,28,104,否,否,是,
2026-05-25 21:37:35,1_1_0010,28,104,否,否,是,
2026-05-25 21:37:36,1_1_0008,28,104,否,否,是,
2026-05-25 21:37:41,1_1_0005,28,104,否,否,是,
2026-05-25 21:37:47,1_1_0009,28,104,否,否,是,
2026-05-25 21:37:53,1_1_0007,28,104,否,否,是,
2026-05-25 21:38:02,1_1_0003,28,104,否,否,是,
2026-05-25 21:38:12,1_1_0006,28,104,否,否,是,
2026-05-25 21:38:25,1_1_0004,28,104,否,否,是,
2026-05-25 21:38:41,1_1_0002,28,104,否,否,是,
2026-05-25 21:38:53,1_1_0001,28,104,否,否,是,
2026-05-25 21:39:26,1_1_0010,28,104,否,否,是,
2026-05-25 21:39:27,1_1_0008,28,104,否,否,是,
2026-05-25 21:39:33,1_1_0005,28,104,否,否,是,
2026-05-25 21:39:37,1_1_0009,28,104,否,否,是,
2026-05-25 21:39:45,1_1_0007,28,104,否,否,是,
2026-05-25 21:39:54,1_1_0003,28,104,否,否,是,
2026-05-25 21:40:04,1_1_0006,28,104,否,否,是,
2026-05-25 21:40:13,1_1_0004,28,104,否,否,是,
2026-05-25 21:40:25,1_1_0002,28,104,否,否,是,
2026-05-25 21:40:39,1_1_0001,28,104,否,否,是,
2026-05-25 21:41:11,1_1_0010,28,104,否,否,是,
2026-05-25 21:41:12,1_1_0008,28,104,否,否,是,
2026-05-25 21:41:17,1_1_0005,28,104,否,否,是,
2026-05-25 21:41:23,1_1_0009,28,104,否,否,是,
2026-05-25 21:41:28,1_1_0007,28,104,否,否,是,
2026-05-25 21:41:36,1_1_0003,28,104,否,否,是,
2026-05-25 21:41:46,1_1_0006,28,104,否,否,是,
2026-05-25 21:41:54,1_1_0004,28,104,否,否,是,
2026-05-25 21:42:06,1_1_0002,28,104,否,否,是,
2026-05-25 21:42:18,1_1_0001,28,104,否,否,是,
2026-05-25 21:42:52,1_1_0010,28,104,否,否,是,
2026-05-25 21:42:53,1_1_0008,28,104,否,否,是,
2026-05-25 21:43:00,1_1_0005,28,104,否,否,是,
2026-05-25 21:43:05,1_1_0009,28,104,否,否,是,
2026-05-25 21:43:11,1_1_0007,28,104,否,否,是,
2026-05-25 21:43:23,1_1_0003,28,104,否,否,是,
2026-05-25 21:43:29,1_1_0006,28,104,否,否,是,
2026-05-25 21:43:43,1_1_0004,28,104,否,否,是,
2026-05-25 21:43:58,1_1_0002,28,104,否,否,是,
2026-05-25 21:44:13,1_1_0001,28,104,否,否,是,
2026-05-25 21:44:46,1_1_0010,28,104,否,否,是,
2026-05-25 21:44:47,1_1_0008,28,104,否,否,是,
2026-05-25 21:44:53,1_1_0005,28,104,否,否,是,
2026-05-25 21:44:56,1_1_0009,28,104,否,否,是,
2026-05-25 21:45:05,1_1_0007,28,104,否,否,是,
2026-05-25 21:45:16,1_1_0003,28,104,否,否,是,
2026-05-25 21:45:26,1_1_0006,28,104,否,否,是,
2026-05-25 21:45:38,1_1_0004,28,104,否,否,是,
2026-05-25 21:45:52,1_1_0002,28,104,否,否,是,
2026-05-25 21:46:11,1_1_0001,28,104,否,否,是,
2026-05-25 21:46:43,1_1_0010,28,104,否,否,是,
2026-05-25 21:46:44,1_1_0008,28,104,否,否,是,
2026-05-25 21:46:49,1_1_0005,28,104,否,否,是,
2026-05-25 21:46:54,1_1_0009,28,104,否,否,是,
2026-05-25 21:47:00,1_1_0007,28,104,否,否,是,
2026-05-25 21:47:09,1_1_0003,28,104,否,否,是,
2026-05-25 21:47:16,1_1_0006,28,104,否,否,是,
2026-05-25 21:47:27,1_1_0004,28,104,否,否,是,
2026-05-25 21:47:40,1_1_0002,28,104,否,否,是,
2026-05-25 21:47:51,1_1_0001,28,104,否,否,是,
2026-05-25 21:48:24,1_1_0010,28,104,否,否,是,
2026-05-25 21:48:25,1_1_0008,28,104,否,否,是,
2026-05-25 21:48:31,1_1_0005,28,104,否,否,是,
2026-05-25 21:48:34,1_1_0009,28,104,否,否,是,
2026-05-25 21:48:43,1_1_0007,28,104,否,否,是,
2026-05-25 21:48:51,1_1_0003,28,104,否,否,是,
2026-05-25 21:48:59,1_1_0006,28,104,否,否,是,
2026-05-25 21:49:12,1_1_0004,28,104,否,否,是,
2026-05-25 21:49:23,1_1_0002,28,104,否,否,是,
2026-05-25 21:49:34,1_1_0001,28,104,否,否,是,
2026-05-25 21:50:07,1_1_0010,28,104,否,否,是,
2026-05-25 21:50:08,1_1_0008,28,104,否,否,是,
2026-05-25 21:50:14,1_1_0005,28,104,否,否,是,
2026-05-25 21:50:21,1_1_0009,28,104,否,否,是,
2026-05-25 21:50:27,1_1_0007,28,104,否,否,是,
2026-05-25 21:50:33,1_1_0003,28,104,否,否,是,
2026-05-25 21:50:43,1_1_0006,28,104,否,否,是,
2026-05-25 21:50:51,1_1_0004,28,104,否,否,是,
2026-05-25 21:51:06,1_1_0002,28,104,否,否,是,
2026-05-25 21:51:18,1_1_0001,28,104,否,否,是,
2026-05-25 21:51:51,1_1_0010,28,104,否,否,是,
2026-05-25 21:51:52,1_1_0008,28,104,否,否,是,
2026-05-25 21:51:57,1_1_0005,28,104,否,否,是,
2026-05-25 21:52:00,1_1_0009,28,104,否,否,是,
2026-05-25 21:52:07,1_1_0007,28,104,否,否,是,
2026-05-25 21:52:14,1_1_0003,28,104,否,否,是,
2026-05-25 21:52:25,1_1_0006,28,104,否,否,是,
2026-05-25 21:52:35,1_1_0004,28,104,否,否,是,
2026-05-25 21:52:49,1_1_0002,28,104,否,否,是,
2026-05-25 21:53:00,1_1_0001,28,104,否,否,是,
2026-05-25 21:53:32,1_1_0010,28,104,否,否,是,
2026-05-25 21:53:34,1_1_0008,28,104,否,否,是,
2026-05-25 21:53:39,1_1_0005,28,104,否,否,是,
2026-05-25 21:53:44,1_1_0009,28,104,否,否,是,
2026-05-25 21:53:52,1_1_0007,28,104,否,否,是,
2026-05-25 21:53:58,1_1_0003,28,104,否,否,是,
2026-05-25 21:54:08,1_1_0006,28,104,否,否,是,
2026-05-25 21:54:18,1_1_0004,28,104,否,否,是,
2026-05-25 21:54:31,1_1_0002,28,104,否,否,是,
2026-05-25 21:54:42,1_1_0001,28,104,否,否,是,
2026-05-25 21:55:15,1_1_0010,28,104,否,否,是,
2026-05-25 21:55:16,1_1_0008,28,104,否,否,是,
2026-05-25 21:55:22,1_1_0005,28,104,否,否,是,
2026-05-25 21:55:24,1_1_0009,28,104,否,否,是,
2026-05-25 21:55:31,1_1_0007,28,104,否,否,是,
2026-05-25 21:55:38,1_1_0003,28,104,否,否,是,
2026-05-25 21:55:46,1_1_0006,28,104,否,否,是,
2026-05-25 21:55:59,1_1_0004,28,104,否,否,是,
2026-05-25 21:56:14,1_1_0002,28,104,否,否,是,
2026-05-25 21:56:29,1_1_0001,28,104,否,否,是,
2026-05-25 21:57:00,1_1_0010,28,104,否,否,是,
2026-05-25 21:57:01,1_1_0008,28,104,否,否,是,
2026-05-25 21:57:07,1_1_0005,28,104,否,否,是,
2026-05-25 21:57:12,1_1_0009,28,104,否,否,是,
2026-05-25 21:57:20,1_1_0007,28,104,否,否,是,
2026-05-25 21:57:28,1_1_0003,28,104,否,否,是,
2026-05-25 21:57:42,1_1_0006,28,104,否,否,是,
2026-05-25 21:57:52,1_1_0004,28,104,否,否,是,
2026-05-25 21:58:06,1_1_0002,28,104,否,否,是,
2026-05-25 21:58:14,1_1_0001,28,104,否,否,是,
2026-05-25 21:58:46,1_1_0010,28,104,否,否,是,
2026-05-25 21:58:47,1_1_0008,28,104,否,否,是,
2026-05-25 21:58:53,1_1_0005,28,104,否,否,是,
2026-05-25 21:58:58,1_1_0009,28,104,否,否,是,
2026-05-25 21:59:03,1_1_0007,28,104,否,否,是,
2026-05-25 21:59:11,1_1_0003,28,104,否,否,是,
2026-05-25 21:59:20,1_1_0006,28,104,否,否,是,
2026-05-25 21:59:30,1_1_0004,28,104,否,否,是,
2026-05-25 21:59:46,1_1_0002,28,104,否,否,是,
2026-05-25 21:59:58,1_1_0001,28,104,否,否,是,
2026-05-25 22:00:30,1_1_0010,28,104,否,否,是,
2026-05-25 22:00:31,1_1_0008,28,104,否,否,是,
2026-05-25 22:00:35,1_1_0005,28,104,否,否,是,
2026-05-25 22:00:39,1_1_0009,28,104,否,否,是,
2026-05-25 22:00:46,1_1_0007,28,104,否,否,是,
2026-05-25 22:00:54,1_1_0003,28,104,否,否,是,
2026-05-25 22:01:01,1_1_0006,28,104,否,否,是,
2026-05-25 22:01:14,1_1_0004,28,104,否,否,是,
2026-05-25 22:01:29,1_1_0002,28,104,否,否,是,
2026-05-25 22:01:38,1_1_0001,28,104,否,否,是,
2026-05-25 22:02:11,1_1_0010,28,104,否,否,是,
2026-05-25 22:02:12,1_1_0008,28,104,否,否,是,
2026-05-25 22:02:18,1_1_0005,28,104,否,否,是,
2026-05-25 22:02:23,1_1_0009,28,104,否,否,是,
2026-05-25 22:02:32,1_1_0007,28,104,否,否,是,
2026-05-25 22:02:43,1_1_0003,28,104,否,否,是,
2026-05-25 22:02:50,1_1_0006,28,104,否,否,是,
2026-05-25 22:03:00,1_1_0004,28,104,否,否,是,
2026-05-25 22:03:16,1_1_0002,28,104,否,否,是,
2026-05-25 22:03:29,1_1_0001,28,104,否,否,是,
2026-05-25 22:04:01,1_1_0010,28,104,否,否,是,
2026-05-25 22:04:02,1_1_0008,28,104,否,否,是,
2026-05-25 22:04:07,1_1_0005,28,104,否,否,是,
2026-05-25 22:04:11,1_1_0009,28,104,否,否,是,
2026-05-25 22:04:21,1_1_0007,28,104,否,否,是,
2026-05-25 22:04:28,1_1_0003,28,104,否,否,是,
2026-05-25 22:04:36,1_1_0006,28,104,否,否,是,
2026-05-25 22:04:46,1_1_0004,28,104,否,否,是,
2026-05-25 22:04:55,1_1_0002,28,104,否,否,是,
2026-05-25 22:05:11,1_1_0001,28,104,否,否,是,
2026-05-25 22:05:42,1_1_0010,28,104,否,否,是,
2026-05-25 22:05:44,1_1_0008,28,104,否,否,是,
2026-05-25 22:05:48,1_1_0005,28,104,否,否,是,
2026-05-25 22:05:52,1_1_0009,28,104,否,否,是,
2026-05-25 22:06:06,1_1_0007,28,104,否,否,是,
2026-05-25 22:06:13,1_1_0003,28,104,否,否,是,
2026-05-25 22:06:22,1_1_0006,28,104,否,否,是,
2026-05-25 22:06:33,1_1_0004,28,104,否,否,是,
2026-05-25 22:06:46,1_1_0002,28,104,否,否,是,
2026-05-25 22:06:55,1_1_0001,28,104,否,否,是,
2026-05-25 22:07:28,1_1_0010,28,104,否,否,是,
2026-05-25 22:07:29,1_1_0008,28,104,否,否,是,
2026-05-25 22:07:34,1_1_0005,28,104,否,否,是,
2026-05-25 22:07:39,1_1_0009,28,104,否,否,是,
2026-05-25 22:07:49,1_1_0007,28,104,否,否,是,
2026-05-25 22:07:58,1_1_0003,28,104,否,否,是,
2026-05-25 22:08:08,1_1_0006,28,104,否,否,是,
2026-05-25 22:08:22,1_1_0004,28,104,否,否,是,
2026-05-25 22:08:37,1_1_0002,28,104,否,否,是,
2026-05-25 22:08:51,1_1_0001,28,104,否,否,是,
2026-05-25 22:09:23,1_1_0010,28,104,否,否,是,
2026-05-25 22:09:24,1_1_0008,28,104,否,否,是,
2026-05-25 22:09:29,1_1_0005,28,104,否,否,是,
2026-05-25 22:09:33,1_1_0009,28,104,否,否,是,
2026-05-25 22:09:38,1_1_0007,28,104,否,否,是,
2026-05-25 22:09:45,1_1_0003,28,104,否,否,是,
2026-05-25 22:09:55,1_1_0006,28,104,否,否,是,
2026-05-25 22:10:06,1_1_0004,28,104,否,否,是,
2026-05-25 22:10:16,1_1_0002,28,104,否,否,是,
2026-05-25 22:10:26,1_1_0001,28,104,否,否,是,
2026-05-25 22:10:57,1_1_0010,28,104,否,否,是,
2026-05-25 22:10:59,1_1_0008,28,104,否,否,是,
2026-05-25 22:11:05,1_1_0005,28,104,否,否,是,
2026-05-25 22:11:10,1_1_0009,28,104,否,否,是,
2026-05-25 22:11:15,1_1_0007,28,104,否,否,是,
2026-05-25 22:11:27,1_1_0003,28,104,否,否,是,
2026-05-25 22:11:36,1_1_0006,28,104,否,否,是,
2026-05-25 22:11:48,1_1_0004,28,104,否,否,是,
2026-05-25 22:12:00,1_1_0002,28,104,否,否,是,
2026-05-25 22:12:13,1_1_0001,28,104,否,否,是,
2026-05-25 22:12:45,1_1_0010,28,104,否,否,是,
2026-05-25 22:12:46,1_1_0008,28,104,否,否,是,
2026-05-25 22:12:51,1_1_0005,28,104,否,否,是,
2026-05-25 22:12:55,1_1_0009,28,104,否,否,是,
2026-05-25 22:13:01,1_1_0007,28,104,否,否,是,
2026-05-25 22:13:08,1_1_0003,28,104,否,否,是,
2026-05-25 22:13:17,1_1_0006,28,104,否,否,是,
2026-05-25 22:13:28,1_1_0004,28,104,否,否,是,
2026-05-25 22:13:41,1_1_0002,28,104,否,否,是,
2026-05-25 22:13:52,1_1_0001,28,104,否,否,是,
2026-05-25 22:14:24,1_1_0010,28,104,否,否,是,
2026-05-25 22:14:25,1_1_0008,28,104,否,否,是,
2026-05-25 22:14:31,1_1_0005,28,104,否,否,是,
2026-05-25 22:14:35,1_1_0009,28,104,否,否,是,
2026-05-25 22:14:44,1_1_0007,28,104,否,否,是,
2026-05-25 22:14:50,1_1_0003,28,104,否,否,是,
2026-05-25 22:15:00,1_1_0006,28,104,否,否,是,
2026-05-25 22:15:10,1_1_0004,28,104,否,否,是,
2026-05-25 22:15:24,1_1_0002,28,104,否,否,是,
2026-05-25 22:15:37,1_1_0001,28,104,否,否,是,
2026-05-25 22:16:11,1_1_0010,28,104,否,否,是,
2026-05-25 22:16:13,1_1_0008,28,104,否,否,是,
2026-05-25 22:16:18,1_1_0005,28,104,否,否,是,
2026-05-25 22:16:24,1_1_0009,28,104,否,否,是,
2026-05-25 22:16:29,1_1_0007,28,104,否,否,是,
2026-05-25 22:16:37,1_1_0003,28,104,否,否,是,
2026-05-25 22:16:50,1_1_0006,28,104,否,否,是,
2026-05-25 22:17:01,1_1_0004,28,104,否,否,是,
2026-05-25 22:17:11,1_1_0002,28,104,否,否,是,
2026-05-25 22:17:22,1_1_0001,28,104,否,否,是,
2026-05-25 22:17:54,1_1_0010,28,104,否,否,是,
2026-05-25 22:17:55,1_1_0008,28,104,否,否,是,
2026-05-25 22:18:02,1_1_0005,28,104,否,否,是,
2026-05-25 22:18:07,1_1_0009,28,104,否,否,是,
2026-05-25 22:18:18,1_1_0007,28,104,否,否,是,
2026-05-25 22:18:28,1_1_0003,28,104,否,否,是,
2026-05-25 22:18:39,1_1_0006,28,104,否,否,是,
2026-05-25 22:18:53,1_1_0004,28,104,否,否,是,
2026-05-25 22:19:06,1_1_0002,28,104,否,否,是,
2026-05-25 22:19:18,1_1_0001,28,104,否,否,是,
2026-05-25 22:19:50,1_1_0010,28,104,否,否,是,
2026-05-25 22:19:52,1_1_0008,28,104,否,否,是,
2026-05-25 22:19:58,1_1_0005,28,104,否,否,是,
2026-05-25 22:20:02,1_1_0009,28,104,否,否,是,
2026-05-25 22:20:08,1_1_0007,28,104,否,否,是,
2026-05-25 22:20:17,1_1_0003,28,104,否,否,是,
2026-05-25 22:20:26,1_1_0006,28,104,否,否,是,
2026-05-25 22:20:36,1_1_0004,28,104,否,否,是,
2026-05-25 22:20:51,1_1_0002,28,104,否,否,是,
2026-05-25 22:20:59,1_1_0001,28,104,否,否,是,
2026-05-25 22:21:32,1_1_0010,28,104,否,否,是,
2026-05-25 22:21:33,1_1_0008,28,104,否,否,是,
2026-05-25 22:21:40,1_1_0005,28,104,否,否,是,
2026-05-25 22:21:43,1_1_0009,28,104,否,否,是,
2026-05-25 22:21:49,1_1_0007,28,104,否,否,是,
2026-05-25 22:21:56,1_1_0003,28,104,否,否,是,
2026-05-25 22:22:03,1_1_0006,28,104,否,否,是,
2026-05-25 22:22:13,1_1_0004,28,104,否,否,是,
2026-05-25 22:22:22,1_1_0002,28,104,否,否,是,
2026-05-25 22:22:34,1_1_0001,28,104,否,否,是,
2026-05-25 22:23:05,1_1_0010,28,104,否,否,是,
2026-05-25 22:23:06,1_1_0008,28,104,否,否,是,
2026-05-25 22:23:11,1_1_0005,28,104,否,否,是,
2026-05-25 22:23:14,1_1_0009,28,104,否,否,是,
2026-05-25 22:23:22,1_1_0007,28,104,否,否,是,
2026-05-25 22:23:27,1_1_0003,28,104,否,否,是,
2026-05-25 22:23:38,1_1_0006,28,104,否,否,是,
2026-05-25 22:23:49,1_1_0004,28,104,否,否,是,
2026-05-25 22:24:04,1_1_0002,28,104,否,否,是,
2026-05-25 22:24:17,1_1_0001,28,104,否,否,是,
2026-05-25 22:24:49,1_1_0010,28,104,否,否,是,
2026-05-25 22:24:51,1_1_0008,28,104,否,否,是,
2026-05-25 22:24:58,1_1_0005,28,104,否,否,是,
2026-05-25 22:25:04,1_1_0009,28,104,否,否,是,
2026-05-25 22:25:09,1_1_0007,28,104,否,否,是,
2026-05-25 22:25:20,1_1_0003,28,104,否,否,是,
2026-05-25 22:25:29,1_1_0006,28,104,否,否,是,
2026-05-25 22:25:42,1_1_0004,28,104,否,否,是,
2026-05-25 22:25:57,1_1_0002,28,104,否,否,是,
2026-05-25 22:26:10,1_1_0001,28,104,否,否,是,
2026-05-25 22:26:42,1_1_0010,28,104,否,否,是,
2026-05-25 22:26:44,1_1_0008,28,104,否,否,是,
2026-05-25 22:26:50,1_1_0005,28,104,否,否,是,
2026-05-25 22:26:53,1_1_0009,28,104,否,否,是,
2026-05-25 22:27:01,1_1_0007,28,104,否,否,是,
2026-05-25 22:27:12,1_1_0003,28,104,否,否,是,
2026-05-25 22:27:21,1_1_0006,28,104,否,否,是,
2026-05-25 22:27:33,1_1_0004,28,104,否,否,是,
2026-05-25 22:27:45,1_1_0002,28,104,否,否,是,
2026-05-25 22:27:54,1_1_0001,28,104,否,否,是,
2026-05-25 22:28:27,1_1_0010,28,104,否,否,是,
2026-05-25 22:28:29,1_1_0008,28,104,否,否,是,
2026-05-25 22:28:35,1_1_0005,28,104,否,否,是,
2026-05-25 22:28:38,1_1_0009,28,104,否,否,是,
2026-05-25 22:28:48,1_1_0007,28,104,否,否,是,
2026-05-25 22:29:01,1_1_0003,28,104,否,否,是,
2026-05-25 22:29:13,1_1_0006,28,104,否,否,是,
2026-05-25 22:29:23,1_1_0004,28,104,否,否,是,
2026-05-25 22:29:37,1_1_0002,28,104,否,否,是,
2026-05-25 22:29:48,1_1_0001,28,104,否,否,是,
2026-05-25 22:30:19,1_1_0010,28,104,否,否,是,
2026-05-25 22:30:20,1_1_0008,28,104,否,否,是,
2026-05-25 22:30:26,1_1_0005,28,104,否,否,是,
2026-05-25 22:30:30,1_1_0009,28,104,否,否,是,
2026-05-25 22:30:37,1_1_0007,28,104,否,否,是,
2026-05-25 22:30:45,1_1_0003,28,104,否,否,是,
2026-05-25 22:30:54,1_1_0006,28,104,否,否,是,
2026-05-25 22:31:04,1_1_0004,28,104,否,否,是,
2026-05-25 22:31:19,1_1_0002,28,104,否,否,是,
2026-05-25 22:31:32,1_1_0001,28,104,否,否,是,
2026-05-25 22:32:04,1_1_0010,28,104,否,否,是,
2026-05-25 22:32:05,1_1_0008,28,104,否,否,是,
2026-05-25 22:32:11,1_1_0005,28,104,否,否,是,
2026-05-25 22:32:15,1_1_0009,28,104,否,否,是,
2026-05-25 22:32:20,1_1_0007,28,104,否,否,是,
2026-05-25 22:32:31,1_1_0003,28,104,否,否,是,
2026-05-25 22:32:42,1_1_0006,28,104,否,否,是,
2026-05-25 22:32:52,1_1_0004,28,104,否,否,是,
2026-05-25 22:33:03,1_1_0002,28,104,否,否,是,
2026-05-25 22:33:16,1_1_0001,28,104,否,否,是,
2026-05-25 22:33:49,1_1_0010,28,104,否,否,是,
2026-05-25 22:33:50,1_1_0008,28,104,否,否,是,
2026-05-25 22:33:55,1_1_0005,28,104,否,否,是,
2026-05-25 22:34:00,1_1_0009,28,104,否,否,是,
2026-05-25 22:34:06,1_1_0007,28,104,否,否,是,
2026-05-25 22:34:18,1_1_0003,28,104,否,否,是,
2026-05-25 22:34:25,1_1_0006,28,104,否,否,是,
2026-05-25 22:34:36,1_1_0004,28,104,否,否,是,
2026-05-25 22:34:50,1_1_0002,28,104,否,否,是,
2026-05-25 22:35:03,1_1_0001,28,104,否,否,是,
2026-05-25 22:35:35,1_1_0010,28,104,否,否,是,
2026-05-25 22:35:36,1_1_0008,28,104,否,否,是,
2026-05-25 22:35:43,1_1_0005,28,104,否,否,是,
2026-05-25 22:35:47,1_1_0009,28,104,否,否,是,
2026-05-25 22:35:56,1_1_0007,28,104,否,否,是,
2026-05-25 22:36:05,1_1_0003,28,104,否,否,是,
2026-05-25 22:36:12,1_1_0006,28,104,否,否,是,
2026-05-25 22:36:19,1_1_0004,28,104,否,否,是,
2026-05-25 22:36:32,1_1_0002,28,104,否,否,是,
2026-05-25 22:36:45,1_1_0001,28,104,否,否,是,
2026-05-25 22:37:17,1_1_0010,28,104,否,否,是,
2026-05-25 22:37:18,1_1_0008,28,104,否,否,是,
2026-05-25 22:37:24,1_1_0005,28,104,否,否,是,
2026-05-25 22:37:29,1_1_0009,28,104,否,否,是,
2026-05-25 22:37:36,1_1_0007,28,104,否,否,是,
2026-05-25 22:37:44,1_1_0003,28,104,否,否,是,
2026-05-25 22:37:54,1_1_0006,28,104,否,否,是,
2026-05-25 22:38:07,1_1_0004,28,104,否,否,是,
2026-05-25 22:38:23,1_1_0002,28,104,否,否,是,
2026-05-25 22:38:36,1_1_0001,28,104,否,否,是,
2026-05-25 22:39:08,1_1_0010,28,104,否,否,是,
2026-05-25 22:39:10,1_1_0008,28,104,否,否,是,
2026-05-25 22:39:16,1_1_0005,28,104,否,否,是,
2026-05-25 22:39:21,1_1_0009,28,104,否,否,是,
2026-05-25 22:39:31,1_1_0007,28,104,否,否,是,
2026-05-25 22:39:38,1_1_0003,28,104,否,否,是,
2026-05-25 22:39:46,1_1_0006,28,104,否,否,是,
2026-05-25 22:40:02,1_1_0004,28,104,否,否,是,
2026-05-25 22:40:16,1_1_0002,28,104,否,否,是,
2026-05-25 22:40:28,1_1_0001,28,104,否,否,是,
2026-05-25 22:40:59,1_1_0010,28,104,否,否,是,
2026-05-25 22:41:00,1_1_0008,28,104,否,否,是,
2026-05-25 22:41:06,1_1_0005,28,104,否,否,是,
2026-05-25 22:41:09,1_1_0009,28,104,否,否,是,
2026-05-25 22:41:16,1_1_0007,28,104,否,否,是,
2026-05-25 22:41:26,1_1_0003,28,104,否,否,是,
2026-05-25 22:41:36,1_1_0006,28,104,否,否,是,
2026-05-25 22:41:46,1_1_0004,28,104,否,否,是,
2026-05-25 22:41:56,1_1_0002,28,104,否,否,是,
2026-05-25 22:42:10,1_1_0001,28,104,否,否,是,
2026-05-25 22:42:41,1_1_0010,28,104,否,否,是,
2026-05-25 22:42:43,1_1_0008,28,104,否,否,是,
2026-05-25 22:42:51,1_1_0005,28,104,否,否,是,
2026-05-25 22:42:54,1_1_0009,28,104,否,否,是,
2026-05-25 22:43:03,1_1_0007,28,104,否,否,是,
2026-05-25 22:43:12,1_1_0003,28,104,否,否,是,
2026-05-25 22:43:21,1_1_0006,28,104,否,否,是,
2026-05-25 22:43:30,1_1_0004,28,104,否,否,是,
2026-05-25 22:43:44,1_1_0002,28,104,否,否,是,
2026-05-25 22:43:57,1_1_0001,28,104,否,否,是,
2026-05-25 22:44:29,1_1_0010,28,104,否,否,是,
2026-05-25 22:44:31,1_1_0008,28,104,否,否,是,
2026-05-25 22:44:36,1_1_0005,28,104,否,否,是,
2026-05-25 22:44:39,1_1_0009,28,104,否,否,是,
2026-05-25 22:44:47,1_1_0007,28,104,否,否,是,
2026-05-25 22:44:57,1_1_0003,28,104,否,否,是,
2026-05-25 22:45:06,1_1_0006,28,104,否,否,是,
2026-05-25 22:45:15,1_1_0004,28,104,否,否,是,
2026-05-25 22:45:31,1_1_0002,28,104,否,否,是,
2026-05-25 22:45:42,1_1_0001,28,104,否,否,是,
2026-05-25 22:46:14,1_1_0010,28,104,否,否,是,
2026-05-25 22:46:15,1_1_0008,28,104,否,否,是,
2026-05-25 22:46:21,1_1_0005,28,104,否,否,是,
2026-05-25 22:46:26,1_1_0009,28,104,否,否,是,
2026-05-25 22:46:31,1_1_0007,28,104,否,否,是,
2026-05-25 22:46:42,1_1_0003,28,104,否,否,是,
2026-05-25 22:46:49,1_1_0006,28,104,否,否,是,
2026-05-25 22:46:58,1_1_0004,28,104,否,否,是,
2026-05-25 22:47:09,1_1_0002,28,104,否,否,是,
2026-05-25 22:47:20,1_1_0001,28,104,否,否,是,
2026-05-25 22:47:53,1_1_0010,28,104,否,否,是,
2026-05-25 22:47:54,1_1_0008,28,104,否,否,是,
2026-05-25 22:47:59,1_1_0005,28,104,否,否,是,
2026-05-25 22:48:03,1_1_0009,28,104,否,否,是,
2026-05-25 22:48:14,1_1_0007,28,104,否,否,是,
2026-05-25 22:48:22,1_1_0003,28,104,否,否,是,
2026-05-25 22:48:33,1_1_0006,28,104,否,否,是,
2026-05-25 22:48:41,1_1_0004,28,104,否,否,是,
2026-05-25 22:48:55,1_1_0002,28,104,否,否,是,
2026-05-25 22:49:05,1_1_0001,28,104,否,否,是,
2026-05-25 22:49:37,1_1_0010,28,104,否,否,是,
2026-05-25 22:49:38,1_1_0008,28,104,否,否,是,
2026-05-25 22:49:46,1_1_0005,28,104,否,否,是,
2026-05-25 22:49:56,1_1_0009,28,104,否,否,是,
2026-05-25 22:50:02,1_1_0007,28,104,否,否,是,
2026-05-25 22:50:10,1_1_0003,28,104,否,否,是,
2026-05-25 22:50:22,1_1_0006,28,104,否,否,是,
2026-05-25 22:50:30,1_1_0004,28,104,否,否,是,
2026-05-25 22:50:44,1_1_0002,28,104,否,否,是,
2026-05-25 22:50:54,1_1_0001,28,104,否,否,是,
2026-05-25 22:51:27,1_1_0010,28,104,否,否,是,
2026-05-25 22:51:28,1_1_0008,28,104,否,否,是,
2026-05-25 22:51:34,1_1_0005,28,104,否,否,是,
2026-05-25 22:51:41,1_1_0009,28,104,否,否,是,
2026-05-25 22:51:49,1_1_0007,28,104,否,否,是,
2026-05-25 22:51:58,1_1_0003,28,104,否,否,是,
2026-05-25 22:52:09,1_1_0006,28,104,否,否,是,
2026-05-25 22:52:21,1_1_0004,28,104,否,否,是,
2026-05-25 22:52:35,1_1_0002,28,104,否,否,是,
2026-05-25 22:52:48,1_1_0001,28,104,否,否,是,
2026-05-25 22:53:20,1_1_0010,28,104,否,否,是,
2026-05-25 22:53:21,1_1_0008,28,104,否,否,是,
2026-05-25 22:53:28,1_1_0005,28,104,否,否,是,
2026-05-25 22:53:31,1_1_0009,28,104,否,否,是,
2026-05-25 22:53:38,1_1_0007,28,104,否,否,是,
2026-05-25 22:53:43,1_1_0003,28,104,否,否,是,
2026-05-25 22:53:51,1_1_0006,28,104,否,否,是,
2026-05-25 22:54:02,1_1_0004,28,104,否,否,是,
2026-05-25 22:54:16,1_1_0002,28,104,否,否,是,
2026-05-25 22:54:29,1_1_0001,28,104,否,否,是,
2026-05-25 22:55:01,1_1_0010,28,104,否,否,是,
2026-05-25 22:55:02,1_1_0008,28,104,否,否,是,
2026-05-25 22:55:09,1_1_0005,28,104,否,否,是,
2026-05-25 22:55:16,1_1_0009,28,104,否,否,是,
2026-05-25 22:55:21,1_1_0007,28,104,否,否,是,
2026-05-25 22:55:31,1_1_0003,28,104,否,否,是,
2026-05-25 22:55:40,1_1_0006,28,104,否,否,是,
2026-05-25 22:55:57,1_1_0004,28,104,否,否,是,
2026-05-25 22:56:12,1_1_0002,28,104,否,否,是,
2026-05-25 22:56:22,1_1_0001,28,104,否,否,是,
2026-05-25 22:56:55,1_1_0010,28,104,否,否,是,
2026-05-25 22:56:56,1_1_0008,28,104,否,否,是,
2026-05-25 22:57:03,1_1_0005,28,104,否,否,是,
2026-05-25 22:57:06,1_1_0009,28,104,否,否,是,
2026-05-25 22:57:12,1_1_0007,28,104,否,否,是,
2026-05-25 22:57:23,1_1_0003,28,104,否,否,是,
2026-05-25 22:57:34,1_1_0006,28,104,否,否,是,
2026-05-25 22:57:46,1_1_0004,28,104,否,否,是,
2026-05-25 22:57:57,1_1_0002,28,104,否,否,是,
2026-05-25 22:58:12,1_1_0001,28,104,否,否,是,
2026-05-25 22:58:43,1_1_0010,28,104,否,否,是,
2026-05-25 22:58:45,1_1_0008,28,104,否,否,是,
2026-05-25 22:58:52,1_1_0005,28,104,否,否,是,
2026-05-25 22:58:55,1_1_0009,28,104,否,否,是,
2026-05-25 22:59:00,1_1_0007,28,104,否,否,是,
2026-05-25 22:59:11,1_1_0003,28,104,否,否,是,
2026-05-25 22:59:19,1_1_0006,28,104,否,否,是,
2026-05-25 22:59:30,1_1_0004,28,104,否,否,是,
2026-05-25 22:59:47,1_1_0002,28,104,否,否,是,
2026-05-25 22:59:59,1_1_0001,28,104,否,否,是,
2026-05-25 23:00:31,1_1_0010,28,104,否,否,是,
2026-05-25 23:00:32,1_1_0008,28,104,否,否,是,
2026-05-25 23:00:40,1_1_0005,28,104,否,否,是,
2026-05-25 23:00:42,1_1_0009,28,104,否,否,是,
2026-05-25 23:00:48,1_1_0007,28,104,否,否,是,
2026-05-25 23:00:57,1_1_0003,28,104,否,否,是,
2026-05-25 23:01:11,1_1_0006,28,104,否,否,是,
2026-05-25 23:01:19,1_1_0004,28,104,否,否,是,
2026-05-25 23:01:32,1_1_0002,28,104,否,否,是,
2026-05-25 23:01:42,1_1_0001,28,104,否,否,是,
2026-05-25 23:02:13,1_1_0010,28,104,否,否,是,
2026-05-25 23:02:14,1_1_0008,28,104,否,否,是,
2026-05-25 23:02:21,1_1_0005,28,104,否,否,是,
2026-05-25 23:02:25,1_1_0009,28,104,否,否,是,
2026-05-25 23:02:30,1_1_0007,28,104,否,否,是,
2026-05-25 23:02:38,1_1_0003,28,104,否,否,是,
2026-05-25 23:02:47,1_1_0006,28,104,否,否,是,
2026-05-25 23:02:56,1_1_0004,28,104,否,否,是,
2026-05-25 23:03:05,1_1_0002,28,104,否,否,是,
2026-05-25 23:03:18,1_1_0001,28,104,否,否,是,
2026-05-25 23:03:51,1_1_0010,28,104,否,否,是,
2026-05-25 23:03:52,1_1_0008,28,104,否,否,是,
2026-05-25 23:04:00,1_1_0005,28,104,否,否,是,
2026-05-25 23:04:04,1_1_0009,28,104,否,否,是,
2026-05-25 23:04:13,1_1_0007,28,104,否,否,是,
2026-05-25 23:04:23,1_1_0003,28,104,否,否,是,
2026-05-25 23:04:32,1_1_0006,28,104,否,否,是,
2026-05-25 23:04:45,1_1_0004,28,104,否,否,是,
2026-05-25 23:04:56,1_1_0002,28,104,否,否,是,
2026-05-25 23:05:05,1_1_0001,28,104,否,否,是,
2026-05-25 23:05:37,1_1_0010,28,104,否,否,是,
2026-05-25 23:05:39,1_1_0008,28,104,否,否,是,
2026-05-25 23:05:45,1_1_0005,28,104,否,否,是,
2026-05-25 23:05:48,1_1_0009,28,104,否,否,是,
2026-05-25 23:05:56,1_1_0007,28,104,否,否,是,
2026-05-25 23:06:04,1_1_0003,28,104,否,否,是,
2026-05-25 23:06:14,1_1_0006,28,104,否,否,是,
2026-05-25 23:06:27,1_1_0004,28,104,否,否,是,
2026-05-25 23:06:41,1_1_0002,28,104,否,否,是,
2026-05-25 23:06:51,1_1_0001,28,104,否,否,是,
2026-05-25 23:07:23,1_1_0010,28,104,否,否,是,
2026-05-25 23:07:24,1_1_0008,28,104,否,否,是,
2026-05-25 23:07:31,1_1_0005,28,104,否,否,是,
2026-05-25 23:07:34,1_1_0009,28,104,否,否,是,
2026-05-25 23:07:40,1_1_0007,28,104,否,否,是,
2026-05-25 23:07:48,1_1_0003,28,104,否,否,是,
2026-05-25 23:07:56,1_1_0006,28,104,否,否,是,
2026-05-25 23:08:11,1_1_0004,28,104,否,否,是,
2026-05-25 23:08:25,1_1_0002,28,104,否,否,是,
2026-05-25 23:08:41,1_1_0001,28,104,否,否,是,
2026-05-25 23:09:12,1_1_0010,28,104,否,否,是,
2026-05-25 23:09:14,1_1_0008,28,104,否,否,是,
2026-05-25 23:09:21,1_1_0005,28,104,否,否,是,
2026-05-25 23:09:25,1_1_0009,28,104,否,否,是,
2026-05-25 23:09:34,1_1_0007,28,104,否,否,是,
2026-05-25 23:09:43,1_1_0003,28,104,否,否,是,
2026-05-25 23:09:56,1_1_0006,28,104,否,否,是,
2026-05-25 23:10:04,1_1_0004,28,104,否,否,是,
2026-05-25 23:10:21,1_1_0002,28,104,否,否,是,
2026-05-25 23:10:30,1_1_0001,28,104,否,否,是,
2026-05-25 23:11:03,1_1_0010,28,104,否,否,是,
2026-05-25 23:11:04,1_1_0008,28,104,否,否,是,
2026-05-25 23:11:08,1_1_0005,28,104,否,否,是,
2026-05-25 23:11:13,1_1_0009,28,104,否,否,是,
2026-05-25 23:11:19,1_1_0007,28,104,否,否,是,
2026-05-25 23:11:31,1_1_0003,28,104,否,否,是,
2026-05-25 23:11:38,1_1_0006,28,104,否,否,是,
2026-05-25 23:11:48,1_1_0004,28,104,否,否,是,
2026-05-25 23:12:03,1_1_0002,28,104,否,否,是,
2026-05-25 23:12:12,1_1_0001,28,104,否,否,是,
2026-05-25 23:12:45,1_1_0010,28,104,否,否,是,
2026-05-25 23:12:46,1_1_0008,28,104,否,否,是,
2026-05-25 23:12:51,1_1_0005,28,104,否,否,是,
2026-05-25 23:12:57,1_1_0009,28,104,否,否,是,
2026-05-25 23:13:02,1_1_0007,28,104,否,否,是,
2026-05-25 23:13:11,1_1_0003,28,104,否,否,是,
2026-05-25 23:13:26,1_1_0006,28,104,否,否,是,
2026-05-25 23:13:33,1_1_0004,28,104,否,否,是,
2026-05-25 23:13:47,1_1_0002,28,104,否,否,是,
2026-05-25 23:13:58,1_1_0001,28,104,否,否,是,
2026-05-25 23:14:30,1_1_0010,28,104,否,否,是,
2026-05-25 23:14:31,1_1_0008,28,104,否,否,是,
2026-05-25 23:14:37,1_1_0005,28,104,否,否,是,
2026-05-25 23:14:40,1_1_0009,28,104,否,否,是,
2026-05-25 23:14:47,1_1_0007,28,104,否,否,是,
2026-05-25 23:14:57,1_1_0003,28,104,否,否,是,
2026-05-25 23:15:05,1_1_0006,28,104,否,否,是,
2026-05-25 23:15:16,1_1_0004,28,104,否,否,是,
2026-05-25 23:15:32,1_1_0002,28,104,否,否,是,
2026-05-25 23:15:43,1_1_0001,28,104,否,否,是,
2026-05-25 23:16:14,1_1_0010,28,104,否,否,是,
2026-05-25 23:16:16,1_1_0008,28,104,否,否,是,
2026-05-25 23:16:22,1_1_0005,28,104,否,否,是,
2026-05-25 23:16:26,1_1_0009,28,104,否,否,是,
2026-05-25 23:16:34,1_1_0007,28,104,否,否,是,
2026-05-25 23:16:43,1_1_0003,28,104,否,否,是,
2026-05-25 23:16:55,1_1_0006,28,104,否,否,是,
2026-05-25 23:17:06,1_1_0004,28,104,否,否,是,
2026-05-25 23:17:25,1_1_0002,28,104,否,否,是,
2026-05-25 23:17:35,1_1_0001,28,104,否,否,是,
2026-05-25 23:18:06,1_1_0010,28,104,否,否,是,
2026-05-25 23:18:07,1_1_0008,28,104,否,否,是,
2026-05-25 23:18:13,1_1_0005,28,104,否,否,是,
2026-05-25 23:18:19,1_1_0009,28,104,否,否,是,
2026-05-25 23:18:26,1_1_0007,28,104,否,否,是,
2026-05-25 23:18:33,1_1_0003,28,104,否,否,是,
2026-05-25 23:18:47,1_1_0006,28,104,否,否,是,
2026-05-25 23:18:56,1_1_0004,28,104,否,否,是,
2026-05-25 23:19:11,1_1_0002,28,104,否,否,是,
2026-05-25 23:19:20,1_1_0001,28,104,否,否,是,
2026-05-25 23:19:53,1_1_0010,28,104,否,否,是,
2026-05-25 23:19:54,1_1_0008,28,104,否,否,是,
2026-05-25 23:19:58,1_1_0005,28,104,否,否,是,
2026-05-25 23:20:02,1_1_0009,28,104,否,否,是,
2026-05-25 23:20:06,1_1_0007,28,104,否,否,是,
2026-05-25 23:20:21,1_1_0003,28,104,否,否,是,
2026-05-25 23:20:29,1_1_0006,28,104,否,否,是,
2026-05-25 23:20:39,1_1_0004,28,104,否,否,是,
2026-05-25 23:20:52,1_1_0002,28,104,否,否,是,
2026-05-25 23:21:05,1_1_0001,28,104,否,否,是,
2026-05-25 23:21:37,1_1_0010,28,104,否,否,是,
2026-05-25 23:21:38,1_1_0008,28,104,否,否,是,
2026-05-25 23:21:45,1_1_0005,28,104,否,否,是,
2026-05-25 23:21:50,1_1_0009,28,104,否,否,是,
2026-05-25 23:21:58,1_1_0007,28,104,否,否,是,
2026-05-25 23:22:04,1_1_0003,28,104,否,否,是,
2026-05-25 23:22:13,1_1_0006,28,104,否,否,是,
2026-05-25 23:22:26,1_1_0004,28,104,否,否,是,
2026-05-25 23:22:35,1_1_0002,28,104,否,否,是,
2026-05-25 23:22:45,1_1_0001,28,104,否,否,是,
2026-05-25 23:23:18,1_1_0010,28,104,否,否,是,
2026-05-25 23:23:19,1_1_0008,28,104,否,否,是,
2026-05-25 23:23:23,1_1_0005,28,104,否,否,是,
2026-05-25 23:23:28,1_1_0009,28,104,否,否,是,
2026-05-25 23:23:35,1_1_0007,28,104,否,否,是,
2026-05-25 23:23:42,1_1_0003,28,104,否,否,是,
2026-05-25 23:23:50,1_1_0006,28,104,否,否,是,
2026-05-25 23:24:00,1_1_0004,28,104,否,否,是,
2026-05-25 23:24:14,1_1_0002,28,104,否,否,是,
2026-05-25 23:24:29,1_1_0001,28,104,否,否,是,
2026-05-25 23:25:01,1_1_0010,28,104,否,否,是,
2026-05-25 23:25:02,1_1_0008,28,104,否,否,是,
2026-05-25 23:25:07,1_1_0005,28,104,否,否,是,
2026-05-25 23:25:10,1_1_0009,28,104,否,否,是,
2026-05-25 23:25:17,1_1_0007,28,104,否,否,是,
2026-05-25 23:25:24,1_1_0003,28,104,否,否,是,
2026-05-25 23:25:35,1_1_0006,28,104,否,否,是,
2026-05-25 23:25:47,1_1_0004,28,104,否,否,是,
2026-05-25 23:25:58,1_1_0002,28,104,否,否,是,
2026-05-25 23:26:10,1_1_0001,28,104,否,否,是,
2026-05-25 23:26:43,1_1_0010,28,104,否,否,是,
2026-05-25 23:26:44,1_1_0008,28,104,否,否,是,
2026-05-25 23:26:50,1_1_0005,28,104,否,否,是,
2026-05-25 23:26:54,1_1_0009,28,104,否,否,是,
2026-05-25 23:26:59,1_1_0007,28,104,否,否,是,
2026-05-25 23:27:10,1_1_0003,28,104,否,否,是,
2026-05-25 23:27:22,1_1_0006,28,104,否,否,是,
2026-05-25 23:27:34,1_1_0004,28,104,否,否,是,
2026-05-25 23:27:48,1_1_0002,28,104,否,否,是,
2026-05-25 23:27:59,1_1_0001,28,104,否,否,是,
2026-05-25 23:28:31,1_1_0010,28,104,否,否,是,
2026-05-25 23:28:32,1_1_0008,28,104,否,否,是,
2026-05-25 23:28:37,1_1_0005,28,104,否,否,是,
2026-05-25 23:28:40,1_1_0009,28,104,否,否,是,
2026-05-25 23:28:47,1_1_0007,28,104,否,否,是,
2026-05-25 23:28:54,1_1_0003,28,104,否,否,是,
2026-05-25 23:29:02,1_1_0006,28,104,否,否,是,
2026-05-25 23:29:15,1_1_0004,28,104,否,否,是,
2026-05-25 23:29:24,1_1_0002,28,104,否,否,是,
2026-05-25 23:29:36,1_1_0001,28,104,否,否,是,
2026-05-25 23:30:09,1_1_0010,28,104,否,否,是,
2026-05-25 23:30:11,1_1_0008,28,104,否,否,是,
2026-05-25 23:30:18,1_1_0005,28,104,否,否,是,
2026-05-25 23:30:21,1_1_0009,28,104,否,否,是,
2026-05-25 23:30:27,1_1_0007,28,104,否,否,是,
2026-05-25 23:30:35,1_1_0003,28,104,否,否,是,
2026-05-25 23:30:47,1_1_0006,28,104,否,否,是,
2026-05-25 23:30:58,1_1_0004,28,104,否,否,是,
2026-05-25 23:31:11,1_1_0002,28,104,否,否,是,
2026-05-25 23:31:27,1_1_0001,28,104,否,否,是,
2026-05-25 23:32:00,1_1_0010,28,104,否,否,是,
2026-05-25 23:32:01,1_1_0008,28,104,否,否,是,
2026-05-25 23:32:05,1_1_0005,28,104,否,否,是,
2026-05-25 23:32:09,1_1_0009,28,104,否,否,是,
2026-05-25 23:32:18,1_1_0007,28,104,否,否,是,
2026-05-25 23:32:29,1_1_0003,28,104,否,否,是,
2026-05-25 23:32:36,1_1_0006,28,104,否,否,是,
2026-05-25 23:32:45,1_1_0004,28,104,否,否,是,
2026-05-25 23:33:00,1_1_0002,28,104,否,否,是,
2026-05-25 23:33:11,1_1_0001,28,104,否,否,是,
2026-05-25 23:33:43,1_1_0010,28,104,否,否,是,
2026-05-25 23:33:44,1_1_0008,28,104,否,否,是,
2026-05-25 23:33:51,1_1_0005,28,104,否,否,是,
2026-05-25 23:33:54,1_1_0009,28,104,否,否,是,
2026-05-25 23:34:01,1_1_0007,28,104,否,否,是,
2026-05-25 23:34:09,1_1_0003,28,104,否,否,是,
2026-05-25 23:34:17,1_1_0006,28,104,否,否,是,
2026-05-25 23:34:26,1_1_0004,28,104,否,否,是,
2026-05-25 23:34:43,1_1_0002,28,104,否,否,是,
2026-05-25 23:34:55,1_1_0001,28,104,否,否,是,
2026-05-25 23:35:26,1_1_0010,28,104,否,否,是,
2026-05-25 23:35:27,1_1_0008,28,104,否,否,是,
2026-05-25 23:35:31,1_1_0005,28,104,否,否,是,
2026-05-25 23:35:36,1_1_0009,28,104,否,否,是,
2026-05-25 23:35:42,1_1_0007,28,104,否,否,是,
2026-05-25 23:35:50,1_1_0003,28,104,否,否,是,
2026-05-25 23:36:01,1_1_0006,28,104,否,否,是,
2026-05-25 23:36:11,1_1_0004,28,104,否,否,是,
2026-05-25 23:36:22,1_1_0002,28,104,否,否,是,
2026-05-25 23:36:36,1_1_0001,28,104,否,否,是,
2026-05-25 23:37:08,1_1_0010,28,104,否,否,是,
2026-05-25 23:37:09,1_1_0008,28,104,否,否,是,
2026-05-25 23:37:14,1_1_0005,28,104,否,否,是,
2026-05-25 23:37:18,1_1_0009,28,104,否,否,是,
2026-05-25 23:37:25,1_1_0007,28,104,否,否,是,
2026-05-25 23:37:35,1_1_0003,28,104,否,否,是,
2026-05-25 23:37:43,1_1_0006,28,104,否,否,是,
2026-05-25 23:37:52,1_1_0004,28,104,否,否,是,
2026-05-25 23:38:03,1_1_0002,28,104,否,否,是,
2026-05-25 23:38:16,1_1_0001,28,104,否,否,是,
2026-05-25 23:38:48,1_1_0010,28,104,否,否,是,
2026-05-25 23:38:49,1_1_0008,28,104,否,否,是,
2026-05-25 23:38:53,1_1_0005,28,104,否,否,是,
2026-05-25 23:38:58,1_1_0009,28,104,否,否,是,
2026-05-25 23:39:04,1_1_0007,28,104,否,否,是,
2026-05-25 23:39:11,1_1_0003,28,104,否,否,是,
2026-05-25 23:39:19,1_1_0006,28,104,否,否,是,
2026-05-25 23:39:30,1_1_0004,28,104,否,否,是,
2026-05-25 23:39:50,1_1_0002,0,0,否,否,否,2
2026-05-25 23:40:01,1_1_0001,28,104,否,否,是,
2026-05-25 23:40:34,1_1_0010,28,104,否,否,是,
2026-05-25 23:40:35,1_1_0008,28,104,否,否,是,
2026-05-25 23:40:40,1_1_0005,28,104,否,否,是,
2026-05-25 23:40:45,1_1_0009,28,104,否,否,是,
2026-05-25 23:40:55,1_1_0007,28,104,否,否,是,
2026-05-25 23:41:07,1_1_0003,28,104,否,否,是,
2026-05-25 23:41:16,1_1_0006,28,104,否,否,是,
2026-05-25 23:41:28,1_1_0004,28,104,否,否,是,
2026-05-25 23:41:42,1_1_0002,28,104,否,否,是,
2026-05-25 23:42:03,1_1_0001,0,0,否,否,否,2
2026-05-25 23:42:37,1_1_0010,28,104,否,否,是,
2026-05-25 23:42:58,1_1_0008,0,0,否,否,否,2
2026-05-25 23:43:06,1_1_0005,28,104,否,否,是,
2026-05-25 23:43:11,1_1_0009,28,104,否,否,是,
2026-05-25 23:43:18,1_1_0007,28,104,否,否,是,
2026-05-25 23:43:26,1_1_0003,28,104,否,否,是,
2026-05-25 23:43:38,1_1_0006,28,104,否,否,是,
2026-05-25 23:43:51,1_1_0004,28,104,否,否,是,
2026-05-25 23:44:05,1_1_0002,28,104,否,否,是,
2026-05-25 23:44:18,1_1_0001,28,104,否,否,是,
2026-05-25 23:44:51,1_1_0010,28,104,否,否,是,
2026-05-25 23:44:52,1_1_0008,28,104,否,否,是,
2026-05-25 23:44:57,1_1_0005,28,104,否,否,是,
2026-05-25 23:45:00,1_1_0009,28,104,否,否,是,
2026-05-25 23:45:06,1_1_0007,28,104,否,否,是,
2026-05-25 23:45:16,1_1_0003,28,104,否,否,是,
2026-05-25 23:45:27,1_1_0006,28,104,否,否,是,
2026-05-25 23:45:36,1_1_0004,28,104,否,否,是,
2026-05-25 23:45:46,1_1_0002,28,104,否,否,是,
2026-05-25 23:45:59,1_1_0001,28,104,否,否,是,
2026-05-25 23:46:32,1_1_0010,28,104,否,否,是,
2026-05-25 23:46:33,1_1_0008,28,104,否,否,是,
2026-05-25 23:46:38,1_1_0005,28,104,否,否,是,
2026-05-25 23:46:42,1_1_0009,28,104,否,否,是,
2026-05-25 23:46:51,1_1_0007,28,104,否,否,是,
2026-05-25 23:47:01,1_1_0003,28,104,否,否,是,
2026-05-25 23:47:09,1_1_0006,28,104,否,否,是,
2026-05-25 23:47:24,1_1_0004,28,104,否,否,是,
2026-05-25 23:47:45,1_1_0002,0,0,否,否,否,2
2026-05-25 23:47:55,1_1_0001,28,104,否,否,是,
2026-05-25 23:48:27,1_1_0010,28,104,否,否,是,
2026-05-25 23:48:28,1_1_0008,28,104,否,否,是,
2026-05-25 23:48:34,1_1_0005,28,104,否,否,是,
2026-05-25 23:48:38,1_1_0009,28,104,否,否,是,
2026-05-25 23:48:44,1_1_0007,28,104,否,否,是,
2026-05-25 23:48:53,1_1_0003,28,104,否,否,是,
2026-05-25 23:49:02,1_1_0006,28,104,否,否,是,
2026-05-25 23:49:13,1_1_0004,28,104,否,否,是,
2026-05-25 23:49:27,1_1_0002,28,104,否,否,是,
2026-05-25 23:49:37,1_1_0001,28,104,否,否,是,
2026-05-25 23:50:09,1_1_0010,28,104,否,否,是,
2026-05-25 23:50:10,1_1_0008,28,104,否,否,是,
2026-05-25 23:50:15,1_1_0005,28,104,否,否,是,
2026-05-25 23:50:18,1_1_0009,28,104,否,否,是,
2026-05-25 23:50:23,1_1_0007,28,104,否,否,是,
2026-05-25 23:50:33,1_1_0003,28,104,否,否,是,
2026-05-25 23:50:46,1_1_0006,28,104,否,否,是,
2026-05-25 23:50:58,1_1_0004,28,104,否,否,是,
2026-05-25 23:51:11,1_1_0002,28,104,否,否,是,
2026-05-25 23:51:23,1_1_0001,28,104,否,否,是,
2026-05-25 23:51:55,1_1_0010,28,104,否,否,是,
2026-05-25 23:51:56,1_1_0008,28,104,否,否,是,
2026-05-25 23:52:02,1_1_0005,28,104,否,否,是,
2026-05-25 23:52:06,1_1_0009,28,104,否,否,是,
2026-05-25 23:52:14,1_1_0007,28,104,否,否,是,
2026-05-25 23:52:20,1_1_0003,28,104,否,否,是,
2026-05-25 23:52:30,1_1_0006,28,104,否,否,是,
2026-05-25 23:52:40,1_1_0004,28,104,否,否,是,
2026-05-25 23:52:53,1_1_0002,28,104,否,否,是,
2026-05-25 23:53:04,1_1_0001,28,104,否,否,是,
2026-05-25 23:53:36,1_1_0010,28,104,否,否,是,
2026-05-25 23:53:37,1_1_0008,28,104,否,否,是,
2026-05-25 23:53:43,1_1_0005,28,104,否,否,是,
2026-05-25 23:53:47,1_1_0009,28,104,否,否,是,
2026-05-25 23:53:53,1_1_0007,28,104,否,否,是,
2026-05-25 23:53:59,1_1_0003,28,104,否,否,是,
2026-05-25 23:54:11,1_1_0006,28,104,否,否,是,
2026-05-25 23:54:26,1_1_0004,28,104,否,否,是,
2026-05-25 23:54:38,1_1_0002,28,104,否,否,是,
2026-05-25 23:54:53,1_1_0001,28,104,否,否,是,
2026-05-25 23:55:26,1_1_0010,28,104,否,否,是,
2026-05-25 23:55:27,1_1_0008,28,104,否,否,是,
2026-05-25 23:55:33,1_1_0005,28,104,否,否,是,
2026-05-25 23:55:37,1_1_0009,28,104,否,否,是,
2026-05-25 23:55:57,1_1_0007,0,0,否,否,否,2
2026-05-25 23:56:04,1_1_0003,28,104,否,否,是,
2026-05-25 23:56:16,1_1_0006,28,104,否,否,是,
2026-05-25 23:56:24,1_1_0004,28,104,否,否,是,
2026-05-25 23:56:37,1_1_0002,28,104,否,否,是,
2026-05-25 23:56:48,1_1_0001,28,104,否,否,是,
2026-05-25 23:57:20,1_1_0010,28,104,否,否,是,
2026-05-25 23:57:21,1_1_0008,28,104,否,否,是,
2026-05-25 23:57:26,1_1_0005,28,104,否,否,是,
2026-05-25 23:57:30,1_1_0009,28,104,否,否,是,
2026-05-25 23:57:40,1_1_0007,28,104,否,否,是,
2026-05-25 23:57:49,1_1_0003,28,104,否,否,是,
2026-05-25 23:58:00,1_1_0006,28,104,否,否,是,
2026-05-25 23:58:12,1_1_0004,28,104,否,否,是,
2026-05-25 23:58:26,1_1_0002,28,104,否,否,是,
2026-05-25 23:58:40,1_1_0001,28,104,否,否,是,
2026-05-25 23:59:13,1_1_0010,28,104,否,否,是,
2026-05-25 23:59:14,1_1_0008,28,104,否,否,是,
2026-05-25 23:59:20,1_1_0005,28,104,否,否,是,
2026-05-25 23:59:25,1_1_0009,28,104,否,否,是,
2026-05-25 23:59:32,1_1_0007,28,104,否,否,是,
2026-05-25 23:59:42,1_1_0003,28,104,否,否,是,
2026-05-25 23:59:51,1_1_0006,28,104,否,否,是,
2026-05-26 00:00:02,1_1_0004,28,104,否,否,是,
2026-05-26 00:00:12,1_1_0002,28,104,否,否,是,
2026-05-26 00:00:21,1_1_0001,28,104,否,否,是,
2026-05-26 00:00:54,1_1_0010,28,104,否,否,是,
2026-05-26 00:00:55,1_1_0008,28,104,否,否,是,
2026-05-26 00:00:59,1_1_0005,28,104,否,否,是,
2026-05-26 00:01:03,1_1_0009,28,104,否,否,是,
2026-05-26 00:01:13,1_1_0007,28,104,否,否,是,
2026-05-26 00:01:23,1_1_0003,28,104,否,否,是,
2026-05-26 00:01:32,1_1_0006,28,104,否,否,是,
2026-05-26 00:01:44,1_1_0004,28,104,否,否,是,
2026-05-26 00:01:55,1_1_0002,28,104,否,否,是,
2026-05-26 00:02:08,1_1_0001,28,104,否,否,是,
2026-05-26 00:02:40,1_1_0010,28,104,否,否,是,
2026-05-26 00:02:41,1_1_0008,28,104,否,否,是,
2026-05-26 00:02:47,1_1_0005,28,104,否,否,是,
2026-05-26 00:02:50,1_1_0009,28,104,否,否,是,
2026-05-26 00:02:58,1_1_0007,28,104,否,否,是,
2026-05-26 00:03:07,1_1_0003,28,104,否,否,是,
2026-05-26 00:03:15,1_1_0006,28,104,否,否,是,
2026-05-26 00:03:25,1_1_0004,28,104,否,否,是,
2026-05-26 00:03:45,1_1_0002,0,0,否,否,否,2
2026-05-26 00:03:59,1_1_0001,28,104,否,否,是,
2026-05-26 00:04:31,1_1_0010,28,104,否,否,是,
2026-05-26 00:04:32,1_1_0008,28,104,否,否,是,
2026-05-26 00:04:39,1_1_0005,28,104,否,否,是,
2026-05-26 00:04:43,1_1_0009,28,104,否,否,是,
2026-05-26 00:04:50,1_1_0007,28,104,否,否,是,
2026-05-26 00:04:58,1_1_0003,28,104,否,否,是,
2026-05-26 00:05:07,1_1_0006,28,104,否,否,是,
2026-05-26 00:05:17,1_1_0004,28,104,否,否,是,
2026-05-26 00:05:27,1_1_0002,28,104,否,否,是,
2026-05-26 00:05:38,1_1_0001,28,104,否,否,是,
2026-05-26 00:06:10,1_1_0010,28,104,否,否,是,
2026-05-26 00:06:11,1_1_0008,28,104,否,否,是,
2026-05-26 00:06:15,1_1_0005,28,104,否,否,是,
2026-05-26 00:06:19,1_1_0009,28,104,否,否,是,
2026-05-26 00:06:29,1_1_0007,28,104,否,否,是,
2026-05-26 00:06:37,1_1_0003,28,104,否,否,是,
2026-05-26 00:06:47,1_1_0006,28,104,否,否,是,
2026-05-26 00:06:57,1_1_0004,28,104,否,否,是,
2026-05-26 00:07:10,1_1_0002,28,104,否,否,是,
2026-05-26 00:07:23,1_1_0001,28,104,否,否,是,
2026-05-26 00:07:56,1_1_0010,28,104,否,否,是,
2026-05-26 00:07:57,1_1_0008,28,104,否,否,是,
2026-05-26 00:08:02,1_1_0005,28,104,否,否,是,
2026-05-26 00:08:08,1_1_0009,28,104,否,否,是,
2026-05-26 00:08:13,1_1_0007,28,104,否,否,是,
2026-05-26 00:08:21,1_1_0003,28,104,否,否,是,
2026-05-26 00:08:33,1_1_0006,28,104,否,否,是,
2026-05-26 00:08:43,1_1_0004,28,104,否,否,是,
2026-05-26 00:08:59,1_1_0002,28,104,否,否,是,
2026-05-26 00:09:09,1_1_0001,28,104,否,否,是,
2026-05-26 00:09:41,1_1_0010,28,104,否,否,是,
2026-05-26 00:09:42,1_1_0008,28,104,否,否,是,
2026-05-26 00:09:48,1_1_0005,28,104,否,否,是,
2026-05-26 00:09:51,1_1_0009,28,104,否,否,是,
2026-05-26 00:09:59,1_1_0007,28,104,否,否,是,
2026-05-26 00:10:05,1_1_0003,28,104,否,否,是,
2026-05-26 00:10:15,1_1_0006,28,104,否,否,是,
2026-05-26 00:10:24,1_1_0004,28,104,否,否,是,
2026-05-26 00:10:36,1_1_0002,28,104,否,否,是,
2026-05-26 00:10:47,1_1_0001,28,104,否,否,是,
2026-05-26 00:11:19,1_1_0010,28,104,否,否,是,
2026-05-26 00:11:20,1_1_0008,28,104,否,否,是,
2026-05-26 00:11:27,1_1_0005,28,104,否,否,是,
2026-05-26 00:11:33,1_1_0009,28,104,否,否,是,
2026-05-26 00:11:38,1_1_0007,28,104,否,否,是,
2026-05-26 00:11:46,1_1_0003,28,104,否,否,是,
2026-05-26 00:11:56,1_1_0006,28,104,否,否,是,
2026-05-26 00:12:07,1_1_0004,28,104,否,否,是,
2026-05-26 00:12:20,1_1_0002,28,104,否,否,是,
2026-05-26 00:12:31,1_1_0001,28,104,否,否,是,
2026-05-26 00:13:03,1_1_0010,28,104,否,否,是,
2026-05-26 00:13:04,1_1_0008,28,104,否,否,是,
2026-05-26 00:13:09,1_1_0005,28,104,否,否,是,
2026-05-26 00:13:20,1_1_0009,28,104,否,否,是,
2026-05-26 00:13:26,1_1_0007,28,104,否,否,是,
2026-05-26 00:13:36,1_1_0003,28,104,否,否,是,
2026-05-26 00:13:46,1_1_0006,28,104,否,否,是,
2026-05-26 00:13:57,1_1_0004,28,104,否,否,是,
2026-05-26 00:14:09,1_1_0002,28,104,否,否,是,
2026-05-26 00:14:20,1_1_0001,28,104,否,否,是,
2026-05-26 00:14:51,1_1_0010,28,104,否,否,是,
2026-05-26 00:14:52,1_1_0008,28,104,否,否,是,
2026-05-26 00:14:57,1_1_0005,28,104,否,否,是,
2026-05-26 00:15:02,1_1_0009,28,104,否,否,是,
2026-05-26 00:15:11,1_1_0007,28,104,否,否,是,
2026-05-26 00:15:18,1_1_0003,28,104,否,否,是,
2026-05-26 00:15:30,1_1_0006,28,104,否,否,是,
2026-05-26 00:15:40,1_1_0004,28,104,否,否,是,
2026-05-26 00:15:53,1_1_0002,28,104,否,否,是,
2026-05-26 00:16:11,1_1_0001,28,104,否,否,是,
2026-05-26 00:16:43,1_1_0010,28,104,否,否,是,
2026-05-26 00:16:44,1_1_0008,28,104,否,否,是,
2026-05-26 00:16:50,1_1_0005,28,104,否,否,是,
2026-05-26 00:16:56,1_1_0009,28,104,否,否,是,
2026-05-26 00:17:04,1_1_0007,28,104,否,否,是,
2026-05-26 00:17:11,1_1_0003,28,104,否,否,是,
2026-05-26 00:17:22,1_1_0006,28,104,否,否,是,
2026-05-26 00:17:33,1_1_0004,28,104,否,否,是,
2026-05-26 00:17:44,1_1_0002,28,104,否,否,是,
2026-05-26 00:17:58,1_1_0001,28,104,否,否,是,
2026-05-26 00:18:30,1_1_0010,28,104,否,否,是,
2026-05-26 00:18:32,1_1_0008,28,104,否,否,是,
2026-05-26 00:18:37,1_1_0005,28,104,否,否,是,
2026-05-26 00:18:41,1_1_0009,28,104,否,否,是,
2026-05-26 00:18:46,1_1_0007,28,104,否,否,是,
2026-05-26 00:18:57,1_1_0003,28,104,否,否,是,
2026-05-26 00:19:05,1_1_0006,28,104,否,否,是,
2026-05-26 00:19:14,1_1_0004,28,104,否,否,是,
2026-05-26 00:19:28,1_1_0002,28,104,否,否,是,
2026-05-26 00:19:42,1_1_0001,28,104,否,否,是,
2026-05-26 00:20:14,1_1_0010,28,104,否,否,是,
2026-05-26 00:20:15,1_1_0008,28,104,否,否,是,
2026-05-26 00:20:20,1_1_0005,28,104,否,否,是,
2026-05-26 00:20:25,1_1_0009,28,104,否,否,是,
2026-05-26 00:20:32,1_1_0007,28,104,否,否,是,
2026-05-26 00:20:40,1_1_0003,28,104,否,否,是,
2026-05-26 00:20:51,1_1_0006,28,104,否,否,是,
2026-05-26 00:21:00,1_1_0004,28,104,否,否,是,
2026-05-26 00:21:16,1_1_0002,28,104,否,否,是,
2026-05-26 00:21:29,1_1_0001,28,104,否,否,是,
2026-05-26 00:22:01,1_1_0010,28,104,否,否,是,
2026-05-26 00:22:02,1_1_0008,28,104,否,否,是,
2026-05-26 00:22:07,1_1_0005,28,104,否,否,是,
2026-05-26 00:22:11,1_1_0009,28,104,否,否,是,
2026-05-26 00:22:19,1_1_0007,28,104,否,否,是,
2026-05-26 00:22:28,1_1_0003,28,104,否,否,是,
2026-05-26 00:22:38,1_1_0006,28,104,否,否,是,
2026-05-26 00:22:47,1_1_0004,28,104,否,否,是,
2026-05-26 00:22:59,1_1_0002,28,104,否,否,是,
2026-05-26 00:23:10,1_1_0001,28,104,否,否,是,
2026-05-26 00:23:42,1_1_0010,28,104,否,否,是,
2026-05-26 00:23:43,1_1_0008,28,104,否,否,是,
2026-05-26 00:23:49,1_1_0005,28,104,否,否,是,
2026-05-26 00:23:55,1_1_0009,28,104,否,否,是,
2026-05-26 00:24:04,1_1_0007,28,104,否,否,是,
2026-05-26 00:24:13,1_1_0003,28,104,否,否,是,
2026-05-26 00:24:24,1_1_0006,28,104,否,否,是,
2026-05-26 00:24:34,1_1_0004,28,104,否,否,是,
2026-05-26 00:24:48,1_1_0002,28,104,否,否,是,
2026-05-26 00:24:58,1_1_0001,28,104,否,否,是,
2026-05-26 00:25:30,1_1_0010,28,104,否,否,是,
2026-05-26 00:25:31,1_1_0008,28,104,否,否,是,
2026-05-26 00:25:37,1_1_0005,28,104,否,否,是,
2026-05-26 00:25:40,1_1_0009,28,104,否,否,是,
2026-05-26 00:25:46,1_1_0007,28,104,否,否,是,
2026-05-26 00:25:54,1_1_0003,28,104,否,否,是,
2026-05-26 00:26:02,1_1_0006,28,104,否,否,是,
2026-05-26 00:26:12,1_1_0004,28,104,否,否,是,
2026-05-26 00:26:26,1_1_0002,28,104,否,否,是,
2026-05-26 00:26:39,1_1_0001,28,104,否,否,是,
2026-05-26 00:27:11,1_1_0010,28,104,否,否,是,
2026-05-26 00:27:12,1_1_0008,28,104,否,否,是,
2026-05-26 00:27:17,1_1_0005,28,104,否,否,是,
2026-05-26 00:27:20,1_1_0009,28,104,否,否,是,
2026-05-26 00:27:28,1_1_0007,28,104,否,否,是,
2026-05-26 00:27:39,1_1_0003,28,104,否,否,是,
2026-05-26 00:27:49,1_1_0006,28,104,否,否,是,
2026-05-26 00:28:02,1_1_0004,28,104,否,否,是,
2026-05-26 00:28:17,1_1_0002,28,104,否,否,是,
2026-05-26 00:28:28,1_1_0001,28,104,否,否,是,
2026-05-26 00:29:01,1_1_0010,28,104,否,否,是,
2026-05-26 00:29:02,1_1_0008,28,104,否,否,是,
2026-05-26 00:29:07,1_1_0005,28,104,否,否,是,
2026-05-26 00:29:10,1_1_0009,28,104,否,否,是,
2026-05-26 00:29:21,1_1_0007,28,104,否,否,是,
2026-05-26 00:29:29,1_1_0003,28,104,否,否,是,
2026-05-26 00:29:37,1_1_0006,28,104,否,否,是,
2026-05-26 00:29:46,1_1_0004,28,104,否,否,是,
2026-05-26 00:29:57,1_1_0002,28,104,否,否,是,
2026-05-26 00:30:07,1_1_0001,28,104,否,否,是,
2026-05-26 00:30:39,1_1_0010,28,104,否,否,是,
2026-05-26 00:30:40,1_1_0008,28,104,否,否,是,
2026-05-26 00:30:46,1_1_0005,28,104,否,否,是,
2026-05-26 00:30:50,1_1_0009,28,104,否,否,是,
2026-05-26 00:30:59,1_1_0007,28,104,否,否,是,
2026-05-26 00:31:11,1_1_0003,28,104,否,否,是,
2026-05-26 00:31:21,1_1_0006,28,104,否,否,是,
2026-05-26 00:31:30,1_1_0004,28,104,否,否,是,
2026-05-26 00:31:43,1_1_0002,28,104,否,否,是,
2026-05-26 00:31:52,1_1_0001,28,104,否,否,是,
2026-05-26 00:32:24,1_1_0010,28,104,否,否,是,
2026-05-26 00:32:25,1_1_0008,28,104,否,否,是,
2026-05-26 00:32:31,1_1_0005,28,104,否,否,是,
2026-05-26 00:32:35,1_1_0009,28,104,否,否,是,
2026-05-26 00:32:41,1_1_0007,28,104,否,否,是,
2026-05-26 00:32:50,1_1_0003,28,104,否,否,是,
2026-05-26 00:33:00,1_1_0006,28,104,否,否,是,
2026-05-26 00:33:10,1_1_0004,28,104,否,否,是,
2026-05-26 00:33:22,1_1_0002,28,104,否,否,是,
2026-05-26 00:33:38,1_1_0001,28,104,否,否,是,
2026-05-26 00:34:10,1_1_0010,28,104,否,否,是,
2026-05-26 00:34:11,1_1_0008,28,104,否,否,是,
2026-05-26 00:34:17,1_1_0005,28,104,否,否,是,
2026-05-26 00:34:20,1_1_0009,28,104,否,否,是,
2026-05-26 00:34:28,1_1_0007,28,104,否,否,是,
2026-05-26 00:34:38,1_1_0003,28,104,否,否,是,
2026-05-26 00:34:45,1_1_0006,28,104,否,否,是,
2026-05-26 00:34:54,1_1_0004,28,104,否,否,是,
2026-05-26 00:35:14,1_1_0002,0,0,否,否,否,2
2026-05-26 00:35:24,1_1_0001,28,104,否,否,是,
2026-05-26 00:35:57,1_1_0010,28,104,否,否,是,
2026-05-26 00:35:58,1_1_0008,28,104,否,否,是,
2026-05-26 00:36:05,1_1_0005,28,104,否,否,是,
2026-05-26 00:36:09,1_1_0009,28,104,否,否,是,
2026-05-26 00:36:17,1_1_0007,28,104,否,否,是,
2026-05-26 00:36:22,1_1_0003,28,104,否,否,是,
2026-05-26 00:36:30,1_1_0006,28,104,否,否,是,
2026-05-26 00:36:40,1_1_0004,28,104,否,否,是,
2026-05-26 00:36:52,1_1_0002,28,104,否,否,是,
2026-05-26 00:37:05,1_1_0001,28,104,否,否,是,
2026-05-26 00:37:38,1_1_0010,28,104,否,否,是,
2026-05-26 00:37:39,1_1_0008,28,104,否,否,是,
2026-05-26 00:37:44,1_1_0005,28,104,否,否,是,
2026-05-26 00:37:48,1_1_0009,28,104,否,否,是,
2026-05-26 00:37:53,1_1_0007,28,104,否,否,是,
2026-05-26 00:38:02,1_1_0003,28,104,否,否,是,
2026-05-26 00:38:16,1_1_0006,28,104,否,否,是,
2026-05-26 00:38:27,1_1_0004,28,104,否,否,是,
2026-05-26 00:38:38,1_1_0002,28,104,否,否,是,
2026-05-26 00:38:51,1_1_0001,28,104,否,否,是,
2026-05-26 00:39:23,1_1_0010,28,104,否,否,是,
2026-05-26 00:39:24,1_1_0008,28,104,否,否,是,
2026-05-26 00:39:31,1_1_0005,28,104,否,否,是,
2026-05-26 00:39:34,1_1_0009,28,104,否,否,是,
2026-05-26 00:39:41,1_1_0007,28,104,否,否,是,
2026-05-26 00:39:49,1_1_0003,28,104,否,否,是,
2026-05-26 00:40:03,1_1_0006,28,104,否,否,是,
2026-05-26 00:40:15,1_1_0004,28,104,否,否,是,
2026-05-26 00:40:28,1_1_0002,28,104,否,否,是,
2026-05-26 00:40:43,1_1_0001,28,104,否,否,是,
2026-05-26 00:41:14,1_1_0010,28,104,否,否,是,
2026-05-26 00:41:16,1_1_0008,28,104,否,否,是,
2026-05-26 00:41:24,1_1_0005,28,104,否,否,是,
2026-05-26 00:41:27,1_1_0009,28,104,否,否,是,
2026-05-26 00:41:34,1_1_0007,28,104,否,否,是,
2026-05-26 00:41:41,1_1_0003,28,104,否,否,是,
2026-05-26 00:41:51,1_1_0006,28,104,否,否,是,
2026-05-26 00:42:01,1_1_0004,28,104,否,否,是,
2026-05-26 00:42:14,1_1_0002,28,104,否,否,是,
2026-05-26 00:42:29,1_1_0001,28,104,否,否,是,
2026-05-26 00:43:01,1_1_0010,28,104,否,否,是,
2026-05-26 00:43:03,1_1_0008,28,104,否,否,是,
2026-05-26 00:43:08,1_1_0005,28,104,否,否,是,
2026-05-26 00:43:15,1_1_0009,28,104,否,否,是,
2026-05-26 00:43:22,1_1_0007,28,104,否,否,是,
2026-05-26 00:43:31,1_1_0003,28,104,否,否,是,
2026-05-26 00:43:39,1_1_0006,28,104,否,否,是,
2026-05-26 00:43:51,1_1_0004,28,104,否,否,是,
2026-05-26 00:44:06,1_1_0002,28,104,否,否,是,
2026-05-26 00:44:20,1_1_0001,28,104,否,否,是,
2026-05-26 00:44:52,1_1_0010,28,104,否,否,是,
2026-05-26 00:44:54,1_1_0008,28,104,否,否,是,
2026-05-26 00:45:00,1_1_0005,28,104,否,否,是,
2026-05-26 00:45:09,1_1_0009,28,104,否,否,是,
2026-05-26 00:45:16,1_1_0007,28,104,否,否,是,
2026-05-26 00:45:24,1_1_0003,28,104,否,否,是,
2026-05-26 00:45:34,1_1_0006,28,104,否,否,是,
2026-05-26 00:45:44,1_1_0004,28,104,否,否,是,
2026-05-26 00:45:56,1_1_0002,28,104,否,否,是,
2026-05-26 00:46:10,1_1_0001,28,104,否,否,是,
2026-05-26 00:46:42,1_1_0010,28,104,否,否,是,
2026-05-26 00:46:44,1_1_0008,28,104,否,否,是,
2026-05-26 00:46:49,1_1_0005,28,104,否,否,是,
2026-05-26 00:46:53,1_1_0009,28,104,否,否,是,
2026-05-26 00:46:59,1_1_0007,28,104,否,否,是,
2026-05-26 00:47:08,1_1_0003,28,104,否,否,是,
2026-05-26 00:47:16,1_1_0006,28,104,否,否,是,
2026-05-26 00:47:27,1_1_0004,28,104,否,否,是,
2026-05-26 00:47:39,1_1_0002,28,104,否,否,是,
2026-05-26 00:47:47,1_1_0001,28,104,否,否,是,
2026-05-26 00:48:18,1_1_0010,28,104,否,否,是,
2026-05-26 00:48:20,1_1_0008,28,104,否,否,是,
2026-05-26 00:48:25,1_1_0005,28,104,否,否,是,
2026-05-26 00:48:28,1_1_0009,28,104,否,否,是,
2026-05-26 00:48:37,1_1_0007,28,104,否,否,是,
2026-05-26 00:48:46,1_1_0003,28,104,否,否,是,
2026-05-26 00:48:56,1_1_0006,28,104,否,否,是,
2026-05-26 00:49:10,1_1_0004,28,104,否,否,是,
2026-05-26 00:49:19,1_1_0002,28,104,否,否,是,
2026-05-26 00:49:30,1_1_0001,28,104,否,否,是,
2026-05-26 00:50:03,1_1_0010,28,104,否,否,是,
2026-05-26 00:50:04,1_1_0008,28,104,否,否,是,
2026-05-26 00:50:09,1_1_0005,28,104,否,否,是,
2026-05-26 00:50:12,1_1_0009,28,104,否,否,是,
2026-05-26 00:50:24,1_1_0007,28,104,否,否,是,
2026-05-26 00:50:33,1_1_0003,28,104,否,否,是,
2026-05-26 00:50:40,1_1_0006,28,104,否,否,是,
2026-05-26 00:50:51,1_1_0004,28,104,否,否,是,
2026-05-26 00:51:07,1_1_0002,28,104,否,否,是,
2026-05-26 00:51:19,1_1_0001,28,104,否,否,是,
2026-05-26 00:51:52,1_1_0010,28,104,否,否,是,
2026-05-26 00:51:53,1_1_0008,28,104,否,否,是,
2026-05-26 00:52:00,1_1_0005,28,104,否,否,是,
2026-05-26 00:52:04,1_1_0009,28,104,否,否,是,
2026-05-26 00:52:10,1_1_0007,28,104,否,否,是,
2026-05-26 00:52:20,1_1_0003,28,104,否,否,是,
2026-05-26 00:52:28,1_1_0006,28,104,否,否,是,
2026-05-26 00:52:44,1_1_0004,28,104,否,否,是,
2026-05-26 00:53:01,1_1_0002,28,104,否,否,是,
2026-05-26 00:53:08,1_1_0001,28,104,否,否,是,
2026-05-26 00:53:40,1_1_0010,28,104,否,否,是,
2026-05-26 00:53:42,1_1_0008,28,104,否,否,是,
2026-05-26 00:53:47,1_1_0005,28,104,否,否,是,
2026-05-26 00:53:53,1_1_0009,28,104,否,否,是,
2026-05-26 00:54:01,1_1_0007,28,104,否,否,是,
2026-05-26 00:54:09,1_1_0003,28,104,否,否,是,
2026-05-26 00:54:18,1_1_0006,28,104,否,否,是,
2026-05-26 00:54:28,1_1_0004,28,104,否,否,是,
2026-05-26 00:54:40,1_1_0002,28,104,否,否,是,
2026-05-26 00:54:54,1_1_0001,28,104,否,否,是,
2026-05-26 00:55:26,1_1_0010,28,104,否,否,是,
2026-05-26 00:55:28,1_1_0008,28,104,否,否,是,
2026-05-26 00:55:34,1_1_0005,28,104,否,否,是,
2026-05-26 00:55:36,1_1_0009,28,104,否,否,是,
2026-05-26 00:55:42,1_1_0007,28,104,否,否,是,
2026-05-26 00:55:50,1_1_0003,28,104,否,否,是,
2026-05-26 00:56:04,1_1_0006,28,104,否,否,是,
2026-05-26 00:56:15,1_1_0004,28,104,否,否,是,
2026-05-26 00:56:29,1_1_0002,28,104,否,否,是,
2026-05-26 00:56:42,1_1_0001,28,104,否,否,是,
2026-05-26 00:57:14,1_1_0010,28,104,否,否,是,
2026-05-26 00:57:16,1_1_0008,28,104,否,否,是,
2026-05-26 00:57:20,1_1_0005,28,104,否,否,是,
2026-05-26 00:57:24,1_1_0009,28,104,否,否,是,
2026-05-26 00:57:30,1_1_0007,28,104,否,否,是,
2026-05-26 00:57:40,1_1_0003,28,104,否,否,是,
2026-05-26 00:57:49,1_1_0006,28,104,否,否,是,
2026-05-26 00:58:00,1_1_0004,28,104,否,否,是,
2026-05-26 00:58:14,1_1_0002,28,104,否,否,是,
2026-05-26 00:58:26,1_1_0001,28,104,否,否,是,
2026-05-26 00:58:57,1_1_0010,28,104,否,否,是,
2026-05-26 00:58:58,1_1_0008,28,104,否,否,是,
2026-05-26 00:59:03,1_1_0005,28,104,否,否,是,
2026-05-26 00:59:07,1_1_0009,28,104,否,否,是,
2026-05-26 00:59:11,1_1_0007,28,104,否,否,是,
2026-05-26 00:59:22,1_1_0003,28,104,否,否,是,
2026-05-26 00:59:33,1_1_0006,28,104,否,否,是,
2026-05-26 00:59:41,1_1_0004,28,104,否,否,是,
2026-05-26 00:59:58,1_1_0002,28,104,否,否,是,
2026-05-26 01:00:09,1_1_0001,28,104,否,否,是,
2026-05-26 01:00:41,1_1_0010,28,104,否,否,是,
2026-05-26 01:00:42,1_1_0008,28,104,否,否,是,
2026-05-26 01:00:46,1_1_0005,28,104,否,否,是,
2026-05-26 01:01:10,1_1_0009,0,0,否,否,否,2
2026-05-26 01:01:18,1_1_0007,28,104,否,否,是,
2026-05-26 01:01:29,1_1_0003,28,104,否,否,是,
2026-05-26 01:01:36,1_1_0006,28,104,否,否,是,
2026-05-26 01:01:45,1_1_0004,28,104,否,否,是,
2026-05-26 01:01:56,1_1_0002,28,104,否,否,是,
2026-05-26 01:02:12,1_1_0001,28,104,否,否,是,
2026-05-26 01:02:45,1_1_0010,28,104,否,否,是,
2026-05-26 01:02:46,1_1_0008,28,104,否,否,是,
2026-05-26 01:02:54,1_1_0005,28,104,否,否,是,
2026-05-26 01:02:58,1_1_0009,28,104,否,否,是,
2026-05-26 01:03:07,1_1_0007,28,104,否,否,是,
2026-05-26 01:03:14,1_1_0003,28,104,否,否,是,
2026-05-26 01:03:26,1_1_0006,28,104,否,否,是,
2026-05-26 01:03:36,1_1_0004,28,104,否,否,是,
2026-05-26 01:03:51,1_1_0002,28,104,否,否,是,
2026-05-26 01:04:02,1_1_0001,28,104,否,否,是,
2026-05-26 01:04:34,1_1_0010,28,104,否,否,是,
2026-05-26 01:04:35,1_1_0008,28,104,否,否,是,
2026-05-26 01:04:40,1_1_0005,28,104,否,否,是,
2026-05-26 01:04:43,1_1_0009,28,104,否,否,是,
2026-05-26 01:04:50,1_1_0007,28,104,否,否,是,
2026-05-26 01:04:56,1_1_0003,28,104,否,否,是,
2026-05-26 01:05:07,1_1_0006,28,104,否,否,是,
2026-05-26 01:05:16,1_1_0004,28,104,否,否,是,
2026-05-26 01:05:27,1_1_0002,28,104,否,否,是,
2026-05-26 01:05:37,1_1_0001,28,104,否,否,是,
2026-05-26 01:06:10,1_1_0010,28,104,否,否,是,
2026-05-26 01:06:11,1_1_0008,28,104,否,否,是,
2026-05-26 01:06:17,1_1_0005,28,104,否,否,是,
2026-05-26 01:06:21,1_1_0009,28,104,否,否,是,
2026-05-26 01:06:25,1_1_0007,28,104,否,否,是,
2026-05-26 01:06:39,1_1_0003,28,104,否,否,是,
2026-05-26 01:06:51,1_1_0006,28,104,否,否,是,
2026-05-26 01:07:04,1_1_0004,28,104,否,否,是,
2026-05-26 01:07:15,1_1_0002,28,104,否,否,是,
2026-05-26 01:07:26,1_1_0001,28,104,否,否,是,
2026-05-26 01:07:57,1_1_0010,28,104,否,否,是,
2026-05-26 01:07:58,1_1_0008,28,104,否,否,是,
2026-05-26 01:08:04,1_1_0005,28,104,否,否,是,
2026-05-26 01:08:12,1_1_0009,28,104,否,否,是,
2026-05-26 01:08:21,1_1_0007,28,104,否,否,是,
2026-05-26 01:08:29,1_1_0003,28,104,否,否,是,
2026-05-26 01:08:38,1_1_0006,28,104,否,否,是,
2026-05-26 01:08:48,1_1_0004,28,104,否,否,是,
2026-05-26 01:08:59,1_1_0002,28,104,否,否,是,
2026-05-26 01:09:10,1_1_0001,28,104,否,否,是,
2026-05-26 01:09:42,1_1_0010,28,104,否,否,是,
2026-05-26 01:09:43,1_1_0008,28,104,否,否,是,
2026-05-26 01:09:50,1_1_0005,28,104,否,否,是,
2026-05-26 01:09:55,1_1_0009,28,104,否,否,是,
2026-05-26 01:10:02,1_1_0007,28,104,否,否,是,
2026-05-26 01:10:09,1_1_0003,28,104,否,否,是,
2026-05-26 01:10:22,1_1_0006,28,104,否,否,是,
2026-05-26 01:10:29,1_1_0004,28,104,否,否,是,
2026-05-26 01:10:42,1_1_0002,28,104,否,否,是,
2026-05-26 01:10:53,1_1_0001,28,104,否,否,是,
2026-05-26 01:11:26,1_1_0010,28,104,否,否,是,
2026-05-26 01:11:27,1_1_0008,28,104,否,否,是,
2026-05-26 01:11:32,1_1_0005,28,104,否,否,是,
2026-05-26 01:11:35,1_1_0009,28,104,否,否,是,
2026-05-26 01:11:42,1_1_0007,28,104,否,否,是,
2026-05-26 01:11:49,1_1_0003,28,104,否,否,是,
2026-05-26 01:11:57,1_1_0006,28,104,否,否,是,
2026-05-26 01:12:07,1_1_0004,28,104,否,否,是,
2026-05-26 01:12:23,1_1_0002,28,104,否,否,是,
2026-05-26 01:12:34,1_1_0001,28,104,否,否,是,
2026-05-26 01:13:06,1_1_0010,28,104,否,否,是,
2026-05-26 01:13:07,1_1_0008,28,104,否,否,是,
2026-05-26 01:13:13,1_1_0005,28,104,否,否,是,
2026-05-26 01:13:16,1_1_0009,28,104,否,否,是,
2026-05-26 01:13:24,1_1_0007,28,104,否,否,是,
2026-05-26 01:13:35,1_1_0003,28,104,否,否,是,
2026-05-26 01:13:43,1_1_0006,28,104,否,否,是,
2026-05-26 01:13:53,1_1_0004,28,104,否,否,是,
2026-05-26 01:14:06,1_1_0002,28,104,否,否,是,
2026-05-26 01:14:19,1_1_0001,28,104,否,否,是,
2026-05-26 01:14:52,1_1_0010,28,104,否,否,是,
2026-05-26 01:14:53,1_1_0008,28,104,否,否,是,
2026-05-26 01:14:59,1_1_0005,28,104,否,否,是,
2026-05-26 01:15:02,1_1_0009,28,104,否,否,是,
2026-05-26 01:15:06,1_1_0007,28,104,否,否,是,
2026-05-26 01:15:14,1_1_0003,28,104,否,否,是,
2026-05-26 01:15:24,1_1_0006,28,104,否,否,是,
2026-05-26 01:15:34,1_1_0004,28,104,否,否,是,
2026-05-26 01:15:46,1_1_0002,28,104,否,否,是,
2026-05-26 01:15:57,1_1_0001,28,104,否,否,是,
2026-05-26 01:16:30,1_1_0010,28,104,否,否,是,
2026-05-26 01:16:31,1_1_0008,28,104,否,否,是,
2026-05-26 01:16:35,1_1_0005,28,104,否,否,是,
2026-05-26 01:16:44,1_1_0009,28,104,否,否,是,
2026-05-26 01:16:52,1_1_0007,28,104,否,否,是,
2026-05-26 01:17:03,1_1_0003,28,104,否,否,是,
2026-05-26 01:17:13,1_1_0006,28,104,否,否,是,
2026-05-26 01:17:24,1_1_0004,28,104,否,否,是,
2026-05-26 01:17:40,1_1_0002,28,104,否,否,是,
2026-05-26 01:17:53,1_1_0001,28,104,否,否,是,
2026-05-26 01:18:27,1_1_0010,28,104,否,否,是,
2026-05-26 01:18:28,1_1_0008,28,104,否,否,是,
2026-05-26 01:18:36,1_1_0005,28,104,否,否,是,
2026-05-26 01:18:42,1_1_0009,28,104,否,否,是,
2026-05-26 01:18:50,1_1_0007,28,104,否,否,是,
2026-05-26 01:18:59,1_1_0003,28,104,否,否,是,
2026-05-26 01:19:08,1_1_0006,28,104,否,否,是,
2026-05-26 01:19:17,1_1_0004,28,104,否,否,是,
2026-05-26 01:19:28,1_1_0002,28,104,否,否,是,
2026-05-26 01:19:43,1_1_0001,28,104,否,否,是,
2026-05-26 01:20:16,1_1_0010,28,104,否,否,是,
2026-05-26 01:20:17,1_1_0008,28,104,否,否,是,
2026-05-26 01:20:23,1_1_0005,28,104,否,否,是,
2026-05-26 01:20:27,1_1_0009,28,104,否,否,是,
2026-05-26 01:20:33,1_1_0007,28,104,否,否,是,
2026-05-26 01:20:41,1_1_0003,28,104,否,否,是,
2026-05-26 01:20:50,1_1_0006,28,104,否,否,是,
2026-05-26 01:21:02,1_1_0004,28,104,否,否,是,
2026-05-26 01:21:16,1_1_0002,28,104,否,否,是,
2026-05-26 01:21:26,1_1_0001,28,104,否,否,是,
2026-05-26 01:21:58,1_1_0010,28,104,否,否,是,
2026-05-26 01:22:00,1_1_0008,28,104,否,否,是,
2026-05-26 01:22:06,1_1_0005,28,104,否,否,是,
2026-05-26 01:22:09,1_1_0009,28,104,否,否,是,
2026-05-26 01:22:14,1_1_0007,28,104,否,否,是,
2026-05-26 01:22:22,1_1_0003,28,104,否,否,是,
2026-05-26 01:22:35,1_1_0006,28,104,否,否,是,
2026-05-26 01:22:47,1_1_0004,28,104,否,否,是,
2026-05-26 01:23:01,1_1_0002,28,104,否,否,是,
2026-05-26 01:23:13,1_1_0001,28,104,否,否,是,
2026-05-26 01:23:45,1_1_0010,28,104,否,否,是,
2026-05-26 01:23:46,1_1_0008,28,104,否,否,是,
2026-05-26 01:23:52,1_1_0005,28,104,否,否,是,
2026-05-26 01:23:58,1_1_0009,28,104,否,否,是,
2026-05-26 01:24:07,1_1_0007,28,104,否,否,是,
2026-05-26 01:24:17,1_1_0003,28,104,否,否,是,
2026-05-26 01:24:27,1_1_0006,28,104,否,否,是,
2026-05-26 01:24:39,1_1_0004,28,104,否,否,是,
2026-05-26 01:24:55,1_1_0002,28,104,否,否,是,
2026-05-26 01:25:07,1_1_0001,28,104,否,否,是,
2026-05-26 01:25:39,1_1_0010,28,104,否,否,是,
2026-05-26 01:25:41,1_1_0008,28,104,否,否,是,
2026-05-26 01:25:46,1_1_0005,28,104,否,否,是,
2026-05-26 01:25:53,1_1_0009,28,104,否,否,是,
2026-05-26 01:26:06,1_1_0007,28,104,否,否,是,
2026-05-26 01:26:14,1_1_0003,28,104,否,否,是,
2026-05-26 01:26:23,1_1_0006,28,104,否,否,是,
2026-05-26 01:26:33,1_1_0004,28,104,否,否,是,
2026-05-26 01:26:50,1_1_0002,28,104,否,否,是,
2026-05-26 01:27:00,1_1_0001,28,104,否,否,是,
2026-05-26 01:27:31,1_1_0010,28,104,否,否,是,
2026-05-26 01:27:32,1_1_0008,28,104,否,否,是,
2026-05-26 01:27:37,1_1_0005,28,104,否,否,是,
2026-05-26 01:27:41,1_1_0009,28,104,否,否,是,
2026-05-26 01:27:47,1_1_0007,28,104,否,否,是,
2026-05-26 01:27:58,1_1_0003,28,104,否,否,是,
2026-05-26 01:28:08,1_1_0006,28,104,否,否,是,
2026-05-26 01:28:20,1_1_0004,28,104,否,否,是,
2026-05-26 01:28:34,1_1_0002,28,104,否,否,是,
2026-05-26 01:28:45,1_1_0001,28,104,否,否,是,
2026-05-26 01:29:17,1_1_0010,28,104,否,否,是,
2026-05-26 01:29:18,1_1_0008,28,104,否,否,是,
2026-05-26 01:29:24,1_1_0005,28,104,否,否,是,
2026-05-26 01:29:27,1_1_0009,28,104,否,否,是,
2026-05-26 01:29:33,1_1_0007,28,104,否,否,是,
2026-05-26 01:29:42,1_1_0003,28,104,否,否,是,
2026-05-26 01:29:52,1_1_0006,28,104,否,否,是,
2026-05-26 01:30:03,1_1_0004,28,104,否,否,是,
2026-05-26 01:30:16,1_1_0002,28,104,否,否,是,
2026-05-26 01:30:31,1_1_0001,28,104,否,否,是,
2026-05-26 01:31:03,1_1_0010,28,104,否,否,是,
2026-05-26 01:31:09,1_1_0008,28,104,否,否,是,
2026-05-26 01:31:13,1_1_0005,28,104,否,否,是,
2026-05-26 01:31:18,1_1_0009,28,104,否,否,是,
2026-05-26 01:31:24,1_1_0007,28,104,否,否,是,
2026-05-26 01:31:35,1_1_0003,28,104,否,否,是,
2026-05-26 01:31:44,1_1_0006,28,104,否,否,是,
2026-05-26 01:31:52,1_1_0004,28,104,否,否,是,
2026-05-26 01:32:12,1_1_0002,28,104,否,否,是,
2026-05-26 01:32:26,1_1_0001,28,104,否,否,是,
2026-05-26 01:32:59,1_1_0010,28,104,否,否,是,
2026-05-26 01:33:00,1_1_0008,28,104,否,否,是,
2026-05-26 01:33:04,1_1_0005,28,104,否,否,是,
2026-05-26 01:33:09,1_1_0009,28,104,否,否,是,
2026-05-26 01:33:16,1_1_0007,28,104,否,否,是,
2026-05-26 01:33:22,1_1_0003,28,104,否,否,是,
2026-05-26 01:33:34,1_1_0006,28,104,否,否,是,
2026-05-26 01:33:43,1_1_0004,28,104,否,否,是,
2026-05-26 01:33:56,1_1_0002,28,104,否,否,是,
2026-05-26 01:34:08,1_1_0001,28,104,否,否,是,
2026-05-26 01:34:39,1_1_0010,28,104,否,否,是,
2026-05-26 01:34:40,1_1_0008,28,104,否,否,是,
2026-05-26 01:34:46,1_1_0005,28,104,否,否,是,
2026-05-26 01:34:51,1_1_0009,28,104,否,否,是,
2026-05-26 01:34:57,1_1_0007,28,104,否,否,是,
2026-05-26 01:35:05,1_1_0003,28,104,否,否,是,
2026-05-26 01:35:10,1_1_0006,28,104,否,否,是,
2026-05-26 01:35:25,1_1_0004,28,104,否,否,是,
2026-05-26 01:35:36,1_1_0002,28,104,否,否,是,
2026-05-26 01:35:49,1_1_0001,28,104,否,否,是,
2026-05-26 01:36:22,1_1_0010,28,104,否,否,是,
2026-05-26 01:36:23,1_1_0008,28,104,否,否,是,
2026-05-26 01:36:32,1_1_0005,28,104,否,否,是,
2026-05-26 01:36:39,1_1_0009,28,104,否,否,是,
2026-05-26 01:36:47,1_1_0007,28,104,否,否,是,
2026-05-26 01:36:55,1_1_0003,28,104,否,否,是,
2026-05-26 01:37:04,1_1_0006,28,104,否,否,是,
2026-05-26 01:37:16,1_1_0004,28,104,否,否,是,
2026-05-26 01:37:27,1_1_0002,28,104,否,否,是,
2026-05-26 01:37:41,1_1_0001,28,104,否,否,是,
2026-05-26 01:38:15,1_1_0010,28,104,否,否,是,
2026-05-26 01:38:16,1_1_0008,28,104,否,否,是,
2026-05-26 01:38:22,1_1_0005,28,104,否,否,是,
2026-05-26 01:38:26,1_1_0009,28,104,否,否,是,
2026-05-26 01:38:34,1_1_0007,28,104,否,否,是,
2026-05-26 01:38:42,1_1_0003,28,104,否,否,是,
2026-05-26 01:38:50,1_1_0006,28,104,否,否,是,
2026-05-26 01:39:00,1_1_0004,28,104,否,否,是,
2026-05-26 01:39:11,1_1_0002,28,104,否,否,是,
2026-05-26 01:39:23,1_1_0001,28,104,否,否,是,
2026-05-26 01:39:57,1_1_0010,28,104,否,否,是,
2026-05-26 01:39:58,1_1_0008,28,104,否,否,是,
2026-05-26 01:40:05,1_1_0005,28,104,否,否,是,
2026-05-26 01:40:09,1_1_0009,28,104,否,否,是,
2026-05-26 01:40:17,1_1_0007,28,104,否,否,是,
2026-05-26 01:40:24,1_1_0003,28,104,否,否,是,
2026-05-26 01:40:32,1_1_0006,28,104,否,否,是,
2026-05-26 01:40:43,1_1_0004,28,104,否,否,是,
2026-05-26 01:40:56,1_1_0002,28,104,否,否,是,
2026-05-26 01:41:07,1_1_0001,28,104,否,否,是,
2026-05-26 01:41:40,1_1_0010,28,104,否,否,是,
2026-05-26 01:41:41,1_1_0008,28,104,否,否,是,
2026-05-26 01:41:45,1_1_0005,28,104,否,否,是,
2026-05-26 01:41:48,1_1_0009,28,104,否,否,是,
2026-05-26 01:41:53,1_1_0007,28,104,否,否,是,
2026-05-26 01:42:03,1_1_0003,28,104,否,否,是,
2026-05-26 01:42:16,1_1_0006,28,104,否,否,是,
2026-05-26 01:42:28,1_1_0004,28,104,否,否,是,
2026-05-26 01:42:44,1_1_0002,28,104,否,否,是,
2026-05-26 01:42:56,1_1_0001,28,104,否,否,是,
2026-05-26 01:43:28,1_1_0010,28,104,否,否,是,
2026-05-26 01:43:29,1_1_0008,28,104,否,否,是,
2026-05-26 01:43:34,1_1_0005,28,104,否,否,是,
2026-05-26 01:43:38,1_1_0009,28,104,否,否,是,
2026-05-26 01:43:59,1_1_0007,0,0,否,否,否,2
2026-05-26 01:44:04,1_1_0003,28,104,否,否,是,
2026-05-26 01:44:14,1_1_0006,28,104,否,否,是,
2026-05-26 01:44:26,1_1_0004,28,104,否,否,是,
2026-05-26 01:44:36,1_1_0002,28,104,否,否,是,
2026-05-26 01:44:49,1_1_0001,28,104,否,否,是,
2026-05-26 01:45:21,1_1_0010,28,104,否,否,是,
2026-05-26 01:45:22,1_1_0008,28,104,否,否,是,
2026-05-26 01:45:28,1_1_0005,28,104,否,否,是,
2026-05-26 01:45:33,1_1_0009,28,104,否,否,是,
2026-05-26 01:45:38,1_1_0007,28,104,否,否,是,
2026-05-26 01:45:47,1_1_0003,28,104,否,否,是,
2026-05-26 01:45:58,1_1_0006,28,104,否,否,是,
2026-05-26 01:46:11,1_1_0004,28,104,否,否,是,
2026-05-26 01:46:24,1_1_0002,28,104,否,否,是,
2026-05-26 01:46:33,1_1_0001,28,104,否,否,是,
2026-05-26 01:47:05,1_1_0010,28,104,否,否,是,
2026-05-26 01:47:07,1_1_0008,28,104,否,否,是,
2026-05-26 01:47:13,1_1_0005,28,104,否,否,是,
2026-05-26 01:47:17,1_1_0009,28,104,否,否,是,
2026-05-26 01:47:24,1_1_0007,28,104,否,否,是,
2026-05-26 01:47:29,1_1_0003,28,104,否,否,是,
2026-05-26 01:47:42,1_1_0006,28,104,否,否,是,
2026-05-26 01:47:53,1_1_0004,28,104,否,否,是,
2026-05-26 01:48:04,1_1_0002,28,104,否,否,是,
2026-05-26 01:48:18,1_1_0001,28,104,否,否,是,
2026-05-26 01:48:50,1_1_0010,28,104,否,否,是,
2026-05-26 01:48:51,1_1_0008,28,104,否,否,是,
2026-05-26 01:48:57,1_1_0005,28,104,否,否,是,
2026-05-26 01:49:01,1_1_0009,28,104,否,否,是,
2026-05-26 01:49:07,1_1_0007,28,104,否,否,是,
2026-05-26 01:49:16,1_1_0003,28,104,否,否,是,
2026-05-26 01:49:26,1_1_0006,28,104,否,否,是,
2026-05-26 01:49:35,1_1_0004,28,104,否,否,是,
2026-05-26 01:49:50,1_1_0002,28,104,否,否,是,
2026-05-26 01:50:01,1_1_0001,28,104,否,否,是,
2026-05-26 01:50:33,1_1_0010,28,104,否,否,是,
2026-05-26 01:50:34,1_1_0008,28,104,否,否,是,
2026-05-26 01:50:39,1_1_0005,28,104,否,否,是,
2026-05-26 01:50:43,1_1_0009,28,104,否,否,是,
2026-05-26 01:50:50,1_1_0007,28,104,否,否,是,
2026-05-26 01:50:57,1_1_0003,28,104,否,否,是,
2026-05-26 01:51:07,1_1_0006,28,104,否,否,是,
2026-05-26 01:51:20,1_1_0004,28,104,否,否,是,
2026-05-26 01:51:32,1_1_0002,28,104,否,否,是,
2026-05-26 01:51:49,1_1_0001,28,104,否,否,是,
2026-05-26 01:52:23,1_1_0010,28,104,否,否,是,
2026-05-26 01:52:24,1_1_0008,28,104,否,否,是,
2026-05-26 01:52:30,1_1_0005,28,104,否,否,是,
2026-05-26 01:52:33,1_1_0009,28,104,否,否,是,
2026-05-26 01:52:40,1_1_0007,28,104,否,否,是,
2026-05-26 01:52:48,1_1_0003,28,104,否,否,是,
2026-05-26 01:52:55,1_1_0006,28,104,否,否,是,
2026-05-26 01:53:06,1_1_0004,28,104,否,否,是,
2026-05-26 01:53:16,1_1_0002,28,104,否,否,是,
2026-05-26 01:53:31,1_1_0001,28,104,否,否,是,
2026-05-26 01:54:03,1_1_0010,28,104,否,否,是,
2026-05-26 01:54:04,1_1_0008,28,104,否,否,是,
2026-05-26 01:54:13,1_1_0005,28,104,否,否,是,
2026-05-26 01:54:17,1_1_0009,28,104,否,否,是,
2026-05-26 01:54:26,1_1_0007,28,104,否,否,是,
2026-05-26 01:54:34,1_1_0003,28,104,否,否,是,
2026-05-26 01:54:44,1_1_0006,28,104,否,否,是,
2026-05-26 01:54:52,1_1_0004,28,104,否,否,是,
2026-05-26 01:55:05,1_1_0002,28,104,否,否,是,
2026-05-26 01:55:15,1_1_0001,28,104,否,否,是,
2026-05-26 01:55:47,1_1_0010,28,104,否,否,是,
2026-05-26 01:55:48,1_1_0008,28,104,否,否,是,
2026-05-26 01:55:53,1_1_0005,28,104,否,否,是,
2026-05-26 01:55:57,1_1_0009,28,104,否,否,是,
2026-05-26 01:56:02,1_1_0007,28,104,否,否,是,
2026-05-26 01:56:12,1_1_0003,28,104,否,否,是,
2026-05-26 01:56:20,1_1_0006,28,104,否,否,是,
2026-05-26 01:56:28,1_1_0004,28,104,否,否,是,
2026-05-26 01:56:40,1_1_0002,28,104,否,否,是,
2026-05-26 01:56:49,1_1_0001,28,104,否,否,是,
2026-05-26 01:57:22,1_1_0010,28,104,否,否,是,
2026-05-26 01:57:23,1_1_0008,28,104,否,否,是,
2026-05-26 01:57:28,1_1_0005,28,104,否,否,是,
2026-05-26 01:57:34,1_1_0009,28,104,否,否,是,
2026-05-26 01:57:39,1_1_0007,28,104,否,否,是,
2026-05-26 01:57:50,1_1_0003,28,104,否,否,是,
2026-05-26 01:57:59,1_1_0006,28,104,否,否,是,
2026-05-26 01:58:10,1_1_0004,28,104,否,否,是,
2026-05-26 01:58:23,1_1_0002,28,104,否,否,是,
2026-05-26 01:58:43,1_1_0001,28,104,否,否,是,
2026-05-26 01:59:15,1_1_0010,28,104,否,否,是,
2026-05-26 01:59:17,1_1_0008,28,104,否,否,是,
2026-05-26 01:59:22,1_1_0005,28,104,否,否,是,
2026-05-26 01:59:26,1_1_0009,28,104,否,否,是,
2026-05-26 01:59:33,1_1_0007,28,104,否,否,是,
2026-05-26 01:59:39,1_1_0003,28,104,否,否,是,
2026-05-26 01:59:49,1_1_0006,28,104,否,否,是,
2026-05-26 02:00:00,1_1_0004,28,104,否,否,是,
2026-05-26 02:00:13,1_1_0002,28,104,否,否,是,
2026-05-26 02:00:26,1_1_0001,28,104,否,否,是,
2026-05-26 02:00:58,1_1_0010,28,104,否,否,是,
2026-05-26 02:00:59,1_1_0008,28,104,否,否,是,
2026-05-26 02:01:10,1_1_0005,28,104,否,否,是,
2026-05-26 02:01:13,1_1_0009,28,104,否,否,是,
2026-05-26 02:01:20,1_1_0007,28,104,否,否,是,
2026-05-26 02:01:27,1_1_0003,28,104,否,否,是,
2026-05-26 02:01:38,1_1_0006,28,104,否,否,是,
2026-05-26 02:01:49,1_1_0004,28,104,否,否,是,
2026-05-26 02:02:02,1_1_0002,28,104,否,否,是,
2026-05-26 02:02:13,1_1_0001,28,104,否,否,是,
2026-05-26 02:02:45,1_1_0010,28,104,否,否,是,
2026-05-26 02:02:47,1_1_0008,28,104,否,否,是,
2026-05-26 02:02:51,1_1_0005,28,104,否,否,是,
2026-05-26 02:02:55,1_1_0009,28,104,否,否,是,
2026-05-26 02:03:01,1_1_0007,28,104,否,否,是,
2026-05-26 02:03:12,1_1_0003,28,104,否,否,是,
2026-05-26 02:03:24,1_1_0006,28,104,否,否,是,
2026-05-26 02:03:35,1_1_0004,28,104,否,否,是,
2026-05-26 02:03:49,1_1_0002,28,104,否,否,是,
2026-05-26 02:04:02,1_1_0001,28,104,否,否,是,
2026-05-26 02:04:34,1_1_0010,28,104,否,否,是,
2026-05-26 02:04:35,1_1_0008,28,104,否,否,是,
2026-05-26 02:04:42,1_1_0005,28,104,否,否,是,
2026-05-26 02:04:46,1_1_0009,28,104,否,否,是,
2026-05-26 02:04:53,1_1_0007,28,104,否,否,是,
2026-05-26 02:05:03,1_1_0003,28,104,否,否,是,
2026-05-26 02:05:11,1_1_0006,28,104,否,否,是,
2026-05-26 02:05:23,1_1_0004,28,104,否,否,是,
2026-05-26 02:05:34,1_1_0002,28,104,否,否,是,
2026-05-26 02:05:46,1_1_0001,28,104,否,否,是,
2026-05-26 02:06:18,1_1_0010,28,104,否,否,是,
2026-05-26 02:06:19,1_1_0008,28,104,否,否,是,
2026-05-26 02:06:24,1_1_0005,28,104,否,否,是,
2026-05-26 02:06:30,1_1_0009,28,104,否,否,是,
2026-05-26 02:06:36,1_1_0007,28,104,否,否,是,
2026-05-26 02:06:43,1_1_0003,28,104,否,否,是,
2026-05-26 02:06:56,1_1_0006,28,104,否,否,是,
2026-05-26 02:07:07,1_1_0004,28,104,否,否,是,
2026-05-26 02:07:23,1_1_0002,28,104,否,否,是,
2026-05-26 02:07:33,1_1_0001,28,104,否,否,是,
2026-05-26 02:08:06,1_1_0010,28,104,否,否,是,
2026-05-26 02:08:07,1_1_0008,28,104,否,否,是,
2026-05-26 02:08:14,1_1_0005,28,104,否,否,是,
2026-05-26 02:08:16,1_1_0009,28,104,否,否,是,
2026-05-26 02:08:25,1_1_0007,28,104,否,否,是,
2026-05-26 02:08:32,1_1_0003,28,104,否,否,是,
2026-05-26 02:08:43,1_1_0006,28,104,否,否,是,
2026-05-26 02:08:53,1_1_0004,28,104,否,否,是,
2026-05-26 02:09:06,1_1_0002,28,104,否,否,是,
2026-05-26 02:09:26,1_1_0001,0,0,否,否,否,2
2026-05-26 02:09:58,1_1_0010,28,104,否,否,是,
2026-05-26 02:09:59,1_1_0008,28,104,否,否,是,
2026-05-26 02:10:04,1_1_0005,28,104,否,否,是,
2026-05-26 02:10:08,1_1_0009,28,104,否,否,是,
2026-05-26 02:10:17,1_1_0007,28,104,否,否,是,
2026-05-26 02:10:25,1_1_0003,28,104,否,否,是,
2026-05-26 02:10:34,1_1_0006,28,104,否,否,是,
2026-05-26 02:10:45,1_1_0004,28,104,否,否,是,
2026-05-26 02:10:58,1_1_0002,28,104,否,否,是,
2026-05-26 02:11:08,1_1_0001,28,104,否,否,是,
2026-05-26 02:11:40,1_1_0010,28,104,否,否,是,
2026-05-26 02:11:42,1_1_0008,28,104,否,否,是,
2026-05-26 02:11:49,1_1_0005,28,104,否,否,是,
2026-05-26 02:11:52,1_1_0009,28,104,否,否,是,
2026-05-26 02:12:00,1_1_0007,28,104,否,否,是,
2026-05-26 02:12:09,1_1_0003,28,104,否,否,是,
2026-05-26 02:12:17,1_1_0006,28,104,否,否,是,
2026-05-26 02:12:26,1_1_0004,28,104,否,否,是,
2026-05-26 02:12:40,1_1_0002,28,104,否,否,是,
2026-05-26 02:12:55,1_1_0001,28,104,否,否,是,
2026-05-26 02:13:26,1_1_0010,28,104,否,否,是,
2026-05-26 02:13:28,1_1_0008,28,104,否,否,是,
2026-05-26 02:13:31,1_1_0005,28,104,否,否,是,
2026-05-26 02:13:37,1_1_0009,28,104,否,否,是,
2026-05-26 02:13:44,1_1_0007,28,104,否,否,是,
2026-05-26 02:13:52,1_1_0003,28,104,否,否,是,
2026-05-26 02:13:59,1_1_0006,28,104,否,否,是,
2026-05-26 02:14:12,1_1_0004,28,104,否,否,是,
2026-05-26 02:14:25,1_1_0002,28,104,否,否,是,
2026-05-26 02:14:36,1_1_0001,28,104,否,否,是,
2026-05-26 02:15:08,1_1_0010,28,104,否,否,是,
2026-05-26 02:15:09,1_1_0008,28,104,否,否,是,
2026-05-26 02:15:15,1_1_0005,28,104,否,否,是,
2026-05-26 02:15:19,1_1_0009,28,104,否,否,是,
2026-05-26 02:15:26,1_1_0007,28,104,否,否,是,
2026-05-26 02:15:34,1_1_0003,28,104,否,否,是,
2026-05-26 02:15:45,1_1_0006,28,104,否,否,是,
2026-05-26 02:15:54,1_1_0004,28,104,否,否,是,
2026-05-26 02:16:10,1_1_0002,28,104,否,否,是,
2026-05-26 02:16:20,1_1_0001,28,104,否,否,是,
2026-05-26 02:16:52,1_1_0010,28,104,否,否,是,
2026-05-26 02:16:53,1_1_0008,28,104,否,否,是,
2026-05-26 02:17:00,1_1_0005,28,104,否,否,是,
2026-05-26 02:17:04,1_1_0009,28,104,否,否,是,
2026-05-26 02:17:10,1_1_0007,28,104,否,否,是,
2026-05-26 02:17:17,1_1_0003,28,104,否,否,是,
2026-05-26 02:17:28,1_1_0006,28,104,否,否,是,
2026-05-26 02:17:39,1_1_0004,28,104,否,否,是,
2026-05-26 02:17:51,1_1_0002,28,104,否,否,是,
2026-05-26 02:18:01,1_1_0001,28,104,否,否,是,
2026-05-26 02:18:33,1_1_0010,28,104,否,否,是,
2026-05-26 02:18:34,1_1_0008,28,104,否,否,是,
2026-05-26 02:18:39,1_1_0005,28,104,否,否,是,
2026-05-26 02:18:44,1_1_0009,28,104,否,否,是,
2026-05-26 02:18:50,1_1_0007,28,104,否,否,是,
2026-05-26 02:18:57,1_1_0003,28,104,否,否,是,
2026-05-26 02:19:07,1_1_0006,28,104,否,否,是,
2026-05-26 02:19:20,1_1_0004,28,104,否,否,是,
2026-05-26 02:19:30,1_1_0002,28,104,否,否,是,
2026-05-26 02:19:43,1_1_0001,28,104,否,否,是,
2026-05-26 02:20:14,1_1_0010,28,104,否,否,是,
2026-05-26 02:20:15,1_1_0008,28,104,否,否,是,
2026-05-26 02:20:21,1_1_0005,28,104,否,否,是,
2026-05-26 02:20:25,1_1_0009,28,104,否,否,是,
2026-05-26 02:20:31,1_1_0007,28,104,否,否,是,
2026-05-26 02:20:36,1_1_0003,28,104,否,否,是,
2026-05-26 02:20:44,1_1_0006,28,104,否,否,是,
2026-05-26 02:20:55,1_1_0004,28,104,否,否,是,
2026-05-26 02:21:10,1_1_0002,28,104,否,否,是,
2026-05-26 02:21:20,1_1_0001,28,104,否,否,是,
2026-05-26 02:21:53,1_1_0010,28,104,否,否,是,
2026-05-26 02:21:54,1_1_0008,28,104,否,否,是,
2026-05-26 02:21:58,1_1_0005,28,104,否,否,是,
2026-05-26 02:22:04,1_1_0009,28,104,否,否,是,
2026-05-26 02:22:12,1_1_0007,28,104,否,否,是,
2026-05-26 02:22:20,1_1_0003,28,104,否,否,是,
2026-05-26 02:22:26,1_1_0006,28,104,否,否,是,
2026-05-26 02:22:39,1_1_0004,28,104,否,否,是,
2026-05-26 02:22:51,1_1_0002,28,104,否,否,是,
2026-05-26 02:23:07,1_1_0001,28,104,否,否,是,
2026-05-26 02:23:40,1_1_0010,28,104,否,否,是,
2026-05-26 02:23:41,1_1_0008,28,104,否,否,是,
2026-05-26 02:23:51,1_1_0005,28,104,否,否,是,
2026-05-26 02:23:56,1_1_0009,28,104,否,否,是,
2026-05-26 02:24:04,1_1_0007,28,104,否,否,是,
2026-05-26 02:24:13,1_1_0003,28,104,否,否,是,
2026-05-26 02:24:29,1_1_0006,28,104,否,否,是,
2026-05-26 02:24:38,1_1_0004,28,104,否,否,是,
2026-05-26 02:24:51,1_1_0002,28,104,否,否,是,
2026-05-26 02:25:03,1_1_0001,28,104,否,否,是,
2026-05-26 02:25:36,1_1_0010,28,104,否,否,是,
2026-05-26 02:25:37,1_1_0008,28,104,否,否,是,
2026-05-26 02:25:43,1_1_0005,28,104,否,否,是,
2026-05-26 02:25:46,1_1_0009,28,104,否,否,是,
2026-05-26 02:25:53,1_1_0007,28,104,否,否,是,
2026-05-26 02:26:00,1_1_0003,28,104,否,否,是,
2026-05-26 02:26:10,1_1_0006,28,104,否,否,是,
2026-05-26 02:26:22,1_1_0004,28,104,否,否,是,
2026-05-26 02:26:35,1_1_0002,28,104,否,否,是,
2026-05-26 02:26:47,1_1_0001,28,104,否,否,是,
2026-05-26 02:27:18,1_1_0010,28,104,否,否,是,
2026-05-26 02:27:19,1_1_0008,28,104,否,否,是,
2026-05-26 02:27:26,1_1_0005,28,104,否,否,是,
2026-05-26 02:27:28,1_1_0009,28,104,否,否,是,
2026-05-26 02:27:37,1_1_0007,28,104,否,否,是,
2026-05-26 02:27:47,1_1_0003,28,104,否,否,是,
2026-05-26 02:27:56,1_1_0006,28,104,否,否,是,
2026-05-26 02:28:06,1_1_0004,28,104,否,否,是,
2026-05-26 02:28:20,1_1_0002,28,104,否,否,是,
2026-05-26 02:28:32,1_1_0001,28,104,否,否,是,
2026-05-26 02:29:04,1_1_0010,28,104,否,否,是,
2026-05-26 02:29:05,1_1_0008,28,104,否,否,是,
2026-05-26 02:29:11,1_1_0005,28,104,否,否,是,
2026-05-26 02:29:16,1_1_0009,28,104,否,否,是,
2026-05-26 02:29:24,1_1_0007,28,104,否,否,是,
2026-05-26 02:29:33,1_1_0003,28,104,否,否,是,
2026-05-26 02:29:42,1_1_0006,28,104,否,否,是,
2026-05-26 02:29:51,1_1_0004,28,104,否,否,是,
2026-05-26 02:30:05,1_1_0002,28,104,否,否,是,
2026-05-26 02:30:16,1_1_0001,28,104,否,否,是,
2026-05-26 02:30:48,1_1_0010,28,104,否,否,是,
2026-05-26 02:30:50,1_1_0008,28,104,否,否,是,
2026-05-26 02:30:54,1_1_0005,28,104,否,否,是,
2026-05-26 02:30:58,1_1_0009,28,104,否,否,是,
2026-05-26 02:31:09,1_1_0007,28,104,否,否,是,
2026-05-26 02:31:19,1_1_0003,28,104,否,否,是,
2026-05-26 02:31:28,1_1_0006,28,104,否,否,是,
2026-05-26 02:31:39,1_1_0004,28,104,否,否,是,
2026-05-26 02:31:50,1_1_0002,28,104,否,否,是,
2026-05-26 02:32:01,1_1_0001,28,104,否,否,是,
2026-05-26 02:32:33,1_1_0010,28,104,否,否,是,
2026-05-26 02:32:35,1_1_0008,28,104,否,否,是,
2026-05-26 02:32:43,1_1_0005,28,104,否,否,是,
2026-05-26 02:32:50,1_1_0009,28,104,否,否,是,
2026-05-26 02:32:55,1_1_0007,28,104,否,否,是,
2026-05-26 02:33:07,1_1_0003,28,104,否,否,是,
2026-05-26 02:33:17,1_1_0006,28,104,否,否,是,
2026-05-26 02:33:24,1_1_0004,28,104,否,否,是,
2026-05-26 02:33:38,1_1_0002,28,104,否,否,是,
2026-05-26 02:33:50,1_1_0001,28,104,否,否,是,
2026-05-26 02:34:23,1_1_0010,28,104,否,否,是,
2026-05-26 02:34:24,1_1_0008,28,104,否,否,是,
2026-05-26 02:34:28,1_1_0005,28,104,否,否,是,
2026-05-26 02:34:35,1_1_0009,28,104,否,否,是,
2026-05-26 02:34:45,1_1_0007,28,104,否,否,是,
2026-05-26 02:34:53,1_1_0003,28,104,否,否,是,
2026-05-26 02:35:03,1_1_0006,28,104,否,否,是,
2026-05-26 02:35:13,1_1_0004,28,104,否,否,是,
2026-05-26 02:35:27,1_1_0002,28,104,否,否,是,
2026-05-26 02:35:39,1_1_0001,28,104,否,否,是,
2026-05-26 02:36:11,1_1_0010,28,104,否,否,是,
2026-05-26 02:36:12,1_1_0008,28,104,否,否,是,
2026-05-26 02:36:19,1_1_0005,28,104,否,否,是,
2026-05-26 02:36:23,1_1_0009,28,104,否,否,是,
2026-05-26 02:36:31,1_1_0007,28,104,否,否,是,
2026-05-26 02:36:38,1_1_0003,28,104,否,否,是,
2026-05-26 02:36:48,1_1_0006,28,104,否,否,是,
2026-05-26 02:36:58,1_1_0004,28,104,否,否,是,
2026-05-26 02:37:12,1_1_0002,28,104,否,否,是,
2026-05-26 02:37:23,1_1_0001,28,104,否,否,是,
2026-05-26 02:37:55,1_1_0010,28,104,否,否,是,
2026-05-26 02:37:57,1_1_0008,28,104,否,否,是,
2026-05-26 02:38:04,1_1_0005,28,104,否,否,是,
2026-05-26 02:38:07,1_1_0009,28,104,否,否,是,
2026-05-26 02:38:14,1_1_0007,28,104,否,否,是,
2026-05-26 02:38:23,1_1_0003,28,104,否,否,是,
2026-05-26 02:38:32,1_1_0006,28,104,否,否,是,
2026-05-26 02:38:44,1_1_0004,28,104,否,否,是,
2026-05-26 02:38:57,1_1_0002,28,104,否,否,是,
2026-05-26 02:39:10,1_1_0001,28,104,否,否,是,
2026-05-26 02:39:42,1_1_0010,28,104,否,否,是,
2026-05-26 02:39:43,1_1_0008,28,104,否,否,是,
2026-05-26 02:39:49,1_1_0005,28,104,否,否,是,
2026-05-26 02:39:53,1_1_0009,28,104,否,否,是,
2026-05-26 02:39:59,1_1_0007,28,104,否,否,是,
2026-05-26 02:40:06,1_1_0003,28,104,否,否,是,
2026-05-26 02:40:16,1_1_0006,28,104,否,否,是,
2026-05-26 02:40:24,1_1_0004,28,104,否,否,是,
2026-05-26 02:40:39,1_1_0002,28,104,否,否,是,
2026-05-26 02:40:48,1_1_0001,28,104,否,否,是,
2026-05-26 02:41:20,1_1_0010,28,104,否,否,是,
2026-05-26 02:41:22,1_1_0008,28,104,否,否,是,
2026-05-26 02:41:27,1_1_0005,28,104,否,否,是,
2026-05-26 02:41:30,1_1_0009,28,104,否,否,是,
2026-05-26 02:41:37,1_1_0007,28,104,否,否,是,
2026-05-26 02:41:44,1_1_0003,28,104,否,否,是,
2026-05-26 02:41:53,1_1_0006,28,104,否,否,是,
2026-05-26 02:42:02,1_1_0004,28,104,否,否,是,
2026-05-26 02:42:16,1_1_0002,28,104,否,否,是,
2026-05-26 02:42:28,1_1_0001,28,104,否,否,是,
2026-05-26 02:43:01,1_1_0010,28,104,否,否,是,
2026-05-26 02:43:02,1_1_0008,28,104,否,否,是,
2026-05-26 02:43:08,1_1_0005,28,104,否,否,是,
2026-05-26 02:43:10,1_1_0009,28,104,否,否,是,
2026-05-26 02:43:15,1_1_0007,28,104,否,否,是,
2026-05-26 02:43:25,1_1_0003,28,104,否,否,是,
2026-05-26 02:43:34,1_1_0006,28,104,否,否,是,
2026-05-26 02:43:42,1_1_0004,28,104,否,否,是,
2026-05-26 02:43:57,1_1_0002,28,104,否,否,是,
2026-05-26 02:44:07,1_1_0001,28,104,否,否,是,
2026-05-26 02:44:38,1_1_0010,28,104,否,否,是,
2026-05-26 02:44:40,1_1_0008,28,104,否,否,是,
2026-05-26 02:44:48,1_1_0005,28,104,否,否,是,
2026-05-26 02:44:55,1_1_0009,28,104,否,否,是,
2026-05-26 02:45:01,1_1_0007,28,104,否,否,是,
2026-05-26 02:45:09,1_1_0003,28,104,否,否,是,
2026-05-26 02:45:19,1_1_0006,28,104,否,否,是,
2026-05-26 02:45:29,1_1_0004,28,104,否,否,是,
2026-05-26 02:45:45,1_1_0002,28,104,否,否,是,
2026-05-26 02:45:56,1_1_0001,28,104,否,否,是,
2026-05-26 02:46:27,1_1_0010,28,104,否,否,是,
2026-05-26 02:46:28,1_1_0008,28,104,否,否,是,
2026-05-26 02:46:32,1_1_0005,28,104,否,否,是,
2026-05-26 02:46:41,1_1_0009,28,104,否,否,是,
2026-05-26 02:46:49,1_1_0007,28,104,否,否,是,
2026-05-26 02:46:59,1_1_0003,28,104,否,否,是,
2026-05-26 02:47:08,1_1_0006,28,104,否,否,是,
2026-05-26 02:47:18,1_1_0004,28,104,否,否,是,
2026-05-26 02:47:32,1_1_0002,28,104,否,否,是,
2026-05-26 02:47:43,1_1_0001,28,104,否,否,是,
2026-05-26 02:48:15,1_1_0010,28,104,否,否,是,
2026-05-26 02:48:16,1_1_0008,28,104,否,否,是,
2026-05-26 02:48:23,1_1_0005,28,104,否,否,是,
2026-05-26 02:48:28,1_1_0009,28,104,否,否,是,
2026-05-26 02:48:35,1_1_0007,28,104,否,否,是,
2026-05-26 02:48:48,1_1_0003,28,104,否,否,是,
2026-05-26 02:48:56,1_1_0006,28,104,否,否,是,
2026-05-26 02:49:07,1_1_0004,28,104,否,否,是,
2026-05-26 02:49:19,1_1_0002,28,104,否,否,是,
2026-05-26 02:49:31,1_1_0001,28,104,否,否,是,
2026-05-26 02:50:02,1_1_0010,28,104,否,否,是,
2026-05-26 02:50:03,1_1_0008,28,104,否,否,是,
2026-05-26 02:50:13,1_1_0005,28,104,否,否,是,
2026-05-26 02:50:18,1_1_0009,28,104,否,否,是,
2026-05-26 02:50:24,1_1_0007,28,104,否,否,是,
2026-05-26 02:50:35,1_1_0003,28,104,否,否,是,
2026-05-26 02:50:44,1_1_0006,28,104,否,否,是,
2026-05-26 02:50:56,1_1_0004,28,104,否,否,是,
2026-05-26 02:51:10,1_1_0002,28,104,否,否,是,
2026-05-26 02:51:24,1_1_0001,28,104,否,否,是,
2026-05-26 02:51:56,1_1_0010,28,104,否,否,是,
2026-05-26 02:51:58,1_1_0008,28,104,否,否,是,
2026-05-26 02:52:04,1_1_0005,28,104,否,否,是,
2026-05-26 02:52:06,1_1_0009,28,104,否,否,是,
2026-05-26 02:52:12,1_1_0007,28,104,否,否,是,
2026-05-26 02:52:23,1_1_0003,28,104,否,否,是,
2026-05-26 02:52:29,1_1_0006,28,104,否,否,是,
2026-05-26 02:52:43,1_1_0004,28,104,否,否,是,
2026-05-26 02:52:59,1_1_0002,28,104,否,否,是,
2026-05-26 02:53:09,1_1_0001,28,104,否,否,是,
2026-05-26 02:53:41,1_1_0010,28,104,否,否,是,
2026-05-26 02:53:42,1_1_0008,28,104,否,否,是,
2026-05-26 02:53:48,1_1_0005,28,104,否,否,是,
2026-05-26 02:53:51,1_1_0009,28,104,否,否,是,
2026-05-26 02:54:04,1_1_0007,28,104,否,否,是,
2026-05-26 02:54:14,1_1_0003,28,104,否,否,是,
2026-05-26 02:54:23,1_1_0006,28,104,否,否,是,
2026-05-26 02:54:34,1_1_0004,28,104,否,否,是,
2026-05-26 02:54:47,1_1_0002,28,104,否,否,是,
2026-05-26 02:54:58,1_1_0001,28,104,否,否,是,
2026-05-26 02:55:29,1_1_0010,28,104,否,否,是,
2026-05-26 02:55:31,1_1_0008,28,104,否,否,是,
2026-05-26 02:55:35,1_1_0005,28,104,否,否,是,
2026-05-26 02:55:55,1_1_0009,0,0,否,否,否,2
2026-05-26 02:56:02,1_1_0007,28,104,否,否,是,
2026-05-26 02:56:10,1_1_0003,28,104,否,否,是,
2026-05-26 02:56:18,1_1_0006,28,104,否,否,是,
2026-05-26 02:56:27,1_1_0004,28,104,否,否,是,
2026-05-26 02:56:39,1_1_0002,28,104,否,否,是,
2026-05-26 02:56:49,1_1_0001,28,104,否,否,是,
2026-05-26 02:57:21,1_1_0010,28,104,否,否,是,
2026-05-26 02:57:22,1_1_0008,28,104,否,否,是,
2026-05-26 02:57:28,1_1_0005,28,104,否,否,是,
2026-05-26 02:57:33,1_1_0009,28,104,否,否,是,
2026-05-26 02:57:40,1_1_0007,28,104,否,否,是,
2026-05-26 02:57:52,1_1_0003,28,104,否,否,是,
2026-05-26 02:58:00,1_1_0006,28,104,否,否,是,
2026-05-26 02:58:11,1_1_0004,28,104,否,否,是,
2026-05-26 02:58:22,1_1_0002,28,104,否,否,是,
2026-05-26 02:58:36,1_1_0001,28,104,否,否,是,
2026-05-26 02:59:08,1_1_0010,28,104,否,否,是,
2026-05-26 02:59:09,1_1_0008,28,104,否,否,是,
2026-05-26 02:59:18,1_1_0005,28,104,否,否,是,
2026-05-26 02:59:24,1_1_0009,28,104,否,否,是,
2026-05-26 02:59:31,1_1_0007,28,104,否,否,是,
2026-05-26 02:59:37,1_1_0003,28,104,否,否,是,
2026-05-26 02:59:47,1_1_0006,28,104,否,否,是,
2026-05-26 02:59:57,1_1_0004,28,104,否,否,是,
2026-05-26 03:00:09,1_1_0002,28,104,否,否,是,
2026-05-26 03:00:19,1_1_0001,28,104,否,否,是,
2026-05-26 03:00:51,1_1_0010,28,104,否,否,是,
2026-05-26 03:00:52,1_1_0008,28,104,否,否,是,
2026-05-26 03:00:57,1_1_0005,28,104,否,否,是,
2026-05-26 03:01:00,1_1_0009,28,104,否,否,是,
2026-05-26 03:01:10,1_1_0007,28,104,否,否,是,
2026-05-26 03:01:19,1_1_0003,28,104,否,否,是,
2026-05-26 03:01:28,1_1_0006,28,104,否,否,是,
2026-05-26 03:01:37,1_1_0004,28,104,否,否,是,
2026-05-26 03:01:49,1_1_0002,28,104,否,否,是,
2026-05-26 03:02:02,1_1_0001,28,104,否,否,是,
2026-05-26 03:02:35,1_1_0010,28,104,否,否,是,
2026-05-26 03:02:36,1_1_0008,28,104,否,否,是,
2026-05-26 03:02:42,1_1_0005,28,104,否,否,是,
2026-05-26 03:02:46,1_1_0009,28,104,否,否,是,
2026-05-26 03:02:54,1_1_0007,28,104,否,否,是,
2026-05-26 03:03:04,1_1_0003,28,104,否,否,是,
2026-05-26 03:03:15,1_1_0006,28,104,否,否,是,
2026-05-26 03:03:27,1_1_0004,28,104,否,否,是,
2026-05-26 03:03:39,1_1_0002,28,104,否,否,是,
2026-05-26 03:03:51,1_1_0001,28,104,否,否,是,
2026-05-26 03:04:23,1_1_0010,28,104,否,否,是,
2026-05-26 03:04:25,1_1_0008,28,104,否,否,是,
2026-05-26 03:04:31,1_1_0005,28,104,否,否,是,
2026-05-26 03:04:38,1_1_0009,28,104,否,否,是,
2026-05-26 03:04:47,1_1_0007,28,104,否,否,是,
2026-05-26 03:04:56,1_1_0003,28,104,否,否,是,
2026-05-26 03:05:04,1_1_0006,28,104,否,否,是,
2026-05-26 03:05:12,1_1_0004,28,104,否,否,是,
2026-05-26 03:05:28,1_1_0002,28,104,否,否,是,
2026-05-26 03:05:38,1_1_0001,28,104,否,否,是,
2026-05-26 03:06:09,1_1_0010,28,104,否,否,是,
2026-05-26 03:06:11,1_1_0008,28,104,否,否,是,
2026-05-26 03:06:19,1_1_0005,28,104,否,否,是,
2026-05-26 03:06:23,1_1_0009,28,104,否,否,是,
2026-05-26 03:06:30,1_1_0007,28,104,否,否,是,
2026-05-26 03:06:39,1_1_0003,28,104,否,否,是,
2026-05-26 03:06:46,1_1_0006,28,104,否,否,是,
2026-05-26 03:06:56,1_1_0004,28,104,否,否,是,
2026-05-26 03:07:15,1_1_0002,28,104,否,否,是,
2026-05-26 03:07:25,1_1_0001,28,104,否,否,是,
2026-05-26 03:07:57,1_1_0010,28,104,否,否,是,
2026-05-26 03:07:58,1_1_0008,28,104,否,否,是,
2026-05-26 03:08:03,1_1_0005,28,104,否,否,是,
2026-05-26 03:08:07,1_1_0009,28,104,否,否,是,
2026-05-26 03:08:14,1_1_0007,28,104,否,否,是,
2026-05-26 03:08:22,1_1_0003,28,104,否,否,是,
2026-05-26 03:08:31,1_1_0006,28,104,否,否,是,
2026-05-26 03:08:43,1_1_0004,28,104,否,否,是,
2026-05-26 03:08:54,1_1_0002,28,104,否,否,是,
2026-05-26 03:09:06,1_1_0001,28,104,否,否,是,
2026-05-26 03:09:38,1_1_0010,28,104,否,否,是,
2026-05-26 03:09:40,1_1_0008,28,104,否,否,是,
2026-05-26 03:09:46,1_1_0005,28,104,否,否,是,
2026-05-26 03:09:53,1_1_0009,28,104,否,否,是,
2026-05-26 03:09:58,1_1_0007,28,104,否,否,是,
2026-05-26 03:10:10,1_1_0003,28,104,否,否,是,
2026-05-26 03:10:19,1_1_0006,28,104,否,否,是,
2026-05-26 03:10:32,1_1_0004,28,104,否,否,是,
2026-05-26 03:10:45,1_1_0002,28,104,否,否,是,
2026-05-26 03:10:55,1_1_0001,28,104,否,否,是,
2026-05-26 03:11:27,1_1_0010,28,104,否,否,是,
2026-05-26 03:11:28,1_1_0008,28,104,否,否,是,
2026-05-26 03:11:33,1_1_0005,28,104,否,否,是,
2026-05-26 03:11:37,1_1_0009,28,104,否,否,是,
2026-05-26 03:11:45,1_1_0007,28,104,否,否,是,
2026-05-26 03:11:52,1_1_0003,28,104,否,否,是,
2026-05-26 03:12:04,1_1_0006,28,104,否,否,是,
2026-05-26 03:12:13,1_1_0004,28,104,否,否,是,
2026-05-26 03:12:28,1_1_0002,28,104,否,否,是,
2026-05-26 03:12:38,1_1_0001,28,104,否,否,是,
2026-05-26 03:13:10,1_1_0010,28,104,否,否,是,
2026-05-26 03:13:11,1_1_0008,28,104,否,否,是,
2026-05-26 03:13:15,1_1_0005,28,104,否,否,是,
2026-05-26 03:13:20,1_1_0009,28,104,否,否,是,
2026-05-26 03:13:27,1_1_0007,28,104,否,否,是,
2026-05-26 03:13:36,1_1_0003,28,104,否,否,是,
2026-05-26 03:13:46,1_1_0006,28,104,否,否,是,
2026-05-26 03:13:55,1_1_0004,28,104,否,否,是,
2026-05-26 03:14:08,1_1_0002,28,104,否,否,是,
2026-05-26 03:14:19,1_1_0001,28,104,否,否,是,
2026-05-26 03:14:51,1_1_0010,28,104,否,否,是,
2026-05-26 03:14:53,1_1_0008,28,104,否,否,是,
2026-05-26 03:14:58,1_1_0005,28,104,否,否,是,
2026-05-26 03:15:03,1_1_0009,28,104,否,否,是,
2026-05-26 03:15:07,1_1_0007,28,104,否,否,是,
2026-05-26 03:15:18,1_1_0003,28,104,否,否,是,
2026-05-26 03:15:29,1_1_0006,28,104,否,否,是,
2026-05-26 03:15:41,1_1_0004,28,104,否,否,是,
2026-05-26 03:15:54,1_1_0002,28,104,否,否,是,
2026-05-26 03:16:10,1_1_0001,28,104,否,否,是,
2026-05-26 03:16:42,1_1_0010,28,104,否,否,是,
2026-05-26 03:16:43,1_1_0008,28,104,否,否,是,
2026-05-26 03:16:48,1_1_0005,28,104,否,否,是,
2026-05-26 03:16:53,1_1_0009,28,104,否,否,是,
2026-05-26 03:16:59,1_1_0007,28,104,否,否,是,
2026-05-26 03:17:08,1_1_0003,28,104,否,否,是,
2026-05-26 03:17:18,1_1_0006,28,104,否,否,是,
2026-05-26 03:17:27,1_1_0004,28,104,否,否,是,
2026-05-26 03:17:38,1_1_0002,28,104,否,否,是,
2026-05-26 03:17:52,1_1_0001,28,104,否,否,是,
2026-05-26 03:18:24,1_1_0010,28,104,否,否,是,
2026-05-26 03:18:25,1_1_0008,28,104,否,否,是,
2026-05-26 03:18:31,1_1_0005,28,104,否,否,是,
2026-05-26 03:18:36,1_1_0009,28,104,否,否,是,
2026-05-26 03:18:45,1_1_0007,28,104,否,否,是,
2026-05-26 03:18:54,1_1_0003,28,104,否,否,是,
2026-05-26 03:19:03,1_1_0006,28,104,否,否,是,
2026-05-26 03:19:12,1_1_0004,28,104,否,否,是,
2026-05-26 03:19:25,1_1_0002,28,104,否,否,是,
2026-05-26 03:19:34,1_1_0001,28,104,否,否,是,
2026-05-26 03:20:07,1_1_0010,28,104,否,否,是,
2026-05-26 03:20:08,1_1_0008,28,104,否,否,是,
2026-05-26 03:20:15,1_1_0005,28,104,否,否,是,
2026-05-26 03:20:18,1_1_0009,28,104,否,否,是,
2026-05-26 03:20:25,1_1_0007,28,104,否,否,是,
2026-05-26 03:20:32,1_1_0003,28,104,否,否,是,
2026-05-26 03:20:44,1_1_0006,28,104,否,否,是,
2026-05-26 03:20:54,1_1_0004,28,104,否,否,是,
2026-05-26 03:21:06,1_1_0002,28,104,否,否,是,
2026-05-26 03:21:16,1_1_0001,28,104,否,否,是,
2026-05-26 03:21:48,1_1_0010,28,104,否,否,是,
2026-05-26 03:21:49,1_1_0008,28,104,否,否,是,
2026-05-26 03:21:56,1_1_0005,28,104,否,否,是,
2026-05-26 03:22:00,1_1_0009,28,104,否,否,是,
2026-05-26 03:22:07,1_1_0007,28,104,否,否,是,
2026-05-26 03:22:17,1_1_0003,28,104,否,否,是,
2026-05-26 03:22:24,1_1_0006,28,104,否,否,是,
2026-05-26 03:22:39,1_1_0004,28,104,否,否,是,
2026-05-26 03:22:55,1_1_0002,28,104,否,否,是,
2026-05-26 03:23:05,1_1_0001,28,104,否,否,是,
2026-05-26 03:23:37,1_1_0010,28,104,否,否,是,
2026-05-26 03:23:38,1_1_0008,28,104,否,否,是,
2026-05-26 03:23:44,1_1_0005,28,104,否,否,是,
2026-05-26 03:23:50,1_1_0009,28,104,否,否,是,
2026-05-26 03:24:00,1_1_0007,28,104,否,否,是,
2026-05-26 03:24:09,1_1_0003,28,104,否,否,是,
2026-05-26 03:24:19,1_1_0006,28,104,否,否,是,
2026-05-26 03:24:31,1_1_0004,28,104,否,否,是,
2026-05-26 03:24:46,1_1_0002,28,104,否,否,是,
2026-05-26 03:24:56,1_1_0001,28,104,否,否,是,
2026-05-26 03:25:28,1_1_0010,28,104,否,否,是,
2026-05-26 03:25:29,1_1_0008,28,104,否,否,是,
2026-05-26 03:25:35,1_1_0005,28,104,否,否,是,
2026-05-26 03:25:38,1_1_0009,28,104,否,否,是,
2026-05-26 03:25:46,1_1_0007,28,104,否,否,是,
2026-05-26 03:25:53,1_1_0003,28,104,否,否,是,
2026-05-26 03:26:03,1_1_0006,28,104,否,否,是,
2026-05-26 03:26:12,1_1_0004,28,104,否,否,是,
2026-05-26 03:26:24,1_1_0002,28,104,否,否,是,
2026-05-26 03:26:38,1_1_0001,28,104,否,否,是,
2026-05-26 03:27:10,1_1_0010,28,104,否,否,是,
2026-05-26 03:27:12,1_1_0008,28,104,否,否,是,
2026-05-26 03:27:18,1_1_0005,28,104,否,否,是,
2026-05-26 03:27:22,1_1_0009,28,104,否,否,是,
2026-05-26 03:27:32,1_1_0007,28,104,否,否,是,
2026-05-26 03:27:41,1_1_0003,28,104,否,否,是,
2026-05-26 03:27:48,1_1_0006,28,104,否,否,是,
2026-05-26 03:27:57,1_1_0004,28,104,否,否,是,
2026-05-26 03:28:10,1_1_0002,28,104,否,否,是,
2026-05-26 03:28:22,1_1_0001,28,104,否,否,是,
2026-05-26 03:28:54,1_1_0010,28,104,否,否,是,
2026-05-26 03:28:56,1_1_0008,28,104,否,否,是,
2026-05-26 03:29:02,1_1_0005,28,104,否,否,是,
2026-05-26 03:29:08,1_1_0009,28,104,否,否,是,
2026-05-26 03:29:16,1_1_0007,28,104,否,否,是,
2026-05-26 03:29:26,1_1_0003,28,104,否,否,是,
2026-05-26 03:29:33,1_1_0006,28,104,否,否,是,
2026-05-26 03:29:43,1_1_0004,28,104,否,否,是,
2026-05-26 03:29:55,1_1_0002,28,104,否,否,是,
2026-05-26 03:30:10,1_1_0001,28,104,否,否,是,
2026-05-26 03:30:43,1_1_0010,28,104,否,否,是,
2026-05-26 03:30:44,1_1_0008,28,104,否,否,是,
2026-05-26 03:30:49,1_1_0005,28,104,否,否,是,
2026-05-26 03:30:52,1_1_0009,28,104,否,否,是,
2026-05-26 03:31:00,1_1_0007,28,104,否,否,是,
2026-05-26 03:31:10,1_1_0003,28,104,否,否,是,
2026-05-26 03:31:19,1_1_0006,28,104,否,否,是,
2026-05-26 03:31:28,1_1_0004,28,104,否,否,是,
2026-05-26 03:31:43,1_1_0002,28,104,否,否,是,
2026-05-26 03:31:58,1_1_0001,28,104,否,否,是,
2026-05-26 03:32:29,1_1_0010,28,104,否,否,是,
2026-05-26 03:32:30,1_1_0008,28,104,否,否,是,
2026-05-26 03:32:38,1_1_0005,28,104,否,否,是,
2026-05-26 03:32:43,1_1_0009,28,104,否,否,是,
2026-05-26 03:32:48,1_1_0007,28,104,否,否,是,
2026-05-26 03:32:57,1_1_0003,28,104,否,否,是,
2026-05-26 03:33:06,1_1_0006,28,104,否,否,是,
2026-05-26 03:33:19,1_1_0004,28,104,否,否,是,
2026-05-26 03:33:33,1_1_0002,28,104,否,否,是,
2026-05-26 03:33:45,1_1_0001,28,104,否,否,是,
2026-05-26 03:34:18,1_1_0010,28,104,否,否,是,
2026-05-26 03:34:19,1_1_0008,28,104,否,否,是,
2026-05-26 03:34:23,1_1_0005,28,104,否,否,是,
2026-05-26 03:34:26,1_1_0009,28,104,否,否,是,
2026-05-26 03:34:35,1_1_0007,28,104,否,否,是,
2026-05-26 03:34:44,1_1_0003,28,104,否,否,是,
2026-05-26 03:34:57,1_1_0006,28,104,否,否,是,
2026-05-26 03:35:08,1_1_0004,28,104,否,否,是,
2026-05-26 03:35:19,1_1_0002,28,104,否,否,是,
2026-05-26 03:35:30,1_1_0001,28,104,否,否,是,
2026-05-26 03:36:02,1_1_0010,28,104,否,否,是,
2026-05-26 03:36:03,1_1_0008,28,104,否,否,是,
2026-05-26 03:36:10,1_1_0005,28,104,否,否,是,
2026-05-26 03:36:14,1_1_0009,28,104,否,否,是,
2026-05-26 03:36:25,1_1_0007,28,104,否,否,是,
2026-05-26 03:36:33,1_1_0003,28,104,否,否,是,
2026-05-26 03:36:41,1_1_0006,28,104,否,否,是,
2026-05-26 03:36:50,1_1_0004,28,104,否,否,是,
2026-05-26 03:37:02,1_1_0002,28,104,否,否,是,
2026-05-26 03:37:13,1_1_0001,28,104,否,否,是,
2026-05-26 03:37:46,1_1_0010,28,104,否,否,是,
2026-05-26 03:37:47,1_1_0008,28,104,否,否,是,
2026-05-26 03:37:54,1_1_0005,28,104,否,否,是,
2026-05-26 03:38:01,1_1_0009,28,104,否,否,是,
2026-05-26 03:38:07,1_1_0007,28,104,否,否,是,
2026-05-26 03:38:15,1_1_0003,28,104,否,否,是,
2026-05-26 03:38:24,1_1_0006,28,104,否,否,是,
2026-05-26 03:38:33,1_1_0004,28,104,否,否,是,
2026-05-26 03:38:45,1_1_0002,28,104,否,否,是,
2026-05-26 03:38:56,1_1_0001,28,104,否,否,是,
2026-05-26 03:39:31,1_1_0010,28,104,否,否,是,
2026-05-26 03:39:32,1_1_0008,28,104,否,否,是,
2026-05-26 03:39:38,1_1_0005,28,104,否,否,是,
2026-05-26 03:39:52,1_1_0009,28,104,否,否,是,
2026-05-26 03:40:13,1_1_0007,0,0,否,否,否,2
2026-05-26 03:40:22,1_1_0003,28,104,否,否,是,
2026-05-26 03:40:29,1_1_0006,28,104,否,否,是,
2026-05-26 03:40:41,1_1_0004,28,104,否,否,是,
2026-05-26 03:40:53,1_1_0002,28,104,否,否,是,
2026-05-26 03:41:06,1_1_0001,28,104,否,否,是,
2026-05-26 03:41:39,1_1_0010,28,104,否,否,是,
2026-05-26 03:41:41,1_1_0008,28,104,否,否,是,
2026-05-26 03:41:46,1_1_0005,28,104,否,否,是,
2026-05-26 03:41:49,1_1_0009,28,104,否,否,是,
2026-05-26 03:41:56,1_1_0007,28,104,否,否,是,
2026-05-26 03:42:05,1_1_0003,28,104,否,否,是,
2026-05-26 03:42:17,1_1_0006,28,104,否,否,是,
2026-05-26 03:42:30,1_1_0004,28,104,否,否,是,
2026-05-26 03:42:43,1_1_0002,28,104,否,否,是,
2026-05-26 03:42:55,1_1_0001,28,104,否,否,是,
2026-05-26 03:43:29,1_1_0010,28,104,否,否,是,
2026-05-26 03:43:30,1_1_0008,28,104,否,否,是,
2026-05-26 03:43:35,1_1_0005,28,104,否,否,是,
2026-05-26 03:43:40,1_1_0009,28,104,否,否,是,
2026-05-26 03:43:48,1_1_0007,28,104,否,否,是,
2026-05-26 03:43:56,1_1_0003,28,104,否,否,是,
2026-05-26 03:44:05,1_1_0006,28,104,否,否,是,
2026-05-26 03:44:15,1_1_0004,28,104,否,否,是,
2026-05-26 03:44:30,1_1_0002,28,104,否,否,是,
2026-05-26 03:44:41,1_1_0001,28,104,否,否,是,
2026-05-26 03:45:14,1_1_0010,28,104,否,否,是,
2026-05-26 03:45:15,1_1_0008,28,104,否,否,是,
2026-05-26 03:45:22,1_1_0005,28,104,否,否,是,
2026-05-26 03:45:26,1_1_0009,28,104,否,否,是,
2026-05-26 03:45:33,1_1_0007,28,104,否,否,是,
2026-05-26 03:45:45,1_1_0003,28,104,否,否,是,
2026-05-26 03:45:52,1_1_0006,28,104,否,否,是,
2026-05-26 03:46:00,1_1_0004,28,104,否,否,是,
2026-05-26 03:46:11,1_1_0002,28,104,否,否,是,
2026-05-26 03:46:25,1_1_0001,28,104,否,否,是,
2026-05-26 03:46:56,1_1_0010,28,104,否,否,是,
2026-05-26 03:46:58,1_1_0008,28,104,否,否,是,
2026-05-26 03:47:02,1_1_0005,28,104,否,否,是,
2026-05-26 03:47:07,1_1_0009,28,104,否,否,是,
2026-05-26 03:47:16,1_1_0007,28,104,否,否,是,
2026-05-26 03:47:22,1_1_0003,28,104,否,否,是,
2026-05-26 03:47:32,1_1_0006,28,104,否,否,是,
2026-05-26 03:47:41,1_1_0004,28,104,否,否,是,
2026-05-26 03:47:56,1_1_0002,28,104,否,否,是,
2026-05-26 03:48:07,1_1_0001,28,104,否,否,是,
2026-05-26 03:48:39,1_1_0010,28,104,否,否,是,
2026-05-26 03:48:40,1_1_0008,28,104,否,否,是,
2026-05-26 03:48:46,1_1_0005,28,104,否,否,是,
2026-05-26 03:48:49,1_1_0009,28,104,否,否,是,
2026-05-26 03:48:57,1_1_0007,28,104,否,否,是,
2026-05-26 03:49:06,1_1_0003,28,104,否,否,是,
2026-05-26 03:49:15,1_1_0006,28,104,否,否,是,
2026-05-26 03:49:26,1_1_0004,28,104,否,否,是,
2026-05-26 03:49:40,1_1_0002,28,104,否,否,是,
2026-05-26 03:49:53,1_1_0001,28,104,否,否,是,
2026-05-26 03:50:26,1_1_0010,28,104,否,否,是,
2026-05-26 03:50:28,1_1_0008,28,104,否,否,是,
2026-05-26 03:50:32,1_1_0005,28,104,否,否,是,
2026-05-26 03:50:37,1_1_0009,28,104,否,否,是,
2026-05-26 03:50:44,1_1_0007,28,104,否,否,是,
2026-05-26 03:50:50,1_1_0003,28,104,否,否,是,
2026-05-26 03:51:00,1_1_0006,28,104,否,否,是,
2026-05-26 03:51:08,1_1_0004,28,104,否,否,是,
2026-05-26 03:51:21,1_1_0002,28,104,否,否,是,
2026-05-26 03:51:31,1_1_0001,28,104,否,否,是,
2026-05-26 03:52:03,1_1_0010,28,104,否,否,是,
2026-05-26 03:52:04,1_1_0008,28,104,否,否,是,
2026-05-26 03:52:09,1_1_0005,28,104,否,否,是,
2026-05-26 03:52:13,1_1_0009,28,104,否,否,是,
2026-05-26 03:52:21,1_1_0007,28,104,否,否,是,
2026-05-26 03:52:31,1_1_0003,28,104,否,否,是,
2026-05-26 03:52:42,1_1_0006,28,104,否,否,是,
2026-05-26 03:52:52,1_1_0004,28,104,否,否,是,
2026-05-26 03:53:05,1_1_0002,28,104,否,否,是,
2026-05-26 03:53:18,1_1_0001,28,104,否,否,是,
2026-05-26 03:53:50,1_1_0010,28,104,否,否,是,
2026-05-26 03:53:51,1_1_0008,28,104,否,否,是,
2026-05-26 03:53:58,1_1_0005,28,104,否,否,是,
2026-05-26 03:54:06,1_1_0009,28,104,否,否,是,
2026-05-26 03:54:13,1_1_0007,28,104,否,否,是,
2026-05-26 03:54:25,1_1_0003,28,104,否,否,是,
2026-05-26 03:54:35,1_1_0006,28,104,否,否,是,
2026-05-26 03:54:44,1_1_0004,28,104,否,否,是,
2026-05-26 03:54:56,1_1_0002,28,104,否,否,是,
2026-05-26 03:55:09,1_1_0001,28,104,否,否,是,
2026-05-26 03:55:42,1_1_0010,28,104,否,否,是,
2026-05-26 03:55:43,1_1_0008,28,104,否,否,是,
2026-05-26 03:55:49,1_1_0005,28,104,否,否,是,
2026-05-26 03:55:54,1_1_0009,28,104,否,否,是,
2026-05-26 03:56:02,1_1_0007,28,104,否,否,是,
2026-05-26 03:56:09,1_1_0003,28,104,否,否,是,
2026-05-26 03:56:18,1_1_0006,28,104,否,否,是,
2026-05-26 03:56:38,1_1_0004,0,0,否,否,否,2
2026-05-26 03:56:49,1_1_0002,28,104,否,否,是,
2026-05-26 03:57:03,1_1_0001,28,104,否,否,是,
2026-05-26 03:57:35,1_1_0010,28,104,否,否,是,
2026-05-26 03:57:36,1_1_0008,28,104,否,否,是,
2026-05-26 03:57:41,1_1_0005,28,104,否,否,是,
2026-05-26 03:57:45,1_1_0009,28,104,否,否,是,
2026-05-26 03:57:53,1_1_0007,28,104,否,否,是,
2026-05-26 03:58:01,1_1_0003,28,104,否,否,是,
2026-05-26 03:58:10,1_1_0006,28,104,否,否,是,
2026-05-26 03:58:19,1_1_0004,28,104,否,否,是,
2026-05-26 03:58:32,1_1_0002,28,104,否,否,是,
2026-05-26 03:58:43,1_1_0001,28,104,否,否,是,
2026-05-26 03:59:16,1_1_0010,28,104,否,否,是,
2026-05-26 03:59:17,1_1_0008,28,104,否,否,是,
2026-05-26 03:59:21,1_1_0005,28,104,否,否,是,
2026-05-26 03:59:27,1_1_0009,28,104,否,否,是,
2026-05-26 03:59:31,1_1_0007,28,104,否,否,是,
2026-05-26 03:59:41,1_1_0003,28,104,否,否,是,
2026-05-26 03:59:49,1_1_0006,28,104,否,否,是,
2026-05-26 03:59:59,1_1_0004,28,104,否,否,是,
2026-05-26 04:00:12,1_1_0002,28,104,否,否,是,
2026-05-26 04:00:23,1_1_0001,28,104,否,否,是,
2026-05-26 04:00:55,1_1_0010,28,104,否,否,是,
2026-05-26 04:00:57,1_1_0008,28,104,否,否,是,
2026-05-26 04:01:00,1_1_0005,28,104,否,否,是,
2026-05-26 04:01:09,1_1_0009,28,104,否,否,是,
2026-05-26 04:01:15,1_1_0007,28,104,否,否,是,
2026-05-26 04:01:23,1_1_0003,28,104,否,否,是,
2026-05-26 04:01:33,1_1_0006,28,104,否,否,是,
2026-05-26 04:01:42,1_1_0004,28,104,否,否,是,
2026-05-26 04:01:54,1_1_0002,28,104,否,否,是,
2026-05-26 04:02:08,1_1_0001,28,104,否,否,是,
2026-05-26 04:02:40,1_1_0010,28,104,否,否,是,
2026-05-26 04:02:41,1_1_0008,28,104,否,否,是,
2026-05-26 04:02:48,1_1_0005,28,104,否,否,是,
2026-05-26 04:02:52,1_1_0009,28,104,否,否,是,
2026-05-26 04:02:59,1_1_0007,28,104,否,否,是,
2026-05-26 04:03:11,1_1_0003,28,104,否,否,是,
2026-05-26 04:03:22,1_1_0006,28,104,否,否,是,
2026-05-26 04:03:33,1_1_0004,28,104,否,否,是,
2026-05-26 04:03:45,1_1_0002,28,104,否,否,是,
2026-05-26 04:03:57,1_1_0001,28,104,否,否,是,
2026-05-26 04:04:30,1_1_0010,28,104,否,否,是,
2026-05-26 04:04:31,1_1_0008,28,104,否,否,是,
2026-05-26 04:04:37,1_1_0005,28,104,否,否,是,
2026-05-26 04:04:39,1_1_0009,28,104,否,否,是,
2026-05-26 04:04:48,1_1_0007,28,104,否,否,是,
2026-05-26 04:04:58,1_1_0003,28,104,否,否,是,
2026-05-26 04:05:10,1_1_0006,28,104,否,否,是,
2026-05-26 04:05:20,1_1_0004,28,104,否,否,是,
2026-05-26 04:05:38,1_1_0002,28,104,否,否,是,
2026-05-26 04:05:50,1_1_0001,28,104,否,否,是,
2026-05-26 04:06:23,1_1_0010,28,104,否,否,是,
2026-05-26 04:06:24,1_1_0008,28,104,否,否,是,
2026-05-26 04:06:31,1_1_0005,28,104,否,否,是,
2026-05-26 04:06:36,1_1_0009,28,104,否,否,是,
2026-05-26 04:06:45,1_1_0007,28,104,否,否,是,
2026-05-26 04:06:50,1_1_0003,28,104,否,否,是,
2026-05-26 04:07:03,1_1_0006,28,104,否,否,是,
2026-05-26 04:07:13,1_1_0004,28,104,否,否,是,
2026-05-26 04:07:25,1_1_0002,28,104,否,否,是,
2026-05-26 04:07:36,1_1_0001,28,104,否,否,是,
2026-05-26 04:08:08,1_1_0010,28,104,否,否,是,
2026-05-26 04:08:09,1_1_0008,28,104,否,否,是,
2026-05-26 04:08:14,1_1_0005,28,104,否,否,是,
2026-05-26 04:08:18,1_1_0009,28,104,否,否,是,
2026-05-26 04:08:25,1_1_0007,28,104,否,否,是,
2026-05-26 04:08:38,1_1_0003,28,104,否,否,是,
2026-05-26 04:08:48,1_1_0006,28,104,否,否,是,
2026-05-26 04:08:57,1_1_0004,28,104,否,否,是,
2026-05-26 04:09:10,1_1_0002,28,104,否,否,是,
2026-05-26 04:09:22,1_1_0001,28,104,否,否,是,
2026-05-26 04:09:54,1_1_0010,28,104,否,否,是,
2026-05-26 04:09:55,1_1_0008,28,104,否,否,是,
2026-05-26 04:10:01,1_1_0005,28,104,否,否,是,
2026-05-26 04:10:11,1_1_0009,28,104,否,否,是,
2026-05-26 04:10:19,1_1_0007,28,104,否,否,是,
2026-05-26 04:10:27,1_1_0003,28,104,否,否,是,
2026-05-26 04:10:34,1_1_0006,28,104,否,否,是,
2026-05-26 04:10:45,1_1_0004,28,104,否,否,是,
2026-05-26 04:10:58,1_1_0002,28,104,否,否,是,
2026-05-26 04:11:10,1_1_0001,28,104,否,否,是,
2026-05-26 04:11:41,1_1_0010,28,104,否,否,是,
2026-05-26 04:11:42,1_1_0008,28,104,否,否,是,
2026-05-26 04:11:49,1_1_0005,28,104,否,否,是,
2026-05-26 04:11:52,1_1_0009,28,104,否,否,是,
2026-05-26 04:12:01,1_1_0007,28,104,否,否,是,
2026-05-26 04:12:08,1_1_0003,28,104,否,否,是,
2026-05-26 04:12:19,1_1_0006,28,104,否,否,是,
2026-05-26 04:12:28,1_1_0004,28,104,否,否,是,
2026-05-26 04:12:41,1_1_0002,28,104,否,否,是,
2026-05-26 04:12:53,1_1_0001,28,104,否,否,是,
2026-05-26 04:13:25,1_1_0010,28,104,否,否,是,
2026-05-26 04:13:26,1_1_0008,28,104,否,否,是,
2026-05-26 04:13:32,1_1_0005,28,104,否,否,是,
2026-05-26 04:13:35,1_1_0009,28,104,否,否,是,
2026-05-26 04:13:40,1_1_0007,28,104,否,否,是,
2026-05-26 04:13:47,1_1_0003,28,104,否,否,是,
2026-05-26 04:13:55,1_1_0006,28,104,否,否,是,
2026-05-26 04:14:08,1_1_0004,28,104,否,否,是,
2026-05-26 04:14:21,1_1_0002,28,104,否,否,是,
2026-05-26 04:14:41,1_1_0001,0,0,否,否,否,2
2026-05-26 04:15:12,1_1_0010,28,104,否,否,是,
2026-05-26 04:15:14,1_1_0008,28,104,否,否,是,
2026-05-26 04:15:18,1_1_0005,28,104,否,否,是,
2026-05-26 04:15:22,1_1_0009,28,104,否,否,是,
2026-05-26 04:15:30,1_1_0007,28,104,否,否,是,
2026-05-26 04:15:36,1_1_0003,28,104,否,否,是,
2026-05-26 04:15:47,1_1_0006,28,104,否,否,是,
2026-05-26 04:16:01,1_1_0004,28,104,否,否,是,
2026-05-26 04:16:12,1_1_0002,28,104,否,否,是,
2026-05-26 04:16:23,1_1_0001,28,104,否,否,是,
2026-05-26 04:16:56,1_1_0010,28,104,否,否,是,
2026-05-26 04:16:57,1_1_0008,28,104,否,否,是,
2026-05-26 04:17:03,1_1_0005,28,104,否,否,是,
2026-05-26 04:17:07,1_1_0009,28,104,否,否,是,
2026-05-26 04:17:12,1_1_0007,28,104,否,否,是,
2026-05-26 04:17:21,1_1_0003,28,104,否,否,是,
2026-05-26 04:17:32,1_1_0006,28,104,否,否,是,
2026-05-26 04:17:42,1_1_0004,28,104,否,否,是,
2026-05-26 04:17:55,1_1_0002,28,104,否,否,是,
2026-05-26 04:18:08,1_1_0001,28,104,否,否,是,
2026-05-26 04:18:39,1_1_0010,28,104,否,否,是,
2026-05-26 04:18:41,1_1_0008,28,104,否,否,是,
2026-05-26 04:18:47,1_1_0005,28,104,否,否,是,
2026-05-26 04:18:52,1_1_0009,28,104,否,否,是,
2026-05-26 04:18:59,1_1_0007,28,104,否,否,是,
2026-05-26 04:19:05,1_1_0003,28,104,否,否,是,
2026-05-26 04:19:14,1_1_0006,28,104,否,否,是,
2026-05-26 04:19:30,1_1_0004,28,104,否,否,是,
2026-05-26 04:19:40,1_1_0002,28,104,否,否,是,
2026-05-26 04:19:53,1_1_0001,28,104,否,否,是,
2026-05-26 04:20:25,1_1_0010,28,104,否,否,是,
2026-05-26 04:20:27,1_1_0008,28,104,否,否,是,
2026-05-26 04:20:30,1_1_0005,28,104,否,否,是,
2026-05-26 04:20:34,1_1_0009,28,104,否,否,是,
2026-05-26 04:20:43,1_1_0007,28,104,否,否,是,
2026-05-26 04:20:54,1_1_0003,28,104,否,否,是,
2026-05-26 04:21:02,1_1_0006,28,104,否,否,是,
2026-05-26 04:21:12,1_1_0004,28,104,否,否,是,
2026-05-26 04:21:27,1_1_0002,28,104,否,否,是,
2026-05-26 04:21:39,1_1_0001,28,104,否,否,是,
2026-05-26 04:22:11,1_1_0010,28,104,否,否,是,
2026-05-26 04:22:12,1_1_0008,28,104,否,否,是,
2026-05-26 04:22:23,1_1_0005,28,104,否,否,是,
2026-05-26 04:22:28,1_1_0009,28,104,否,否,是,
2026-05-26 04:22:38,1_1_0007,28,104,否,否,是,
2026-05-26 04:22:48,1_1_0003,28,104,否,否,是,
2026-05-26 04:22:56,1_1_0006,28,104,否,否,是,
2026-05-26 04:23:06,1_1_0004,28,104,否,否,是,
2026-05-26 04:23:18,1_1_0002,28,104,否,否,是,
2026-05-26 04:23:30,1_1_0001,28,104,否,否,是,
2026-05-26 04:24:02,1_1_0010,28,104,否,否,是,
2026-05-26 04:24:03,1_1_0008,28,104,否,否,是,
2026-05-26 04:24:07,1_1_0005,28,104,否,否,是,
2026-05-26 04:24:10,1_1_0009,28,104,否,否,是,
2026-05-26 04:24:17,1_1_0007,28,104,否,否,是,
2026-05-26 04:24:26,1_1_0003,28,104,否,否,是,
2026-05-26 04:24:35,1_1_0006,28,104,否,否,是,
2026-05-26 04:24:46,1_1_0004,28,104,否,否,是,
2026-05-26 04:24:56,1_1_0002,28,104,否,否,是,
2026-05-26 04:25:07,1_1_0001,28,104,否,否,是,
2026-05-26 04:25:38,1_1_0010,28,104,否,否,是,
2026-05-26 04:25:40,1_1_0008,28,104,否,否,是,
2026-05-26 04:25:46,1_1_0005,28,104,否,否,是,
2026-05-26 04:25:49,1_1_0009,28,104,否,否,是,
2026-05-26 04:25:57,1_1_0007,28,104,否,否,是,
2026-05-26 04:26:04,1_1_0003,28,104,否,否,是,
2026-05-26 04:26:17,1_1_0006,28,104,否,否,是,
2026-05-26 04:26:30,1_1_0004,28,104,否,否,是,
2026-05-26 04:26:43,1_1_0002,28,104,否,否,是,
2026-05-26 04:26:58,1_1_0001,28,104,否,否,是,
2026-05-26 04:27:30,1_1_0010,28,104,否,否,是,
2026-05-26 04:27:31,1_1_0008,28,104,否,否,是,
2026-05-26 04:27:37,1_1_0005,28,104,否,否,是,
2026-05-26 04:27:41,1_1_0009,28,104,否,否,是,
2026-05-26 04:27:48,1_1_0007,28,104,否,否,是,
2026-05-26 04:27:57,1_1_0003,28,104,否,否,是,
2026-05-26 04:28:06,1_1_0006,28,104,否,否,是,
2026-05-26 04:28:22,1_1_0004,28,104,否,否,是,
2026-05-26 04:28:35,1_1_0002,28,104,否,否,是,
2026-05-26 04:28:47,1_1_0001,28,104,否,否,是,
2026-05-26 04:29:19,1_1_0010,28,104,否,否,是,
2026-05-26 04:29:20,1_1_0008,28,104,否,否,是,
2026-05-26 04:29:28,1_1_0005,28,104,否,否,是,
2026-05-26 04:29:32,1_1_0009,28,104,否,否,是,
2026-05-26 04:29:39,1_1_0007,28,104,否,否,是,
2026-05-26 04:29:48,1_1_0003,28,104,否,否,是,
2026-05-26 04:29:55,1_1_0006,28,104,否,否,是,
2026-05-26 04:30:04,1_1_0004,28,104,否,否,是,
2026-05-26 04:30:17,1_1_0002,28,104,否,否,是,
2026-05-26 04:30:26,1_1_0001,28,104,否,否,是,
2026-05-26 04:30:58,1_1_0010,28,104,否,否,是,
2026-05-26 04:30:59,1_1_0008,28,104,否,否,是,
2026-05-26 04:31:08,1_1_0005,28,104,否,否,是,
2026-05-26 04:31:13,1_1_0009,28,104,否,否,是,
2026-05-26 04:31:23,1_1_0007,28,104,否,否,是,
2026-05-26 04:31:31,1_1_0003,28,104,否,否,是,
2026-05-26 04:31:41,1_1_0006,28,104,否,否,是,
2026-05-26 04:31:51,1_1_0004,28,104,否,否,是,
2026-05-26 04:32:04,1_1_0002,28,104,否,否,是,
2026-05-26 04:32:16,1_1_0001,28,104,否,否,是,
2026-05-26 04:32:48,1_1_0010,28,104,否,否,是,
2026-05-26 04:32:49,1_1_0008,28,104,否,否,是,
2026-05-26 04:32:56,1_1_0005,28,104,否,否,是,
2026-05-26 04:33:00,1_1_0009,28,104,否,否,是,
2026-05-26 04:33:07,1_1_0007,28,104,否,否,是,
2026-05-26 04:33:17,1_1_0003,28,104,否,否,是,
2026-05-26 04:33:28,1_1_0006,28,104,否,否,是,
2026-05-26 04:33:36,1_1_0004,28,104,否,否,是,
2026-05-26 04:33:49,1_1_0002,28,104,否,否,是,
2026-05-26 04:34:01,1_1_0001,28,104,否,否,是,
2026-05-26 04:34:33,1_1_0010,28,104,否,否,是,
2026-05-26 04:34:34,1_1_0008,28,104,否,否,是,
2026-05-26 04:34:40,1_1_0005,28,104,否,否,是,
2026-05-26 04:34:43,1_1_0009,28,104,否,否,是,
2026-05-26 04:34:49,1_1_0007,28,104,否,否,是,
2026-05-26 04:34:58,1_1_0003,28,104,否,否,是,
2026-05-26 04:35:09,1_1_0006,28,104,否,否,是,
2026-05-26 04:35:19,1_1_0004,28,104,否,否,是,
2026-05-26 04:35:31,1_1_0002,28,104,否,否,是,
2026-05-26 04:35:46,1_1_0001,28,104,否,否,是,
2026-05-26 04:36:17,1_1_0010,28,104,否,否,是,
2026-05-26 04:36:18,1_1_0008,28,104,否,否,是,
2026-05-26 04:36:25,1_1_0005,28,104,否,否,是,
2026-05-26 04:36:29,1_1_0009,28,104,否,否,是,
2026-05-26 04:36:34,1_1_0007,28,104,否,否,是,
2026-05-26 04:36:46,1_1_0003,28,104,否,否,是,
2026-05-26 04:36:59,1_1_0006,28,104,否,否,是,
2026-05-26 04:37:10,1_1_0004,28,104,否,否,是,
2026-05-26 04:37:23,1_1_0002,28,104,否,否,是,
2026-05-26 04:37:34,1_1_0001,28,104,否,否,是,
2026-05-26 04:38:06,1_1_0010,28,104,否,否,是,
2026-05-26 04:38:07,1_1_0008,28,104,否,否,是,
2026-05-26 04:38:12,1_1_0005,28,104,否,否,是,
2026-05-26 04:38:17,1_1_0009,28,104,否,否,是,
2026-05-26 04:38:25,1_1_0007,28,104,否,否,是,
2026-05-26 04:38:33,1_1_0003,28,104,否,否,是,
2026-05-26 04:38:45,1_1_0006,28,104,否,否,是,
2026-05-26 04:38:56,1_1_0004,28,104,否,否,是,
2026-05-26 04:39:09,1_1_0002,28,104,否,否,是,
2026-05-26 04:39:22,1_1_0001,28,104,否,否,是,
2026-05-26 04:39:55,1_1_0010,28,104,否,否,是,
2026-05-26 04:39:56,1_1_0008,28,104,否,否,是,
2026-05-26 04:40:01,1_1_0005,28,104,否,否,是,
2026-05-26 04:40:11,1_1_0009,28,104,否,否,是,
2026-05-26 04:40:19,1_1_0007,28,104,否,否,是,
2026-05-26 04:40:29,1_1_0003,28,104,否,否,是,
2026-05-26 04:40:39,1_1_0006,28,104,否,否,是,
2026-05-26 04:40:50,1_1_0004,28,104,否,否,是,
2026-05-26 04:41:00,1_1_0002,28,104,否,否,是,
2026-05-26 04:41:10,1_1_0001,28,104,否,否,是,
2026-05-26 04:41:42,1_1_0010,28,104,否,否,是,
2026-05-26 04:41:43,1_1_0008,28,104,否,否,是,
2026-05-26 04:41:49,1_1_0005,28,104,否,否,是,
2026-05-26 04:41:53,1_1_0009,28,104,否,否,是,
2026-05-26 04:41:58,1_1_0007,28,104,否,否,是,
2026-05-26 04:42:08,1_1_0003,28,104,否,否,是,
2026-05-26 04:42:17,1_1_0006,28,104,否,否,是,
2026-05-26 04:42:27,1_1_0004,28,104,否,否,是,
2026-05-26 04:42:42,1_1_0002,28,104,否,否,是,
2026-05-26 04:42:54,1_1_0001,28,104,否,否,是,
2026-05-26 04:43:27,1_1_0010,28,104,否,否,是,
2026-05-26 04:43:28,1_1_0008,28,104,否,否,是,
2026-05-26 04:43:36,1_1_0005,28,104,否,否,是,
2026-05-26 04:43:40,1_1_0009,28,104,否,否,是,
2026-05-26 04:43:47,1_1_0007,28,104,否,否,是,
2026-05-26 04:43:54,1_1_0003,28,104,否,否,是,
2026-05-26 04:44:02,1_1_0006,28,104,否,否,是,
2026-05-26 04:44:10,1_1_0004,28,104,否,否,是,
2026-05-26 04:44:25,1_1_0002,28,104,否,否,是,
2026-05-26 04:44:35,1_1_0001,28,104,否,否,是,
2026-05-26 04:45:06,1_1_0010,28,104,否,否,是,
2026-05-26 04:45:07,1_1_0008,28,104,否,否,是,
2026-05-26 04:45:16,1_1_0005,28,104,否,否,是,
2026-05-26 04:45:19,1_1_0009,28,104,否,否,是,
2026-05-26 04:45:29,1_1_0007,28,104,否,否,是,
2026-05-26 04:45:37,1_1_0003,28,104,否,否,是,
2026-05-26 04:45:46,1_1_0006,28,104,否,否,是,
2026-05-26 04:45:59,1_1_0004,28,104,否,否,是,
2026-05-26 04:46:13,1_1_0002,28,104,否,否,是,
2026-05-26 04:46:25,1_1_0001,28,104,否,否,是,
2026-05-26 04:46:57,1_1_0010,28,104,否,否,是,
2026-05-26 04:46:58,1_1_0008,28,104,否,否,是,
2026-05-26 04:47:04,1_1_0005,28,104,否,否,是,
2026-05-26 04:47:07,1_1_0009,28,104,否,否,是,
2026-05-26 04:47:13,1_1_0007,28,104,否,否,是,
2026-05-26 04:47:23,1_1_0003,28,104,否,否,是,
2026-05-26 04:47:35,1_1_0006,28,104,否,否,是,
2026-05-26 04:47:45,1_1_0004,28,104,否,否,是,
2026-05-26 04:47:57,1_1_0002,28,104,否,否,是,
2026-05-26 04:48:08,1_1_0001,28,104,否,否,是,
2026-05-26 04:48:40,1_1_0010,28,104,否,否,是,
2026-05-26 04:48:42,1_1_0008,28,104,否,否,是,
2026-05-26 04:48:47,1_1_0005,28,104,否,否,是,
2026-05-26 04:48:51,1_1_0009,28,104,否,否,是,
2026-05-26 04:48:56,1_1_0007,28,104,否,否,是,
2026-05-26 04:49:05,1_1_0003,28,104,否,否,是,
2026-05-26 04:49:15,1_1_0006,28,104,否,否,是,
2026-05-26 04:49:24,1_1_0004,28,104,否,否,是,
2026-05-26 04:49:39,1_1_0002,28,104,否,否,是,
2026-05-26 04:49:52,1_1_0001,28,104,否,否,是,
2026-05-26 04:50:25,1_1_0010,28,104,否,否,是,
2026-05-26 04:50:26,1_1_0008,28,104,否,否,是,
2026-05-26 04:50:31,1_1_0005,28,104,否,否,是,
2026-05-26 04:50:35,1_1_0009,28,104,否,否,是,
2026-05-26 04:50:43,1_1_0007,28,104,否,否,是,
2026-05-26 04:50:51,1_1_0003,28,104,否,否,是,
2026-05-26 04:51:06,1_1_0006,28,104,否,否,是,
2026-05-26 04:51:16,1_1_0004,28,104,否,否,是,
2026-05-26 04:51:29,1_1_0002,28,104,否,否,是,
2026-05-26 04:51:40,1_1_0001,28,104,否,否,是,
2026-05-26 04:52:11,1_1_0010,28,104,否,否,是,
2026-05-26 04:52:13,1_1_0008,28,104,否,否,是,
2026-05-26 04:52:22,1_1_0005,28,104,否,否,是,
2026-05-26 04:52:26,1_1_0009,28,104,否,否,是,
2026-05-26 04:52:32,1_1_0007,28,104,否,否,是,
2026-05-26 04:52:46,1_1_0003,28,104,否,否,是,
2026-05-26 04:52:53,1_1_0006,28,104,否,否,是,
2026-05-26 04:53:06,1_1_0004,28,104,否,否,是,
2026-05-26 04:53:19,1_1_0002,28,104,否,否,是,
2026-05-26 04:53:33,1_1_0001,28,104,否,否,是,
2026-05-26 04:54:05,1_1_0010,28,104,否,否,是,
2026-05-26 04:54:07,1_1_0008,28,104,否,否,是,
2026-05-26 04:54:12,1_1_0005,28,104,否,否,是,
2026-05-26 04:54:17,1_1_0009,28,104,否,否,是,
2026-05-26 04:54:23,1_1_0007,28,104,否,否,是,
2026-05-26 04:54:33,1_1_0003,28,104,否,否,是,
2026-05-26 04:54:44,1_1_0006,28,104,否,否,是,
2026-05-26 04:54:52,1_1_0004,28,104,否,否,是,
2026-05-26 04:55:05,1_1_0002,28,104,否,否,是,
2026-05-26 04:55:19,1_1_0001,28,104,否,否,是,
2026-05-26 04:55:51,1_1_0010,28,104,否,否,是,
2026-05-26 04:55:52,1_1_0008,28,104,否,否,是,
2026-05-26 04:56:01,1_1_0005,28,104,否,否,是,
2026-05-26 04:56:05,1_1_0009,28,104,否,否,是,
2026-05-26 04:56:13,1_1_0007,28,104,否,否,是,
2026-05-26 04:56:21,1_1_0003,28,104,否,否,是,
2026-05-26 04:56:31,1_1_0006,28,104,否,否,是,
2026-05-26 04:56:43,1_1_0004,28,104,否,否,是,
2026-05-26 04:56:57,1_1_0002,28,104,否,否,是,
2026-05-26 04:57:10,1_1_0001,28,104,否,否,是,
2026-05-26 04:57:42,1_1_0010,28,104,否,否,是,
2026-05-26 04:57:43,1_1_0008,28,104,否,否,是,
2026-05-26 04:57:49,1_1_0005,28,104,否,否,是,
2026-05-26 04:57:52,1_1_0009,28,104,否,否,是,
2026-05-26 04:57:57,1_1_0007,28,104,否,否,是,
2026-05-26 04:58:08,1_1_0003,28,104,否,否,是,
2026-05-26 04:58:19,1_1_0006,28,104,否,否,是,
2026-05-26 04:58:30,1_1_0004,28,104,否,否,是,
2026-05-26 04:58:50,1_1_0002,0,0,否,否,否,2
2026-05-26 04:59:01,1_1_0001,28,104,否,否,是,
2026-05-26 04:59:34,1_1_0010,28,104,否,否,是,
2026-05-26 04:59:36,1_1_0008,28,104,否,否,是,
2026-05-26 04:59:41,1_1_0005,28,104,否,否,是,
2026-05-26 04:59:45,1_1_0009,28,104,否,否,是,
2026-05-26 04:59:52,1_1_0007,28,104,否,否,是,
2026-05-26 05:00:02,1_1_0003,28,104,否,否,是,
2026-05-26 05:00:09,1_1_0006,28,104,否,否,是,
2026-05-26 05:00:19,1_1_0004,28,104,否,否,是,
2026-05-26 05:00:40,1_1_0002,0,0,否,否,否,2
2026-05-26 05:00:48,1_1_0001,28,104,否,否,是,
2026-05-26 05:01:21,1_1_0010,28,104,否,否,是,
2026-05-26 05:01:23,1_1_0008,28,104,否,否,是,
2026-05-26 05:01:29,1_1_0005,28,104,否,否,是,
2026-05-26 05:01:34,1_1_0009,28,104,否,否,是,
2026-05-26 05:01:42,1_1_0007,28,104,否,否,是,
2026-05-26 05:01:49,1_1_0003,28,104,否,否,是,
2026-05-26 05:01:59,1_1_0006,28,104,否,否,是,
2026-05-26 05:02:09,1_1_0004,28,104,否,否,是,
2026-05-26 05:02:24,1_1_0002,28,104,否,否,是,
2026-05-26 05:02:36,1_1_0001,28,104,否,否,是,
2026-05-26 05:03:08,1_1_0010,28,104,否,否,是,
2026-05-26 05:03:10,1_1_0008,28,104,否,否,是,
2026-05-26 05:03:15,1_1_0005,28,104,否,否,是,
2026-05-26 05:03:19,1_1_0009,28,104,否,否,是,
2026-05-26 05:03:28,1_1_0007,28,104,否,否,是,
2026-05-26 05:03:33,1_1_0003,28,104,否,否,是,
2026-05-26 05:03:43,1_1_0006,28,104,否,否,是,
2026-05-26 05:03:54,1_1_0004,28,104,否,否,是,
2026-05-26 05:04:08,1_1_0002,28,104,否,否,是,
2026-05-26 05:04:20,1_1_0001,28,104,否,否,是,
2026-05-26 05:04:51,1_1_0010,28,104,否,否,是,
2026-05-26 05:04:52,1_1_0008,28,104,否,否,是,
2026-05-26 05:04:58,1_1_0005,28,104,否,否,是,
2026-05-26 05:05:02,1_1_0009,28,104,否,否,是,
2026-05-26 05:05:08,1_1_0007,28,104,否,否,是,
2026-05-26 05:05:17,1_1_0003,28,104,否,否,是,
2026-05-26 05:05:28,1_1_0006,28,104,否,否,是,
2026-05-26 05:05:37,1_1_0004,28,104,否,否,是,
2026-05-26 05:05:50,1_1_0002,28,104,否,否,是,
2026-05-26 05:05:58,1_1_0001,28,104,否,否,是,
2026-05-26 05:06:30,1_1_0010,28,104,否,否,是,
2026-05-26 05:06:31,1_1_0008,28,104,否,否,是,
2026-05-26 05:06:38,1_1_0005,28,104,否,否,是,
2026-05-26 05:06:41,1_1_0009,28,104,否,否,是,
2026-05-26 05:06:48,1_1_0007,28,104,否,否,是,
2026-05-26 05:06:56,1_1_0003,28,104,否,否,是,
2026-05-26 05:07:08,1_1_0006,28,104,否,否,是,
2026-05-26 05:07:20,1_1_0004,28,104,否,否,是,
2026-05-26 05:07:37,1_1_0002,28,104,否,否,是,
2026-05-26 05:07:51,1_1_0001,28,104,否,否,是,
2026-05-26 05:08:25,1_1_0010,28,104,否,否,是,
2026-05-26 05:08:27,1_1_0008,28,104,否,否,是,
2026-05-26 05:08:32,1_1_0005,28,104,否,否,是,
2026-05-26 05:08:38,1_1_0009,28,104,否,否,是,
2026-05-26 05:08:43,1_1_0007,28,104,否,否,是,
2026-05-26 05:08:54,1_1_0003,28,104,否,否,是,
2026-05-26 05:09:02,1_1_0006,28,104,否,否,是,
2026-05-26 05:09:14,1_1_0004,28,104,否,否,是,
2026-05-26 05:09:27,1_1_0002,28,104,否,否,是,
2026-05-26 05:09:40,1_1_0001,28,104,否,否,是,
2026-05-26 05:10:15,1_1_0010,28,104,否,否,是,
2026-05-26 05:10:17,1_1_0008,28,104,否,否,是,
2026-05-26 05:10:24,1_1_0005,28,104,否,否,是,
2026-05-26 05:10:28,1_1_0009,28,104,否,否,是,
2026-05-26 05:10:34,1_1_0007,28,104,否,否,是,
2026-05-26 05:10:42,1_1_0003,28,104,否,否,是,
2026-05-26 05:10:55,1_1_0006,28,104,否,否,是,
2026-05-26 05:11:04,1_1_0004,28,104,否,否,是,
2026-05-26 05:11:18,1_1_0002,28,104,否,否,是,
2026-05-26 05:11:31,1_1_0001,28,104,否,否,是,
2026-05-26 05:12:04,1_1_0010,28,104,否,否,是,
2026-05-26 05:12:05,1_1_0008,28,104,否,否,是,
2026-05-26 05:12:12,1_1_0005,28,104,否,否,是,
2026-05-26 05:12:16,1_1_0009,28,104,否,否,是,
2026-05-26 05:12:25,1_1_0007,28,104,否,否,是,
2026-05-26 05:12:33,1_1_0003,28,104,否,否,是,
2026-05-26 05:12:43,1_1_0006,28,104,否,否,是,
2026-05-26 05:12:57,1_1_0004,28,104,否,否,是,
2026-05-26 05:13:08,1_1_0002,28,104,否,否,是,
2026-05-26 05:13:22,1_1_0001,28,104,否,否,是,
2026-05-26 05:13:55,1_1_0010,28,104,否,否,是,
2026-05-26 05:13:57,1_1_0008,28,104,否,否,是,
2026-05-26 05:14:03,1_1_0005,28,104,否,否,是,
2026-05-26 05:14:06,1_1_0009,28,104,否,否,是,
2026-05-26 05:14:13,1_1_0007,28,104,否,否,是,
2026-05-26 05:14:22,1_1_0003,28,104,否,否,是,
2026-05-26 05:14:31,1_1_0006,28,104,否,否,是,
2026-05-26 05:14:39,1_1_0004,28,104,否,否,是,
2026-05-26 05:14:52,1_1_0002,28,104,否,否,是,
2026-05-26 05:15:02,1_1_0001,28,104,否,否,是,
2026-05-26 05:15:34,1_1_0010,28,104,否,否,是,
2026-05-26 05:15:36,1_1_0008,28,104,否,否,是,
2026-05-26 05:15:41,1_1_0005,28,104,否,否,是,
2026-05-26 05:15:46,1_1_0009,28,104,否,否,是,
2026-05-26 05:15:51,1_1_0007,28,104,否,否,是,
2026-05-26 05:16:01,1_1_0003,28,104,否,否,是,
2026-05-26 05:16:09,1_1_0006,28,104,否,否,是,
2026-05-26 05:16:22,1_1_0004,28,104,否,否,是,
2026-05-26 05:16:34,1_1_0002,28,104,否,否,是,
2026-05-26 05:16:46,1_1_0001,28,104,否,否,是,
2026-05-26 05:17:18,1_1_0010,28,104,否,否,是,
2026-05-26 05:17:19,1_1_0008,28,104,否,否,是,
2026-05-26 05:17:24,1_1_0005,28,104,否,否,是,
2026-05-26 05:17:26,1_1_0009,28,104,否,否,是,
2026-05-26 05:17:32,1_1_0007,28,104,否,否,是,
2026-05-26 05:17:49,1_1_0003,28,104,否,否,是,
2026-05-26 05:18:01,1_1_0006,28,104,否,否,是,
2026-05-26 05:18:11,1_1_0004,28,104,否,否,是,
2026-05-26 05:18:24,1_1_0002,28,104,否,否,是,
2026-05-26 05:18:34,1_1_0001,28,104,否,否,是,
2026-05-26 05:19:06,1_1_0010,28,104,否,否,是,
2026-05-26 05:19:08,1_1_0008,28,104,否,否,是,
2026-05-26 05:19:13,1_1_0005,28,104,否,否,是,
2026-05-26 05:19:17,1_1_0009,28,104,否,否,是,
2026-05-26 05:19:25,1_1_0007,28,104,否,否,是,
2026-05-26 05:19:32,1_1_0003,28,104,否,否,是,
2026-05-26 05:19:44,1_1_0006,28,104,否,否,是,
2026-05-26 05:19:55,1_1_0004,28,104,否,否,是,
2026-05-26 05:20:08,1_1_0002,28,104,否,否,是,
2026-05-26 05:20:21,1_1_0001,28,104,否,否,是,
2026-05-26 05:20:53,1_1_0010,28,104,否,否,是,
2026-05-26 05:20:54,1_1_0008,28,104,否,否,是,
2026-05-26 05:21:01,1_1_0005,28,104,否,否,是,
2026-05-26 05:21:04,1_1_0009,28,104,否,否,是,
2026-05-26 05:21:15,1_1_0007,28,104,否,否,是,
2026-05-26 05:21:24,1_1_0003,28,104,否,否,是,
2026-05-26 05:21:32,1_1_0006,28,104,否,否,是,
2026-05-26 05:21:41,1_1_0004,28,104,否,否,是,
2026-05-26 05:21:51,1_1_0002,28,104,否,否,是,
2026-05-26 05:22:03,1_1_0001,28,104,否,否,是,
2026-05-26 05:22:36,1_1_0010,28,104,否,否,是,
2026-05-26 05:22:37,1_1_0008,28,104,否,否,是,
2026-05-26 05:22:42,1_1_0005,28,104,否,否,是,
2026-05-26 05:22:47,1_1_0009,28,104,否,否,是,
2026-05-26 05:22:56,1_1_0007,28,104,否,否,是,
2026-05-26 05:23:03,1_1_0003,28,104,否,否,是,
2026-05-26 05:23:12,1_1_0006,28,104,否,否,是,
2026-05-26 05:23:22,1_1_0004,28,104,否,否,是,
2026-05-26 05:23:34,1_1_0002,28,104,否,否,是,
2026-05-26 05:23:44,1_1_0001,28,104,否,否,是,
2026-05-26 05:24:16,1_1_0010,28,104,否,否,是,
2026-05-26 05:24:17,1_1_0008,28,104,否,否,是,
2026-05-26 05:24:23,1_1_0005,28,104,否,否,是,
2026-05-26 05:24:26,1_1_0009,28,104,否,否,是,
2026-05-26 05:24:31,1_1_0007,28,104,否,否,是,
2026-05-26 05:24:42,1_1_0003,28,104,否,否,是,
2026-05-26 05:24:52,1_1_0006,28,104,否,否,是,
2026-05-26 05:25:06,1_1_0004,28,104,否,否,是,
2026-05-26 05:25:20,1_1_0002,28,104,否,否,是,
2026-05-26 05:25:32,1_1_0001,28,104,否,否,是,
2026-05-26 05:26:04,1_1_0010,28,104,否,否,是,
2026-05-26 05:26:05,1_1_0008,28,104,否,否,是,
2026-05-26 05:26:14,1_1_0005,28,104,否,否,是,
2026-05-26 05:26:17,1_1_0009,28,104,否,否,是,
2026-05-26 05:26:23,1_1_0007,28,104,否,否,是,
2026-05-26 05:26:32,1_1_0003,28,104,否,否,是,
2026-05-26 05:26:41,1_1_0006,28,104,否,否,是,
2026-05-26 05:26:52,1_1_0004,28,104,否,否,是,
2026-05-26 05:27:10,1_1_0002,28,104,否,否,是,
2026-05-26 05:27:22,1_1_0001,28,104,否,否,是,
2026-05-26 05:27:54,1_1_0010,28,104,否,否,是,
2026-05-26 05:27:55,1_1_0008,28,104,否,否,是,
2026-05-26 05:28:00,1_1_0005,28,104,否,否,是,
2026-05-26 05:28:06,1_1_0009,28,104,否,否,是,
2026-05-26 05:28:14,1_1_0007,28,104,否,否,是,
2026-05-26 05:28:22,1_1_0003,28,104,否,否,是,
2026-05-26 05:28:31,1_1_0006,28,104,否,否,是,
2026-05-26 05:28:41,1_1_0004,28,104,否,否,是,
2026-05-26 05:28:57,1_1_0002,28,104,否,否,是,
2026-05-26 05:29:12,1_1_0001,28,104,否,否,是,
2026-05-26 05:29:44,1_1_0010,28,104,否,否,是,
2026-05-26 05:29:45,1_1_0008,28,104,否,否,是,
2026-05-26 05:29:50,1_1_0005,28,104,否,否,是,
2026-05-26 05:29:55,1_1_0009,28,104,否,否,是,
2026-05-26 05:30:01,1_1_0007,28,104,否,否,是,
2026-05-26 05:30:12,1_1_0003,28,104,否,否,是,
2026-05-26 05:30:22,1_1_0006,28,104,否,否,是,
2026-05-26 05:30:33,1_1_0004,28,104,否,否,是,
2026-05-26 05:30:46,1_1_0002,28,104,否,否,是,
2026-05-26 05:30:57,1_1_0001,28,104,否,否,是,
2026-05-26 05:31:28,1_1_0010,28,104,否,否,是,
2026-05-26 05:31:30,1_1_0008,28,104,否,否,是,
2026-05-26 05:31:35,1_1_0005,28,104,否,否,是,
2026-05-26 05:31:40,1_1_0009,28,104,否,否,是,
2026-05-26 05:31:50,1_1_0007,28,104,否,否,是,
2026-05-26 05:31:59,1_1_0003,28,104,否,否,是,
2026-05-26 05:32:08,1_1_0006,28,104,否,否,是,
2026-05-26 05:32:19,1_1_0004,28,104,否,否,是,
2026-05-26 05:32:31,1_1_0002,28,104,否,否,是,
2026-05-26 05:32:43,1_1_0001,28,104,否,否,是,
2026-05-26 05:33:15,1_1_0010,28,104,否,否,是,
2026-05-26 05:33:17,1_1_0008,28,104,否,否,是,
2026-05-26 05:33:22,1_1_0005,28,104,否,否,是,
2026-05-26 05:33:26,1_1_0009,28,104,否,否,是,
2026-05-26 05:33:38,1_1_0007,28,104,否,否,是,
2026-05-26 05:33:46,1_1_0003,28,104,否,否,是,
2026-05-26 05:33:56,1_1_0006,28,104,否,否,是,
2026-05-26 05:34:09,1_1_0004,28,104,否,否,是,
2026-05-26 05:34:20,1_1_0002,28,104,否,否,是,
2026-05-26 05:34:34,1_1_0001,28,104,否,否,是,
2026-05-26 05:35:06,1_1_0010,28,104,否,否,是,
2026-05-26 05:35:07,1_1_0008,28,104,否,否,是,
2026-05-26 05:35:13,1_1_0005,28,104,否,否,是,
2026-05-26 05:35:21,1_1_0009,28,104,否,否,是,
2026-05-26 05:35:28,1_1_0007,28,104,否,否,是,
2026-05-26 05:35:38,1_1_0003,28,104,否,否,是,
2026-05-26 05:35:46,1_1_0006,28,104,否,否,是,
2026-05-26 05:35:58,1_1_0004,28,104,否,否,是,
2026-05-26 05:36:15,1_1_0002,28,104,否,否,是,
2026-05-26 05:36:23,1_1_0001,28,104,否,否,是,
2026-05-26 05:36:55,1_1_0010,28,104,否,否,是,
2026-05-26 05:36:56,1_1_0008,28,104,否,否,是,
2026-05-26 05:37:01,1_1_0005,28,104,否,否,是,
2026-05-26 05:37:09,1_1_0009,28,104,否,否,是,
2026-05-26 05:37:16,1_1_0007,28,104,否,否,是,
2026-05-26 05:37:23,1_1_0003,28,104,否,否,是,
2026-05-26 05:37:33,1_1_0006,28,104,否,否,是,
2026-05-26 05:37:42,1_1_0004,28,104,否,否,是,
2026-05-26 05:37:54,1_1_0002,28,104,否,否,是,
2026-05-26 05:38:04,1_1_0001,28,104,否,否,是,
2026-05-26 05:38:36,1_1_0010,28,104,否,否,是,
2026-05-26 05:38:37,1_1_0008,28,104,否,否,是,
2026-05-26 05:38:43,1_1_0005,28,104,否,否,是,
2026-05-26 05:38:46,1_1_0009,28,104,否,否,是,
2026-05-26 05:38:53,1_1_0007,28,104,否,否,是,
2026-05-26 05:39:02,1_1_0003,28,104,否,否,是,
2026-05-26 05:39:11,1_1_0006,28,104,否,否,是,
2026-05-26 05:39:22,1_1_0004,28,104,否,否,是,
2026-05-26 05:39:37,1_1_0002,28,104,否,否,是,
2026-05-26 05:39:48,1_1_0001,28,104,否,否,是,
2026-05-26 05:40:21,1_1_0010,28,104,否,否,是,
2026-05-26 05:40:22,1_1_0008,28,104,否,否,是,
2026-05-26 05:40:29,1_1_0005,28,104,否,否,是,
2026-05-26 05:40:32,1_1_0009,28,104,否,否,是,
2026-05-26 05:40:38,1_1_0007,28,104,否,否,是,
2026-05-26 05:40:45,1_1_0003,28,104,否,否,是,
2026-05-26 05:40:56,1_1_0006,28,104,否,否,是,
2026-05-26 05:41:06,1_1_0004,28,104,否,否,是,
2026-05-26 05:41:21,1_1_0002,28,104,否,否,是,
2026-05-26 05:41:31,1_1_0001,28,104,否,否,是,
2026-05-26 05:42:06,1_1_0010,28,104,否,否,是,
2026-05-26 05:42:07,1_1_0008,28,104,否,否,是,
2026-05-26 05:42:14,1_1_0005,28,104,否,否,是,
2026-05-26 05:42:17,1_1_0009,28,104,否,否,是,
2026-05-26 05:42:25,1_1_0007,28,104,否,否,是,
2026-05-26 05:42:35,1_1_0003,28,104,否,否,是,
2026-05-26 05:42:44,1_1_0006,28,104,否,否,是,
2026-05-26 05:43:04,1_1_0004,0,0,否,否,否,2
2026-05-26 05:43:22,1_1_0002,28,104,否,否,是,
2026-05-26 05:43:36,1_1_0001,28,104,否,否,是,
2026-05-26 05:44:07,1_1_0010,28,104,否,否,是,
2026-05-26 05:44:09,1_1_0008,28,104,否,否,是,
2026-05-26 05:44:16,1_1_0005,28,104,否,否,是,
2026-05-26 05:44:21,1_1_0009,28,104,否,否,是,
2026-05-26 05:44:26,1_1_0007,28,104,否,否,是,
2026-05-26 05:44:37,1_1_0003,28,104,否,否,是,
2026-05-26 05:44:57,1_1_0006,0,0,否,否,否,2
2026-05-26 05:45:08,1_1_0004,28,104,否,否,是,
2026-05-26 05:45:20,1_1_0002,28,104,否,否,是,
2026-05-26 05:45:31,1_1_0001,28,104,否,否,是,
2026-05-26 05:46:09,1_1_0010,28,104,否,否,是,
2026-05-26 05:46:10,1_1_0008,28,104,否,否,是,
2026-05-26 05:46:21,1_1_0005,28,104,否,否,是,
2026-05-26 05:46:25,1_1_0009,28,104,否,否,是,
2026-05-26 05:46:31,1_1_0007,28,104,否,否,是,
2026-05-26 05:46:40,1_1_0003,28,104,否,否,是,
2026-05-26 05:46:51,1_1_0006,28,104,否,否,是,
2026-05-26 05:47:01,1_1_0004,28,104,否,否,是,
2026-05-26 05:47:15,1_1_0002,28,104,否,否,是,
2026-05-26 05:47:25,1_1_0001,28,104,否,否,是,
2026-05-26 05:47:57,1_1_0010,28,104,否,否,是,
2026-05-26 05:47:58,1_1_0008,28,104,否,否,是,
2026-05-26 05:48:02,1_1_0005,28,104,否,否,是,
2026-05-26 05:48:06,1_1_0009,28,104,否,否,是,
2026-05-26 05:48:12,1_1_0007,28,104,否,否,是,
2026-05-26 05:48:22,1_1_0003,28,104,否,否,是,
2026-05-26 05:48:31,1_1_0006,28,104,否,否,是,
2026-05-26 05:48:41,1_1_0004,28,104,否,否,是,
2026-05-26 05:48:51,1_1_0002,28,104,否,否,是,
2026-05-26 05:49:12,1_1_0001,0,0,否,否,否,2
2026-05-26 05:49:44,1_1_0010,28,104,否,否,是,
2026-05-26 05:49:45,1_1_0008,28,104,否,否,是,
2026-05-26 05:49:51,1_1_0005,28,104,否,否,是,
2026-05-26 05:49:55,1_1_0009,28,104,否,否,是,
2026-05-26 05:50:05,1_1_0007,28,104,否,否,是,
2026-05-26 05:50:11,1_1_0003,28,104,否,否,是,
2026-05-26 05:50:22,1_1_0006,28,104,否,否,是,
2026-05-26 05:50:33,1_1_0004,28,104,否,否,是,
2026-05-26 05:50:49,1_1_0002,28,104,否,否,是,
2026-05-26 05:51:00,1_1_0001,28,104,否,否,是,
2026-05-26 05:51:31,1_1_0010,28,104,否,否,是,
2026-05-26 05:51:33,1_1_0008,28,104,否,否,是,
2026-05-26 05:51:37,1_1_0005,28,104,否,否,是,
2026-05-26 05:51:42,1_1_0009,28,104,否,否,是,
2026-05-26 05:51:50,1_1_0007,28,104,否,否,是,
2026-05-26 05:51:56,1_1_0003,28,104,否,否,是,
2026-05-26 05:52:05,1_1_0006,28,104,否,否,是,
2026-05-26 05:52:17,1_1_0004,28,104,否,否,是,
2026-05-26 05:52:32,1_1_0002,28,104,否,否,是,
2026-05-26 05:52:43,1_1_0001,28,104,否,否,是,
2026-05-26 05:53:15,1_1_0010,28,104,否,否,是,
2026-05-26 05:53:16,1_1_0008,28,104,否,否,是,
2026-05-26 05:53:21,1_1_0005,28,104,否,否,是,
2026-05-26 05:53:25,1_1_0009,28,104,否,否,是,
2026-05-26 05:53:31,1_1_0007,28,104,否,否,是,
2026-05-26 05:53:38,1_1_0003,28,104,否,否,是,
2026-05-26 05:53:48,1_1_0006,28,104,否,否,是,
2026-05-26 05:53:57,1_1_0004,28,104,否,否,是,
2026-05-26 05:54:08,1_1_0002,28,104,否,否,是,
2026-05-26 05:54:21,1_1_0001,28,104,否,否,是,
2026-05-26 05:54:53,1_1_0010,28,104,否,否,是,
2026-05-26 05:54:54,1_1_0008,28,104,否,否,是,
2026-05-26 05:54:59,1_1_0005,28,104,否,否,是,
2026-05-26 05:55:19,1_1_0009,0,0,否,否,否,2
2026-05-26 05:55:24,1_1_0007,28,104,否,否,是,
2026-05-26 05:55:30,1_1_0003,28,104,否,否,是,
2026-05-26 05:55:38,1_1_0006,28,104,否,否,是,
2026-05-26 05:55:48,1_1_0004,28,104,否,否,是,
2026-05-26 05:55:59,1_1_0002,28,104,否,否,是,
2026-05-26 05:56:09,1_1_0001,28,104,否,否,是,
2026-05-26 05:56:42,1_1_0010,28,104,否,否,是,
2026-05-26 05:56:43,1_1_0008,28,104,否,否,是,
2026-05-26 05:56:46,1_1_0005,28,104,否,否,是,
2026-05-26 05:56:52,1_1_0009,28,104,否,否,是,
2026-05-26 05:56:58,1_1_0007,28,104,否,否,是,
2026-05-26 05:57:05,1_1_0003,28,104,否,否,是,
2026-05-26 05:57:14,1_1_0006,28,104,否,否,是,
2026-05-26 05:57:30,1_1_0004,28,104,否,否,是,
2026-05-26 05:57:43,1_1_0002,28,104,否,否,是,
2026-05-26 05:57:55,1_1_0001,28,104,否,否,是,
2026-05-26 05:58:28,1_1_0010,28,104,否,否,是,
2026-05-26 05:58:29,1_1_0008,28,104,否,否,是,
2026-05-26 05:58:34,1_1_0005,28,104,否,否,是,
2026-05-26 05:58:37,1_1_0009,28,104,否,否,是,
2026-05-26 05:58:45,1_1_0007,28,104,否,否,是,
2026-05-26 05:58:57,1_1_0003,28,104,否,否,是,
2026-05-26 05:59:06,1_1_0006,28,104,否,否,是,
2026-05-26 05:59:15,1_1_0004,28,104,否,否,是,
2026-05-26 05:59:29,1_1_0002,28,104,否,否,是,
2026-05-26 05:59:41,1_1_0001,28,104,否,否,是,
2026-05-26 06:00:12,1_1_0010,28,104,否,否,是,
2026-05-26 06:00:14,1_1_0008,28,104,否,否,是,
2026-05-26 06:00:19,1_1_0005,28,104,否,否,是,
2026-05-26 06:00:24,1_1_0009,28,104,否,否,是,
2026-05-26 06:00:30,1_1_0007,28,104,否,否,是,
2026-05-26 06:00:40,1_1_0003,28,104,否,否,是,
2026-05-26 06:00:51,1_1_0006,28,104,否,否,是,
2026-05-26 06:01:02,1_1_0004,28,104,否,否,是,
2026-05-26 06:01:14,1_1_0002,28,104,否,否,是,
2026-05-26 06:01:25,1_1_0001,28,104,否,否,是,
2026-05-26 06:01:57,1_1_0010,28,104,否,否,是,
2026-05-26 06:01:58,1_1_0008,28,104,否,否,是,
2026-05-26 06:02:05,1_1_0005,28,104,否,否,是,
2026-05-26 06:02:08,1_1_0009,28,104,否,否,是,
2026-05-26 06:02:13,1_1_0007,28,104,否,否,是,
2026-05-26 06:02:21,1_1_0003,28,104,否,否,是,
2026-05-26 06:02:31,1_1_0006,28,104,否,否,是,
2026-05-26 06:02:39,1_1_0004,28,104,否,否,是,
2026-05-26 06:02:53,1_1_0002,28,104,否,否,是,
2026-05-26 06:03:06,1_1_0001,28,104,否,否,是,
2026-05-26 06:03:38,1_1_0010,28,104,否,否,是,
2026-05-26 06:03:39,1_1_0008,28,104,否,否,是,
2026-05-26 06:03:45,1_1_0005,28,104,否,否,是,
2026-05-26 06:03:50,1_1_0009,28,104,否,否,是,
2026-05-26 06:03:56,1_1_0007,28,104,否,否,是,
2026-05-26 06:04:06,1_1_0003,28,104,否,否,是,
2026-05-26 06:04:14,1_1_0006,28,104,否,否,是,
2026-05-26 06:04:24,1_1_0004,28,104,否,否,是,
2026-05-26 06:04:37,1_1_0002,28,104,否,否,是,
2026-05-26 06:04:46,1_1_0001,28,104,否,否,是,
2026-05-26 06:05:18,1_1_0010,28,104,否,否,是,
2026-05-26 06:05:19,1_1_0008,28,104,否,否,是,
2026-05-26 06:05:24,1_1_0005,28,104,否,否,是,
2026-05-26 06:05:31,1_1_0009,28,104,否,否,是,
2026-05-26 06:05:38,1_1_0007,28,104,否,否,是,
2026-05-26 06:05:44,1_1_0003,28,104,否,否,是,
2026-05-26 06:05:53,1_1_0006,28,104,否,否,是,
2026-05-26 06:06:02,1_1_0004,28,104,否,否,是,
2026-05-26 06:06:15,1_1_0002,28,104,否,否,是,
2026-05-26 06:06:26,1_1_0001,28,104,否,否,是,
2026-05-26 06:06:58,1_1_0010,28,104,否,否,是,
2026-05-26 06:07:00,1_1_0008,28,104,否,否,是,
2026-05-26 06:07:05,1_1_0005,28,104,否,否,是,
2026-05-26 06:07:09,1_1_0009,28,104,否,否,是,
2026-05-26 06:07:16,1_1_0007,28,104,否,否,是,
2026-05-26 06:07:26,1_1_0003,28,104,否,否,是,
2026-05-26 06:07:36,1_1_0006,28,104,否,否,是,
2026-05-26 06:07:47,1_1_0004,28,104,否,否,是,
2026-05-26 06:08:01,1_1_0002,28,104,否,否,是,
2026-05-26 06:08:11,1_1_0001,28,104,否,否,是,
2026-05-26 06:08:42,1_1_0010,28,104,否,否,是,
2026-05-26 06:08:44,1_1_0008,28,104,否,否,是,
2026-05-26 06:08:49,1_1_0005,28,104,否,否,是,
2026-05-26 06:08:53,1_1_0009,28,104,否,否,是,
2026-05-26 06:09:02,1_1_0007,28,104,否,否,是,
2026-05-26 06:09:11,1_1_0003,28,104,否,否,是,
2026-05-26 06:09:23,1_1_0006,28,104,否,否,是,
2026-05-26 06:09:32,1_1_0004,28,104,否,否,是,
2026-05-26 06:09:52,1_1_0002,28,104,否,否,是,
2026-05-26 06:10:04,1_1_0001,28,104,否,否,是,
2026-05-26 06:10:35,1_1_0010,28,104,否,否,是,
2026-05-26 06:10:37,1_1_0008,28,104,否,否,是,
2026-05-26 06:10:43,1_1_0005,28,104,否,否,是,
2026-05-26 06:10:47,1_1_0009,28,104,否,否,是,
2026-05-26 06:10:54,1_1_0007,28,104,否,否,是,
2026-05-26 06:11:02,1_1_0003,28,104,否,否,是,
2026-05-26 06:11:10,1_1_0006,28,104,否,否,是,
2026-05-26 06:11:20,1_1_0004,28,104,否,否,是,
2026-05-26 06:11:33,1_1_0002,28,104,否,否,是,
2026-05-26 06:11:46,1_1_0001,28,104,否,否,是,
2026-05-26 06:12:18,1_1_0010,28,104,否,否,是,
2026-05-26 06:12:19,1_1_0008,28,104,否,否,是,
2026-05-26 06:12:26,1_1_0005,28,104,否,否,是,
2026-05-26 06:12:29,1_1_0009,28,104,否,否,是,
2026-05-26 06:12:36,1_1_0007,28,104,否,否,是,
2026-05-26 06:12:44,1_1_0003,28,104,否,否,是,
2026-05-26 06:12:52,1_1_0006,28,104,否,否,是,
2026-05-26 06:13:03,1_1_0004,28,104,否,否,是,
2026-05-26 06:13:17,1_1_0002,28,104,否,否,是,
2026-05-26 06:13:27,1_1_0001,28,104,否,否,是,
2026-05-26 06:13:59,1_1_0010,28,104,否,否,是,
2026-05-26 06:14:00,1_1_0008,28,104,否,否,是,
2026-05-26 06:14:05,1_1_0005,28,104,否,否,是,
2026-05-26 06:14:08,1_1_0009,28,104,否,否,是,
2026-05-26 06:14:15,1_1_0007,28,104,否,否,是,
2026-05-26 06:14:24,1_1_0003,28,104,否,否,是,
2026-05-26 06:14:34,1_1_0006,28,104,否,否,是,
2026-05-26 06:14:46,1_1_0004,28,104,否,否,是,
2026-05-26 06:15:00,1_1_0002,28,104,否,否,是,
2026-05-26 06:15:10,1_1_0001,28,104,否,否,是,
2026-05-26 06:15:43,1_1_0010,28,104,否,否,是,
2026-05-26 06:15:44,1_1_0008,28,104,否,否,是,
2026-05-26 06:15:50,1_1_0005,28,104,否,否,是,
2026-05-26 06:15:53,1_1_0009,28,104,否,否,是,
2026-05-26 06:15:59,1_1_0007,28,104,否,否,是,
2026-05-26 06:16:08,1_1_0003,28,104,否,否,是,
2026-05-26 06:16:17,1_1_0006,28,104,否,否,是,
2026-05-26 06:16:29,1_1_0004,28,104,否,否,是,
2026-05-26 06:16:40,1_1_0002,28,104,否,否,是,
2026-05-26 06:16:56,1_1_0001,28,104,否,否,是,
2026-05-26 06:17:27,1_1_0010,28,104,否,否,是,
2026-05-26 06:17:28,1_1_0008,28,104,否,否,是,
2026-05-26 06:17:36,1_1_0005,28,104,否,否,是,
2026-05-26 06:17:40,1_1_0009,28,104,否,否,是,
2026-05-26 06:17:45,1_1_0007,28,104,否,否,是,
2026-05-26 06:17:53,1_1_0003,28,104,否,否,是,
2026-05-26 06:18:01,1_1_0006,28,104,否,否,是,
2026-05-26 06:18:09,1_1_0004,28,104,否,否,是,
2026-05-26 06:18:23,1_1_0002,28,104,否,否,是,
2026-05-26 06:18:38,1_1_0001,28,104,否,否,是,
2026-05-26 06:19:10,1_1_0010,28,104,否,否,是,
2026-05-26 06:19:12,1_1_0008,28,104,否,否,是,
2026-05-26 06:19:16,1_1_0005,28,104,否,否,是,
2026-05-26 06:19:19,1_1_0009,28,104,否,否,是,
2026-05-26 06:19:29,1_1_0007,28,104,否,否,是,
2026-05-26 06:19:35,1_1_0003,28,104,否,否,是,
2026-05-26 06:19:46,1_1_0006,28,104,否,否,是,
2026-05-26 06:20:02,1_1_0004,28,104,否,否,是,
2026-05-26 06:20:15,1_1_0002,28,104,否,否,是,
2026-05-26 06:20:27,1_1_0001,28,104,否,否,是,
2026-05-26 06:21:00,1_1_0010,28,104,否,否,是,
2026-05-26 06:21:01,1_1_0008,28,104,否,否,是,
2026-05-26 06:21:06,1_1_0005,28,104,否,否,是,
2026-05-26 06:21:14,1_1_0009,28,104,否,否,是,
2026-05-26 06:21:21,1_1_0007,28,104,否,否,是,
2026-05-26 06:21:29,1_1_0003,28,104,否,否,是,
2026-05-26 06:21:38,1_1_0006,28,104,否,否,是,
2026-05-26 06:21:48,1_1_0004,28,104,否,否,是,
2026-05-26 06:22:04,1_1_0002,28,104,否,否,是,
2026-05-26 06:22:15,1_1_0001,28,104,否,否,是,
2026-05-26 06:22:48,1_1_0010,28,104,否,否,是,
2026-05-26 06:22:50,1_1_0008,28,104,否,否,是,
2026-05-26 06:22:56,1_1_0005,28,104,否,否,是,
2026-05-26 06:23:00,1_1_0009,28,104,否,否,是,
2026-05-26 06:23:06,1_1_0007,28,104,否,否,是,
2026-05-26 06:23:14,1_1_0003,28,104,否,否,是,
2026-05-26 06:23:24,1_1_0006,28,104,否,否,是,
2026-05-26 06:23:33,1_1_0004,28,104,否,否,是,
2026-05-26 06:23:44,1_1_0002,28,104,否,否,是,
2026-05-26 06:23:54,1_1_0001,28,104,否,否,是,
2026-05-26 06:24:26,1_1_0010,28,104,否,否,是,
2026-05-26 06:24:28,1_1_0008,28,104,否,否,是,
2026-05-26 06:24:33,1_1_0005,28,104,否,否,是,
2026-05-26 06:24:37,1_1_0009,28,104,否,否,是,
2026-05-26 06:24:42,1_1_0007,28,104,否,否,是,
2026-05-26 06:24:51,1_1_0003,28,104,否,否,是,
2026-05-26 06:25:02,1_1_0006,28,104,否,否,是,
2026-05-26 06:25:11,1_1_0004,28,104,否,否,是,
2026-05-26 06:25:23,1_1_0002,28,104,否,否,是,
2026-05-26 06:25:35,1_1_0001,28,104,否,否,是,
2026-05-26 06:26:07,1_1_0010,28,104,否,否,是,
2026-05-26 06:26:08,1_1_0008,28,104,否,否,是,
2026-05-26 06:26:14,1_1_0005,28,104,否,否,是,
2026-05-26 06:26:22,1_1_0009,28,104,否,否,是,
2026-05-26 06:26:28,1_1_0007,28,104,否,否,是,
2026-05-26 06:26:37,1_1_0003,28,104,否,否,是,
2026-05-26 06:26:47,1_1_0006,28,104,否,否,是,
2026-05-26 06:26:58,1_1_0004,28,104,否,否,是,
2026-05-26 06:27:13,1_1_0002,28,104,否,否,是,
2026-05-26 06:27:24,1_1_0001,28,104,否,否,是,
2026-05-26 06:27:56,1_1_0010,28,104,否,否,是,
2026-05-26 06:27:57,1_1_0008,28,104,否,否,是,
2026-05-26 06:28:03,1_1_0005,28,104,否,否,是,
2026-05-26 06:28:06,1_1_0009,28,104,否,否,是,
2026-05-26 06:28:15,1_1_0007,28,104,否,否,是,
2026-05-26 06:28:24,1_1_0003,28,104,否,否,是,
2026-05-26 06:28:33,1_1_0006,28,104,否,否,是,
2026-05-26 06:28:43,1_1_0004,28,104,否,否,是,
2026-05-26 06:28:54,1_1_0002,28,104,否,否,是,
2026-05-26 06:29:09,1_1_0001,28,104,否,否,是,
2026-05-26 06:29:41,1_1_0010,28,104,否,否,是,
2026-05-26 06:29:43,1_1_0008,28,104,否,否,是,
2026-05-26 06:29:50,1_1_0005,28,104,否,否,是,
2026-05-26 06:29:57,1_1_0009,28,104,否,否,是,
2026-05-26 06:30:04,1_1_0007,28,104,否,否,是,
2026-05-26 06:30:12,1_1_0003,28,104,否,否,是,
2026-05-26 06:30:22,1_1_0006,28,104,否,否,是,
2026-05-26 06:30:36,1_1_0004,28,104,否,否,是,
2026-05-26 06:30:50,1_1_0002,28,104,否,否,是,
2026-05-26 06:31:00,1_1_0001,28,104,否,否,是,
2026-05-26 06:31:33,1_1_0010,28,104,否,否,是,
2026-05-26 06:31:34,1_1_0008,28,104,否,否,是,
2026-05-26 06:31:41,1_1_0005,28,104,否,否,是,
2026-05-26 06:31:44,1_1_0009,28,104,否,否,是,
2026-05-26 06:31:51,1_1_0007,28,104,否,否,是,
2026-05-26 06:32:00,1_1_0003,28,104,否,否,是,
2026-05-26 06:32:09,1_1_0006,28,104,否,否,是,
2026-05-26 06:32:18,1_1_0004,28,104,否,否,是,
2026-05-26 06:32:35,1_1_0002,28,104,否,否,是,
2026-05-26 06:32:46,1_1_0001,28,104,否,否,是,
2026-05-26 06:33:18,1_1_0010,28,104,否,否,是,
2026-05-26 06:33:20,1_1_0008,28,104,否,否,是,
2026-05-26 06:33:25,1_1_0005,28,104,否,否,是,
2026-05-26 06:33:28,1_1_0009,28,104,否,否,是,
2026-05-26 06:33:33,1_1_0007,28,104,否,否,是,
2026-05-26 06:33:40,1_1_0003,28,104,否,否,是,
2026-05-26 06:33:54,1_1_0006,28,104,否,否,是,
2026-05-26 06:34:03,1_1_0004,28,104,否,否,是,
2026-05-26 06:34:17,1_1_0002,28,104,否,否,是,
2026-05-26 06:34:29,1_1_0001,28,104,否,否,是,
2026-05-26 06:35:01,1_1_0010,28,104,否,否,是,
2026-05-26 06:35:02,1_1_0008,28,104,否,否,是,
2026-05-26 06:35:08,1_1_0005,28,104,否,否,是,
2026-05-26 06:35:12,1_1_0009,28,104,否,否,是,
2026-05-26 06:35:19,1_1_0007,28,104,否,否,是,
2026-05-26 06:35:28,1_1_0003,28,104,否,否,是,
2026-05-26 06:35:41,1_1_0006,28,104,否,否,是,
2026-05-26 06:35:53,1_1_0004,28,104,否,否,是,
2026-05-26 06:36:07,1_1_0002,28,104,否,否,是,
2026-05-26 06:36:20,1_1_0001,28,104,否,否,是,
2026-05-26 06:36:52,1_1_0010,28,104,否,否,是,
2026-05-26 06:36:53,1_1_0008,28,104,否,否,是,
2026-05-26 06:36:58,1_1_0005,28,104,否,否,是,
2026-05-26 06:37:05,1_1_0009,28,104,否,否,是,
2026-05-26 06:37:11,1_1_0007,28,104,否,否,是,
2026-05-26 06:37:25,1_1_0003,28,104,否,否,是,
2026-05-26 06:37:33,1_1_0006,28,104,否,否,是,
2026-05-26 06:37:42,1_1_0004,28,104,否,否,是,
2026-05-26 06:37:58,1_1_0002,28,104,否,否,是,
2026-05-26 06:38:11,1_1_0001,28,104,否,否,是,
2026-05-26 06:38:43,1_1_0010,28,104,否,否,是,
2026-05-26 06:38:44,1_1_0008,28,104,否,否,是,
2026-05-26 06:38:50,1_1_0005,28,104,否,否,是,
2026-05-26 06:38:54,1_1_0009,28,104,否,否,是,
2026-05-26 06:39:02,1_1_0007,28,104,否,否,是,
2026-05-26 06:39:09,1_1_0003,28,104,否,否,是,
2026-05-26 06:39:18,1_1_0006,28,104,否,否,是,
2026-05-26 06:39:26,1_1_0004,28,104,否,否,是,
2026-05-26 06:39:40,1_1_0002,28,104,否,否,是,
2026-05-26 06:39:55,1_1_0001,28,104,否,否,是,
2026-05-26 06:40:27,1_1_0010,28,104,否,否,是,
2026-05-26 06:40:28,1_1_0008,28,104,否,否,是,
2026-05-26 06:40:34,1_1_0005,28,104,否,否,是,
2026-05-26 06:40:37,1_1_0009,28,104,否,否,是,
2026-05-26 06:40:44,1_1_0007,28,104,否,否,是,
2026-05-26 06:40:51,1_1_0003,28,104,否,否,是,
2026-05-26 06:41:00,1_1_0006,28,104,否,否,是,
2026-05-26 06:41:14,1_1_0004,28,104,否,否,是,
2026-05-26 06:41:31,1_1_0002,28,104,否,否,是,
2026-05-26 06:41:47,1_1_0001,28,104,否,否,是,
2026-05-26 06:42:20,1_1_0010,28,104,否,否,是,
2026-05-26 06:42:21,1_1_0008,28,104,否,否,是,
2026-05-26 06:42:28,1_1_0005,28,104,否,否,是,
2026-05-26 06:42:33,1_1_0009,28,104,否,否,是,
2026-05-26 06:42:37,1_1_0007,28,104,否,否,是,
2026-05-26 06:42:48,1_1_0003,28,104,否,否,是,
2026-05-26 06:42:56,1_1_0006,28,104,否,否,是,
2026-05-26 06:43:05,1_1_0004,28,104,否,否,是,
2026-05-26 06:43:18,1_1_0002,28,104,否,否,是,
2026-05-26 06:43:30,1_1_0001,28,104,否,否,是,
2026-05-26 06:44:02,1_1_0010,28,104,否,否,是,
2026-05-26 06:44:03,1_1_0008,28,104,否,否,是,
2026-05-26 06:44:07,1_1_0005,28,104,否,否,是,
2026-05-26 06:44:13,1_1_0009,28,104,否,否,是,
2026-05-26 06:44:21,1_1_0007,28,104,否,否,是,
2026-05-26 06:44:30,1_1_0003,28,104,否,否,是,
2026-05-26 06:44:39,1_1_0006,28,104,否,否,是,
2026-05-26 06:44:51,1_1_0004,28,104,否,否,是,
2026-05-26 06:45:02,1_1_0002,28,104,否,否,是,
2026-05-26 06:45:13,1_1_0001,28,104,否,否,是,
2026-05-26 06:45:46,1_1_0010,28,104,否,否,是,
2026-05-26 06:45:47,1_1_0008,28,104,否,否,是,
2026-05-26 06:45:51,1_1_0005,28,104,否,否,是,
2026-05-26 06:45:57,1_1_0009,28,104,否,否,是,
2026-05-26 06:46:09,1_1_0007,28,104,否,否,是,
2026-05-26 06:46:17,1_1_0003,28,104,否,否,是,
2026-05-26 06:46:28,1_1_0006,28,104,否,否,是,
2026-05-26 06:46:38,1_1_0004,28,104,否,否,是,
2026-05-26 06:46:50,1_1_0002,28,104,否,否,是,
2026-05-26 06:47:03,1_1_0001,28,104,否,否,是,
2026-05-26 06:47:35,1_1_0010,28,104,否,否,是,
2026-05-26 06:47:36,1_1_0008,28,104,否,否,是,
2026-05-26 06:47:41,1_1_0005,28,104,否,否,是,
2026-05-26 06:47:46,1_1_0009,28,104,否,否,是,
2026-05-26 06:47:52,1_1_0007,28,104,否,否,是,
2026-05-26 06:48:02,1_1_0003,28,104,否,否,是,
2026-05-26 06:48:13,1_1_0006,28,104,否,否,是,
2026-05-26 06:48:22,1_1_0004,28,104,否,否,是,
2026-05-26 06:48:37,1_1_0002,28,104,否,否,是,
2026-05-26 06:48:46,1_1_0001,28,104,否,否,是,
2026-05-26 06:49:19,1_1_0010,28,104,否,否,是,
2026-05-26 06:49:20,1_1_0008,28,104,否,否,是,
2026-05-26 06:49:28,1_1_0005,28,104,否,否,是,
2026-05-26 06:49:35,1_1_0009,28,104,否,否,是,
2026-05-26 06:49:41,1_1_0007,28,104,否,否,是,
2026-05-26 06:49:51,1_1_0003,28,104,否,否,是,
2026-05-26 06:50:00,1_1_0006,28,104,否,否,是,
2026-05-26 06:50:12,1_1_0004,28,104,否,否,是,
2026-05-26 06:50:28,1_1_0002,28,104,否,否,是,
2026-05-26 06:50:40,1_1_0001,28,104,否,否,是,
2026-05-26 06:51:12,1_1_0010,28,104,否,否,是,
2026-05-26 06:51:14,1_1_0008,28,104,否,否,是,
2026-05-26 06:51:19,1_1_0005,28,104,否,否,是,
2026-05-26 06:51:26,1_1_0009,28,104,否,否,是,
2026-05-26 06:51:32,1_1_0007,28,104,否,否,是,
2026-05-26 06:51:44,1_1_0003,28,104,否,否,是,
2026-05-26 06:51:55,1_1_0006,28,104,否,否,是,
2026-05-26 06:52:09,1_1_0004,28,104,否,否,是,
2026-05-26 06:52:20,1_1_0002,28,104,否,否,是,
2026-05-26 06:52:31,1_1_0001,28,104,否,否,是,
2026-05-26 06:53:03,1_1_0010,28,104,否,否,是,
2026-05-26 06:53:04,1_1_0008,28,104,否,否,是,
2026-05-26 06:53:12,1_1_0005,28,104,否,否,是,
2026-05-26 06:53:17,1_1_0009,28,104,否,否,是,
2026-05-26 06:53:25,1_1_0007,28,104,否,否,是,
2026-05-26 06:53:31,1_1_0003,28,104,否,否,是,
2026-05-26 06:53:42,1_1_0006,28,104,否,否,是,
2026-05-26 06:53:51,1_1_0004,28,104,否,否,是,
2026-05-26 06:54:02,1_1_0002,28,104,否,否,是,
2026-05-26 06:54:15,1_1_0001,28,104,否,否,是,
2026-05-26 06:54:47,1_1_0010,28,104,否,否,是,
2026-05-26 06:54:48,1_1_0008,28,104,否,否,是,
2026-05-26 06:54:53,1_1_0005,28,104,否,否,是,
2026-05-26 06:54:56,1_1_0009,28,104,否,否,是,
2026-05-26 06:55:03,1_1_0007,28,104,否,否,是,
2026-05-26 06:55:13,1_1_0003,28,104,否,否,是,
2026-05-26 06:55:21,1_1_0006,28,104,否,否,是,
2026-05-26 06:55:31,1_1_0004,28,104,否,否,是,
2026-05-26 06:55:45,1_1_0002,28,104,否,否,是,
2026-05-26 06:55:57,1_1_0001,28,104,否,否,是,
2026-05-26 06:56:28,1_1_0010,28,104,否,否,是,
2026-05-26 06:56:29,1_1_0008,28,104,否,否,是,
2026-05-26 06:56:36,1_1_0005,28,104,否,否,是,
2026-05-26 06:56:39,1_1_0009,28,104,否,否,是,
2026-05-26 06:56:45,1_1_0007,28,104,否,否,是,
2026-05-26 06:56:52,1_1_0003,28,104,否,否,是,
2026-05-26 06:57:04,1_1_0006,28,104,否,否,是,
2026-05-26 06:57:13,1_1_0004,28,104,否,否,是,
2026-05-26 06:57:26,1_1_0002,28,104,否,否,是,
2026-05-26 06:57:39,1_1_0001,28,104,否,否,是,
2026-05-26 06:58:11,1_1_0010,28,104,否,否,是,
2026-05-26 06:58:12,1_1_0008,28,104,否,否,是,
2026-05-26 06:58:18,1_1_0005,28,104,否,否,是,
2026-05-26 06:58:22,1_1_0009,28,104,否,否,是,
2026-05-26 06:58:29,1_1_0007,28,104,否,否,是,
2026-05-26 06:58:37,1_1_0003,28,104,否,否,是,
2026-05-26 06:58:48,1_1_0006,28,104,否,否,是,
2026-05-26 06:58:58,1_1_0004,28,104,否,否,是,
2026-05-26 06:59:11,1_1_0002,28,104,否,否,是,
2026-05-26 06:59:23,1_1_0001,28,104,否,否,是,
2026-05-26 06:59:55,1_1_0010,28,104,否,否,是,
2026-05-26 06:59:57,1_1_0008,28,104,否,否,是,
2026-05-26 07:00:03,1_1_0005,28,104,否,否,是,
2026-05-26 07:00:07,1_1_0009,28,104,否,否,是,
2026-05-26 07:00:13,1_1_0007,28,104,否,否,是,
2026-05-26 07:00:22,1_1_0003,28,104,否,否,是,
2026-05-26 07:00:32,1_1_0006,28,104,否,否,是,
2026-05-26 07:00:45,1_1_0004,28,104,否,否,是,
2026-05-26 07:01:01,1_1_0002,28,104,否,否,是,
2026-05-26 07:01:13,1_1_0001,28,104,否,否,是,
2026-05-26 07:01:45,1_1_0010,28,104,否,否,是,
2026-05-26 07:01:47,1_1_0008,28,104,否,否,是,
2026-05-26 07:01:55,1_1_0005,28,104,否,否,是,
2026-05-26 07:01:59,1_1_0009,28,104,否,否,是,
2026-05-26 07:02:05,1_1_0007,28,104,否,否,是,
2026-05-26 07:02:12,1_1_0003,28,104,否,否,是,
2026-05-26 07:02:21,1_1_0006,28,104,否,否,是,
2026-05-26 07:02:32,1_1_0004,28,104,否,否,是,
2026-05-26 07:02:44,1_1_0002,28,104,否,否,是,
2026-05-26 07:02:57,1_1_0001,28,104,否,否,是,
2026-05-26 07:03:28,1_1_0010,28,104,否,否,是,
2026-05-26 07:03:30,1_1_0008,28,104,否,否,是,
2026-05-26 07:03:35,1_1_0005,28,104,否,否,是,
2026-05-26 07:03:39,1_1_0009,28,104,否,否,是,
2026-05-26 07:03:46,1_1_0007,28,104,否,否,是,
2026-05-26 07:03:57,1_1_0003,28,104,否,否,是,
2026-05-26 07:04:06,1_1_0006,28,104,否,否,是,
2026-05-26 07:04:19,1_1_0004,28,104,否,否,是,
2026-05-26 07:04:31,1_1_0002,28,104,否,否,是,
2026-05-26 07:04:45,1_1_0001,28,104,否,否,是,
2026-05-26 07:05:17,1_1_0010,28,104,否,否,是,
2026-05-26 07:05:19,1_1_0008,28,104,否,否,是,
2026-05-26 07:05:26,1_1_0005,28,104,否,否,是,
2026-05-26 07:05:34,1_1_0009,28,104,否,否,是,
2026-05-26 07:05:41,1_1_0007,28,104,否,否,是,
2026-05-26 07:05:49,1_1_0003,28,104,否,否,是,
2026-05-26 07:06:01,1_1_0006,28,104,否,否,是,
2026-05-26 07:06:12,1_1_0004,28,104,否,否,是,
2026-05-26 07:06:24,1_1_0002,28,104,否,否,是,
2026-05-26 07:06:36,1_1_0001,28,104,否,否,是,
2026-05-26 07:07:08,1_1_0010,28,104,否,否,是,
2026-05-26 07:07:10,1_1_0008,28,104,否,否,是,
2026-05-26 07:07:17,1_1_0005,28,104,否,否,是,
2026-05-26 07:07:20,1_1_0009,28,104,否,否,是,
2026-05-26 07:07:25,1_1_0007,28,104,否,否,是,
2026-05-26 07:07:33,1_1_0003,28,104,否,否,是,
2026-05-26 07:07:43,1_1_0006,28,104,否,否,是,
2026-05-26 07:07:54,1_1_0004,28,104,否,否,是,
2026-05-26 07:08:07,1_1_0002,28,104,否,否,是,
2026-05-26 07:08:16,1_1_0001,28,104,否,否,是,
2026-05-26 07:08:49,1_1_0010,28,104,否,否,是,
2026-05-26 07:08:50,1_1_0008,28,104,否,否,是,
2026-05-26 07:08:59,1_1_0005,28,104,否,否,是,
2026-05-26 07:09:03,1_1_0009,28,104,否,否,是,
2026-05-26 07:09:08,1_1_0007,28,104,否,否,是,
2026-05-26 07:09:14,1_1_0003,28,104,否,否,是,
2026-05-26 07:09:22,1_1_0006,28,104,否,否,是,
2026-05-26 07:09:34,1_1_0004,28,104,否,否,是,
2026-05-26 07:09:48,1_1_0002,28,104,否,否,是,
2026-05-26 07:10:00,1_1_0001,28,104,否,否,是,
2026-05-26 07:10:33,1_1_0010,28,104,否,否,是,
2026-05-26 07:10:34,1_1_0008,28,104,否,否,是,
2026-05-26 07:10:42,1_1_0005,28,104,否,否,是,
2026-05-26 07:10:47,1_1_0009,28,104,否,否,是,
2026-05-26 07:10:53,1_1_0007,28,104,否,否,是,
2026-05-26 07:11:00,1_1_0003,28,104,否,否,是,
2026-05-26 07:11:07,1_1_0006,28,104,否,否,是,
2026-05-26 07:11:24,1_1_0004,28,104,否,否,是,
2026-05-26 07:11:36,1_1_0002,28,104,否,否,是,
2026-05-26 07:11:47,1_1_0001,28,104,否,否,是,
2026-05-26 07:12:20,1_1_0010,28,104,否,否,是,
2026-05-26 07:12:21,1_1_0008,28,104,否,否,是,
2026-05-26 07:12:26,1_1_0005,28,104,否,否,是,
2026-05-26 07:12:34,1_1_0009,28,104,否,否,是,
2026-05-26 07:12:39,1_1_0007,28,104,否,否,是,
2026-05-26 07:12:49,1_1_0003,28,104,否,否,是,
2026-05-26 07:13:00,1_1_0006,28,104,否,否,是,
2026-05-26 07:13:10,1_1_0004,28,104,否,否,是,
2026-05-26 07:13:21,1_1_0002,28,104,否,否,是,
2026-05-26 07:13:33,1_1_0001,28,104,否,否,是,
2026-05-26 07:14:05,1_1_0010,28,104,否,否,是,
2026-05-26 07:14:07,1_1_0008,28,104,否,否,是,
2026-05-26 07:14:11,1_1_0005,28,104,否,否,是,
2026-05-26 07:14:16,1_1_0009,28,104,否,否,是,
2026-05-26 07:14:26,1_1_0007,28,104,否,否,是,
2026-05-26 07:14:34,1_1_0003,28,104,否,否,是,
2026-05-26 07:14:46,1_1_0006,28,104,否,否,是,
2026-05-26 07:14:56,1_1_0004,28,104,否,否,是,
2026-05-26 07:15:07,1_1_0002,28,104,否,否,是,
2026-05-26 07:15:19,1_1_0001,28,104,否,否,是,
2026-05-26 07:15:52,1_1_0010,28,104,否,否,是,
2026-05-26 07:15:53,1_1_0008,28,104,否,否,是,
2026-05-26 07:15:57,1_1_0005,28,104,否,否,是,
2026-05-26 07:16:00,1_1_0009,28,104,否,否,是,
2026-05-26 07:16:08,1_1_0007,28,104,否,否,是,
2026-05-26 07:16:14,1_1_0003,28,104,否,否,是,
2026-05-26 07:16:22,1_1_0006,28,104,否,否,是,
2026-05-26 07:16:37,1_1_0004,28,104,否,否,是,
2026-05-26 07:16:53,1_1_0002,28,104,否,否,是,
2026-05-26 07:17:05,1_1_0001,28,104,否,否,是,
2026-05-26 07:17:37,1_1_0010,28,104,否,否,是,
2026-05-26 07:17:38,1_1_0008,28,104,否,否,是,
2026-05-26 07:17:45,1_1_0005,28,104,否,否,是,
2026-05-26 07:17:52,1_1_0009,28,104,否,否,是,
2026-05-26 07:18:03,1_1_0007,28,104,否,否,是,
2026-05-26 07:18:12,1_1_0003,28,104,否,否,是,
2026-05-26 07:18:23,1_1_0006,28,104,否,否,是,
2026-05-26 07:18:31,1_1_0004,28,104,否,否,是,
2026-05-26 07:18:43,1_1_0002,28,104,否,否,是,
2026-05-26 07:18:56,1_1_0001,28,104,否,否,是,
2026-05-26 07:19:28,1_1_0010,28,104,否,否,是,
2026-05-26 07:19:30,1_1_0008,28,104,否,否,是,
2026-05-26 07:19:35,1_1_0005,28,104,否,否,是,
2026-05-26 07:19:38,1_1_0009,28,104,否,否,是,
2026-05-26 07:19:44,1_1_0007,28,104,否,否,是,
2026-05-26 07:19:51,1_1_0003,28,104,否,否,是,
2026-05-26 07:20:00,1_1_0006,28,104,否,否,是,
2026-05-26 07:20:11,1_1_0004,28,104,否,否,是,
2026-05-26 07:20:26,1_1_0002,28,104,否,否,是,
2026-05-26 07:20:34,1_1_0001,28,104,否,否,是,
2026-05-26 07:21:06,1_1_0010,28,104,否,否,是,
2026-05-26 07:21:07,1_1_0008,28,104,否,否,是,
2026-05-26 07:21:13,1_1_0005,28,104,否,否,是,
2026-05-26 07:21:21,1_1_0009,28,104,否,否,是,
2026-05-26 07:21:26,1_1_0007,28,104,否,否,是,
2026-05-26 07:21:36,1_1_0003,28,104,否,否,是,
2026-05-26 07:21:46,1_1_0006,28,104,否,否,是,
2026-05-26 07:21:57,1_1_0004,28,104,否,否,是,
2026-05-26 07:22:11,1_1_0002,28,104,否,否,是,
2026-05-26 07:22:27,1_1_0001,28,104,否,否,是,
2026-05-26 07:22:58,1_1_0010,28,104,否,否,是,
2026-05-26 07:22:59,1_1_0008,28,104,否,否,是,
2026-05-26 07:23:05,1_1_0005,28,104,否,否,是,
2026-05-26 07:23:09,1_1_0009,28,104,否,否,是,
2026-05-26 07:23:16,1_1_0007,28,104,否,否,是,
2026-05-26 07:23:23,1_1_0003,28,104,否,否,是,
2026-05-26 07:23:36,1_1_0006,28,104,否,否,是,
2026-05-26 07:23:50,1_1_0004,28,104,否,否,是,
2026-05-26 07:24:02,1_1_0002,28,104,否,否,是,
2026-05-26 07:24:13,1_1_0001,28,104,否,否,是,
2026-05-26 07:24:45,1_1_0010,28,104,否,否,是,
2026-05-26 07:24:46,1_1_0008,28,104,否,否,是,
2026-05-26 07:24:52,1_1_0005,28,104,否,否,是,
2026-05-26 07:24:57,1_1_0009,28,104,否,否,是,
2026-05-26 07:25:05,1_1_0007,28,104,否,否,是,
2026-05-26 07:25:17,1_1_0003,28,104,否,否,是,
2026-05-26 07:25:26,1_1_0006,28,104,否,否,是,
2026-05-26 07:25:36,1_1_0004,28,104,否,否,是,
2026-05-26 07:25:48,1_1_0002,28,104,否,否,是,
2026-05-26 07:26:01,1_1_0001,28,104,否,否,是,
2026-05-26 07:26:34,1_1_0010,28,104,否,否,是,
2026-05-26 07:26:35,1_1_0008,28,104,否,否,是,
2026-05-26 07:26:41,1_1_0005,28,104,否,否,是,
2026-05-26 07:26:45,1_1_0009,28,104,否,否,是,
2026-05-26 07:26:52,1_1_0007,28,104,否,否,是,
2026-05-26 07:27:01,1_1_0003,28,104,否,否,是,
2026-05-26 07:27:13,1_1_0006,28,104,否,否,是,
2026-05-26 07:27:25,1_1_0004,28,104,否,否,是,
2026-05-26 07:27:43,1_1_0002,28,104,否,否,是,
2026-05-26 07:27:56,1_1_0001,28,104,否,否,是,
2026-05-26 07:28:32,1_1_0010,28,104,否,否,是,
2026-05-26 07:28:33,1_1_0008,28,104,否,否,是,
2026-05-26 07:28:38,1_1_0005,28,104,否,否,是,
2026-05-26 07:28:41,1_1_0009,28,104,否,否,是,
2026-05-26 07:28:49,1_1_0007,28,104,否,否,是,
2026-05-26 07:28:56,1_1_0003,28,104,否,否,是,
2026-05-26 07:29:07,1_1_0006,28,104,否,否,是,
2026-05-26 07:29:20,1_1_0004,28,104,否,否,是,
2026-05-26 07:29:31,1_1_0002,28,104,否,否,是,
2026-05-26 07:29:42,1_1_0001,28,104,否,否,是,
2026-05-26 07:30:14,1_1_0010,28,104,否,否,是,
2026-05-26 07:30:15,1_1_0008,28,104,否,否,是,
2026-05-26 07:30:21,1_1_0005,28,104,否,否,是,
2026-05-26 07:30:24,1_1_0009,28,104,否,否,是,
2026-05-26 07:30:29,1_1_0007,28,104,否,否,是,
2026-05-26 07:30:36,1_1_0003,28,104,否,否,是,
2026-05-26 07:30:44,1_1_0006,28,104,否,否,是,
2026-05-26 07:30:59,1_1_0004,28,104,否,否,是,
2026-05-26 07:31:12,1_1_0002,28,104,否,否,是,
2026-05-26 07:31:23,1_1_0001,28,104,否,否,是,
2026-05-26 07:31:55,1_1_0010,28,104,否,否,是,
2026-05-26 07:31:56,1_1_0008,28,104,否,否,是,
2026-05-26 07:32:02,1_1_0005,28,104,否,否,是,
2026-05-26 07:32:06,1_1_0009,28,104,否,否,是,
2026-05-26 07:32:13,1_1_0007,28,104,否,否,是,
2026-05-26 07:32:23,1_1_0003,28,104,否,否,是,
2026-05-26 07:32:33,1_1_0006,28,104,否,否,是,
2026-05-26 07:32:45,1_1_0004,28,104,否,否,是,
2026-05-26 07:33:00,1_1_0002,28,104,否,否,是,
2026-05-26 07:33:13,1_1_0001,28,104,否,否,是,
2026-05-26 07:33:45,1_1_0010,28,104,否,否,是,
2026-05-26 07:33:46,1_1_0008,28,104,否,否,是,
2026-05-26 07:33:54,1_1_0005,28,104,否,否,是,
2026-05-26 07:34:01,1_1_0009,28,104,否,否,是,
2026-05-26 07:34:06,1_1_0007,28,104,否,否,是,
2026-05-26 07:34:16,1_1_0003,28,104,否,否,是,
2026-05-26 07:34:28,1_1_0006,28,104,否,否,是,
2026-05-26 07:34:36,1_1_0004,28,104,否,否,是,
2026-05-26 07:34:48,1_1_0002,28,104,否,否,是,
2026-05-26 07:35:01,1_1_0001,28,104,否,否,是,
2026-05-26 07:35:33,1_1_0010,28,104,否,否,是,
2026-05-26 07:35:34,1_1_0008,28,104,否,否,是,
2026-05-26 07:35:42,1_1_0005,28,104,否,否,是,
2026-05-26 07:35:47,1_1_0009,28,104,否,否,是,
2026-05-26 07:35:52,1_1_0007,28,104,否,否,是,
2026-05-26 07:36:02,1_1_0003,28,104,否,否,是,
2026-05-26 07:36:12,1_1_0006,28,104,否,否,是,
2026-05-26 07:36:24,1_1_0004,28,104,否,否,是,
2026-05-26 07:36:39,1_1_0002,28,104,否,否,是,
2026-05-26 07:36:51,1_1_0001,28,104,否,否,是,
2026-05-26 07:37:24,1_1_0010,28,104,否,否,是,
2026-05-26 07:37:25,1_1_0008,28,104,否,否,是,
2026-05-26 07:37:31,1_1_0005,28,104,否,否,是,
2026-05-26 07:37:37,1_1_0009,28,104,否,否,是,
2026-05-26 07:37:43,1_1_0007,28,104,否,否,是,
2026-05-26 07:37:54,1_1_0003,28,104,否,否,是,
2026-05-26 07:38:10,1_1_0006,28,104,否,否,是,
2026-05-26 07:38:23,1_1_0004,28,104,否,否,是,
2026-05-26 07:38:36,1_1_0002,28,104,否,否,是,
2026-05-26 07:38:50,1_1_0001,28,104,否,否,是,
2026-05-26 07:39:23,1_1_0010,28,104,否,否,是,
2026-05-26 07:39:24,1_1_0008,28,104,否,否,是,
2026-05-26 07:39:31,1_1_0005,28,104,否,否,是,
2026-05-26 07:39:40,1_1_0009,28,104,否,否,是,
2026-05-26 07:39:47,1_1_0007,28,104,否,否,是,
2026-05-26 07:39:57,1_1_0003,28,104,否,否,是,
2026-05-26 07:40:07,1_1_0006,28,104,否,否,是,
2026-05-26 07:40:27,1_1_0004,0,0,否,否,否,2
2026-05-26 07:40:37,1_1_0002,28,104,否,否,是,
2026-05-26 07:40:51,1_1_0001,28,104,否,否,是,
2026-05-26 07:41:24,1_1_0010,28,104,否,否,是,
2026-05-26 07:41:25,1_1_0008,28,104,否,否,是,
2026-05-26 07:41:29,1_1_0005,28,104,否,否,是,
2026-05-26 07:41:36,1_1_0009,28,104,否,否,是,
2026-05-26 07:41:42,1_1_0007,28,104,否,否,是,
2026-05-26 07:41:50,1_1_0003,28,104,否,否,是,
2026-05-26 07:42:00,1_1_0006,28,104,否,否,是,
2026-05-26 07:42:10,1_1_0004,28,104,否,否,是,
2026-05-26 07:42:21,1_1_0002,28,104,否,否,是,
2026-05-26 07:42:35,1_1_0001,28,104,否,否,是,
2026-05-26 07:43:08,1_1_0010,28,104,否,否,是,
2026-05-26 07:43:09,1_1_0008,28,104,否,否,是,
2026-05-26 07:43:14,1_1_0005,28,104,否,否,是,
2026-05-26 07:43:18,1_1_0009,28,104,否,否,是,
2026-05-26 07:43:22,1_1_0007,28,104,否,否,是,
2026-05-26 07:43:31,1_1_0003,28,104,否,否,是,
2026-05-26 07:43:44,1_1_0006,28,104,否,否,是,
2026-05-26 07:43:53,1_1_0004,28,104,否,否,是,
2026-05-26 07:44:05,1_1_0002,28,104,否,否,是,
2026-05-26 07:44:17,1_1_0001,28,104,否,否,是,
2026-05-26 07:44:49,1_1_0010,28,104,否,否,是,
2026-05-26 07:44:50,1_1_0008,28,104,否,否,是,
2026-05-26 07:44:54,1_1_0005,28,104,否,否,是,
2026-05-26 07:44:58,1_1_0009,28,104,否,否,是,
2026-05-26 07:45:05,1_1_0007,28,104,否,否,是,
2026-05-26 07:45:14,1_1_0003,28,104,否,否,是,
2026-05-26 07:45:24,1_1_0006,28,104,否,否,是,
2026-05-26 07:45:36,1_1_0004,28,104,否,否,是,
2026-05-26 07:45:48,1_1_0002,28,104,否,否,是,
2026-05-26 07:46:01,1_1_0001,28,104,否,否,是,
2026-05-26 07:46:33,1_1_0010,28,104,否,否,是,
2026-05-26 07:46:34,1_1_0008,28,104,否,否,是,
2026-05-26 07:46:42,1_1_0005,28,104,否,否,是,
2026-05-26 07:46:48,1_1_0009,28,104,否,否,是,
2026-05-26 07:46:54,1_1_0007,28,104,否,否,是,
2026-05-26 07:47:03,1_1_0003,28,104,否,否,是,
2026-05-26 07:47:10,1_1_0006,28,104,否,否,是,
2026-05-26 07:47:20,1_1_0004,28,104,否,否,是,
2026-05-26 07:47:34,1_1_0002,28,104,否,否,是,
2026-05-26 07:47:47,1_1_0001,28,104,否,否,是,
2026-05-26 07:48:19,1_1_0010,28,104,否,否,是,
2026-05-26 07:48:20,1_1_0008,28,104,否,否,是,
2026-05-26 07:48:26,1_1_0005,28,104,否,否,是,
2026-05-26 07:48:30,1_1_0009,28,104,否,否,是,
2026-05-26 07:48:39,1_1_0007,28,104,否,否,是,
2026-05-26 07:48:51,1_1_0003,28,104,否,否,是,
2026-05-26 07:49:03,1_1_0006,28,104,否,否,是,
2026-05-26 07:49:12,1_1_0004,28,104,否,否,是,
2026-05-26 07:49:25,1_1_0002,28,104,否,否,是,
2026-05-26 07:49:36,1_1_0001,28,104,否,否,是,
2026-05-26 07:50:08,1_1_0010,28,104,否,否,是,
2026-05-26 07:50:09,1_1_0008,28,104,否,否,是,
2026-05-26 07:50:14,1_1_0005,28,104,否,否,是,
2026-05-26 07:50:18,1_1_0009,28,104,否,否,是,
2026-05-26 07:50:26,1_1_0007,28,104,否,否,是,
2026-05-26 07:50:33,1_1_0003,28,104,否,否,是,
2026-05-26 07:50:44,1_1_0006,28,104,否,否,是,
2026-05-26 07:50:57,1_1_0004,28,104,否,否,是,
2026-05-26 07:51:08,1_1_0002,28,104,否,否,是,
2026-05-26 07:51:20,1_1_0001,28,104,否,否,是,
2026-05-26 07:51:53,1_1_0010,28,104,否,否,是,
2026-05-26 07:51:54,1_1_0008,28,104,否,否,是,
2026-05-26 07:51:59,1_1_0005,28,104,否,否,是,
2026-05-26 07:52:03,1_1_0009,28,104,否,否,是,
2026-05-26 07:52:10,1_1_0007,28,104,否,否,是,
2026-05-26 07:52:18,1_1_0003,28,104,否,否,是,
2026-05-26 07:52:29,1_1_0006,28,104,否,否,是,
2026-05-26 07:52:41,1_1_0004,28,104,否,否,是,
2026-05-26 07:52:59,1_1_0002,28,104,否,否,是,
2026-05-26 07:53:09,1_1_0001,28,104,否,否,是,
2026-05-26 07:53:41,1_1_0010,28,104,否,否,是,
2026-05-26 07:53:43,1_1_0008,28,104,否,否,是,
2026-05-26 07:53:47,1_1_0005,28,104,否,否,是,
2026-05-26 07:53:53,1_1_0009,28,104,否,否,是,
2026-05-26 07:54:01,1_1_0007,28,104,否,否,是,
2026-05-26 07:54:11,1_1_0003,28,104,否,否,是,
2026-05-26 07:54:19,1_1_0006,28,104,否,否,是,
2026-05-26 07:54:30,1_1_0004,28,104,否,否,是,
2026-05-26 07:54:44,1_1_0002,28,104,否,否,是,
2026-05-26 07:54:56,1_1_0001,28,104,否,否,是,
2026-05-26 07:55:27,1_1_0010,28,104,否,否,是,
2026-05-26 07:55:30,1_1_0008,28,104,否,否,是,
2026-05-26 07:55:34,1_1_0005,28,104,否,否,是,
2026-05-26 07:55:42,1_1_0009,28,104,否,否,是,
2026-05-26 07:55:47,1_1_0007,28,104,否,否,是,
2026-05-26 07:55:55,1_1_0003,28,104,否,否,是,
2026-05-26 07:56:05,1_1_0006,28,104,否,否,是,
2026-05-26 07:56:15,1_1_0004,28,104,否,否,是,
2026-05-26 07:56:26,1_1_0002,28,104,否,否,是,
2026-05-26 07:56:37,1_1_0001,28,104,否,否,是,
2026-05-26 07:57:09,1_1_0010,28,104,否,否,是,
2026-05-26 07:57:11,1_1_0008,28,104,否,否,是,
2026-05-26 07:57:17,1_1_0005,28,104,否,否,是,
2026-05-26 07:57:21,1_1_0009,28,104,否,否,是,
2026-05-26 07:57:30,1_1_0007,28,104,否,否,是,
2026-05-26 07:57:40,1_1_0003,28,104,否,否,是,
2026-05-26 07:57:51,1_1_0006,28,104,否,否,是,
2026-05-26 07:58:08,1_1_0004,28,104,否,否,是,
2026-05-26 07:58:25,1_1_0002,28,104,否,否,是,
2026-05-26 07:58:36,1_1_0001,28,104,否,否,是,
2026-05-26 07:59:09,1_1_0010,28,104,否,否,是,
2026-05-26 07:59:10,1_1_0008,28,104,否,否,是,
2026-05-26 07:59:19,1_1_0005,28,104,否,否,是,
2026-05-26 07:59:24,1_1_0009,28,104,否,否,是,
2026-05-26 07:59:30,1_1_0007,28,104,否,否,是,
2026-05-26 07:59:37,1_1_0003,28,104,否,否,是,
2026-05-26 07:59:47,1_1_0006,28,104,否,否,是,
2026-05-26 07:59:58,1_1_0004,28,104,否,否,是,
2026-05-26 08:00:10,1_1_0002,28,104,否,否,是,
2026-05-26 08:00:23,1_1_0001,28,104,否,否,是,
2026-05-26 08:00:56,1_1_0010,28,104,否,否,是,
2026-05-26 08:00:58,1_1_0008,28,104,否,否,是,
2026-05-26 08:01:08,1_1_0005,28,104,否,否,是,
2026-05-26 08:01:11,1_1_0009,28,104,否,否,是,
2026-05-26 08:01:20,1_1_0007,28,104,否,否,是,
2026-05-26 08:01:31,1_1_0003,28,104,否,否,是,
2026-05-26 08:01:43,1_1_0006,28,104,否,否,是,
2026-05-26 08:01:54,1_1_0004,28,104,否,否,是,
2026-05-26 08:02:08,1_1_0002,28,104,否,否,是,
2026-05-26 08:02:21,1_1_0001,28,104,否,否,是,
2026-05-26 08:02:52,1_1_0010,28,104,否,否,是,
2026-05-26 08:02:54,1_1_0008,28,104,否,否,是,
2026-05-26 08:02:59,1_1_0005,28,104,否,否,是,
2026-05-26 08:03:02,1_1_0009,28,104,否,否,是,
2026-05-26 08:03:11,1_1_0007,28,104,否,否,是,
2026-05-26 08:03:23,1_1_0003,28,104,否,否,是,
2026-05-26 08:03:33,1_1_0006,28,104,否,否,是,
2026-05-26 08:03:45,1_1_0004,28,104,否,否,是,
2026-05-26 08:03:55,1_1_0002,28,104,否,否,是,
2026-05-26 08:04:09,1_1_0001,28,104,否,否,是,
2026-05-26 08:04:41,1_1_0010,28,104,否,否,是,
2026-05-26 08:04:43,1_1_0008,28,104,否,否,是,
2026-05-26 08:04:48,1_1_0005,28,104,否,否,是,
2026-05-26 08:04:50,1_1_0009,28,104,否,否,是,
2026-05-26 08:05:00,1_1_0007,28,104,否,否,是,
2026-05-26 08:05:09,1_1_0003,28,104,否,否,是,
2026-05-26 08:05:19,1_1_0006,28,104,否,否,是,
2026-05-26 08:05:31,1_1_0004,28,104,否,否,是,
2026-05-26 08:05:43,1_1_0002,28,104,否,否,是,
2026-05-26 08:05:58,1_1_0001,28,104,否,否,是,
2026-05-26 08:06:30,1_1_0010,28,104,否,否,是,
2026-05-26 08:06:31,1_1_0008,28,104,否,否,是,
2026-05-26 08:06:36,1_1_0005,28,104,否,否,是,
2026-05-26 08:06:40,1_1_0009,28,104,否,否,是,
2026-05-26 08:06:46,1_1_0007,28,104,否,否,是,
2026-05-26 08:06:54,1_1_0003,28,104,否,否,是,
2026-05-26 08:07:04,1_1_0006,28,104,否,否,是,
2026-05-26 08:07:14,1_1_0004,28,104,否,否,是,
2026-05-26 08:07:28,1_1_0002,28,104,否,否,是,
2026-05-26 08:07:40,1_1_0001,28,104,否,否,是,
2026-05-26 08:08:12,1_1_0010,28,104,否,否,是,
2026-05-26 08:08:13,1_1_0008,28,104,否,否,是,
2026-05-26 08:08:20,1_1_0005,28,104,否,否,是,
2026-05-26 08:08:24,1_1_0009,28,104,否,否,是,
2026-05-26 08:08:29,1_1_0007,28,104,否,否,是,
2026-05-26 08:08:36,1_1_0003,28,104,否,否,是,
2026-05-26 08:08:47,1_1_0006,28,104,否,否,是,
2026-05-26 08:09:02,1_1_0004,28,104,否,否,是,
2026-05-26 08:09:15,1_1_0002,28,104,否,否,是,
2026-05-26 08:09:23,1_1_0001,28,104,否,否,是,
2026-05-26 08:09:55,1_1_0010,28,104,否,否,是,
2026-05-26 08:09:57,1_1_0008,28,104,否,否,是,
2026-05-26 08:10:03,1_1_0005,28,104,否,否,是,
2026-05-26 08:10:06,1_1_0009,28,104,否,否,是,
2026-05-26 08:10:12,1_1_0007,28,104,否,否,是,
2026-05-26 08:10:19,1_1_0003,28,104,否,否,是,
2026-05-26 08:10:28,1_1_0006,28,104,否,否,是,
2026-05-26 08:10:41,1_1_0004,28,104,否,否,是,
2026-05-26 08:11:00,1_1_0002,28,104,否,否,是,
2026-05-26 08:11:13,1_1_0001,28,104,否,否,是,
2026-05-26 08:11:44,1_1_0010,28,104,否,否,是,
2026-05-26 08:11:46,1_1_0008,28,104,否,否,是,
2026-05-26 08:11:52,1_1_0005,28,104,否,否,是,
2026-05-26 08:11:55,1_1_0009,28,104,否,否,是,
2026-05-26 08:12:03,1_1_0007,28,104,否,否,是,
2026-05-26 08:12:10,1_1_0003,28,104,否,否,是,
2026-05-26 08:12:22,1_1_0006,28,104,否,否,是,
2026-05-26 08:12:33,1_1_0004,28,104,否,否,是,
2026-05-26 08:12:48,1_1_0002,28,104,否,否,是,
2026-05-26 08:13:01,1_1_0001,28,104,否,否,是,
2026-05-26 08:13:33,1_1_0010,28,104,否,否,是,
2026-05-26 08:13:34,1_1_0008,28,104,否,否,是,
2026-05-26 08:13:40,1_1_0005,28,104,否,否,是,
2026-05-26 08:13:44,1_1_0009,28,104,否,否,是,
2026-05-26 08:13:56,1_1_0007,28,104,否,否,是,
2026-05-26 08:14:05,1_1_0003,28,104,否,否,是,
2026-05-26 08:14:14,1_1_0006,28,104,否,否,是,
2026-05-26 08:14:25,1_1_0004,28,104,否,否,是,
2026-05-26 08:14:41,1_1_0002,28,104,否,否,是,
2026-05-26 08:14:56,1_1_0001,28,104,否,否,是,
2026-05-26 08:15:27,1_1_0010,28,104,否,否,是,
2026-05-26 08:15:28,1_1_0008,28,104,否,否,是,
2026-05-26 08:15:34,1_1_0005,28,104,否,否,是,
2026-05-26 08:15:39,1_1_0009,28,104,否,否,是,
2026-05-26 08:15:48,1_1_0007,28,104,否,否,是,
2026-05-26 08:16:08,1_1_0003,28,104,否,否,是,
2026-05-26 08:16:16,1_1_0006,28,104,否,否,是,
2026-05-26 08:16:29,1_1_0004,28,104,否,否,是,
2026-05-26 08:16:39,1_1_0002,28,104,否,否,是,
2026-05-26 08:16:53,1_1_0001,28,104,否,否,是,
2026-05-26 08:17:24,1_1_0010,28,104,否,否,是,
2026-05-26 08:17:25,1_1_0008,28,104,否,否,是,
2026-05-26 08:17:32,1_1_0005,28,104,否,否,是,
2026-05-26 08:17:37,1_1_0009,28,104,否,否,是,
2026-05-26 08:17:42,1_1_0007,28,104,否,否,是,
2026-05-26 08:17:52,1_1_0003,28,104,否,否,是,
2026-05-26 08:18:02,1_1_0006,28,104,否,否,是,
2026-05-26 08:18:13,1_1_0004,28,104,否,否,是,
2026-05-26 08:18:25,1_1_0002,28,104,否,否,是,
2026-05-26 08:18:39,1_1_0001,28,104,否,否,是,
2026-05-26 08:19:11,1_1_0010,28,104,否,否,是,
2026-05-26 08:19:12,1_1_0008,28,104,否,否,是,
2026-05-26 08:19:18,1_1_0005,28,104,否,否,是,
2026-05-26 08:19:22,1_1_0009,28,104,否,否,是,
2026-05-26 08:19:28,1_1_0007,28,104,否,否,是,
2026-05-26 08:19:36,1_1_0003,28,104,否,否,是,
2026-05-26 08:19:46,1_1_0006,28,104,否,否,是,
2026-05-26 08:19:56,1_1_0004,28,104,否,否,是,
2026-05-26 08:20:10,1_1_0002,28,104,否,否,是,
2026-05-26 08:20:25,1_1_0001,28,104,否,否,是,
2026-05-26 08:20:57,1_1_0010,28,104,否,否,是,
2026-05-26 08:20:58,1_1_0008,28,104,否,否,是,
2026-05-26 08:21:03,1_1_0005,28,104,否,否,是,
2026-05-26 08:21:08,1_1_0009,28,104,否,否,是,
2026-05-26 08:21:12,1_1_0007,28,104,否,否,是,
2026-05-26 08:21:21,1_1_0003,28,104,否,否,是,
2026-05-26 08:21:32,1_1_0006,28,104,否,否,是,
2026-05-26 08:21:41,1_1_0004,28,104,否,否,是,
2026-05-26 08:21:56,1_1_0002,28,104,否,否,是,
2026-05-26 08:22:05,1_1_0001,28,104,否,否,是,
2026-05-26 08:22:39,1_1_0010,28,104,否,否,是,
2026-05-26 08:22:40,1_1_0008,28,104,否,否,是,
2026-05-26 08:22:46,1_1_0005,28,104,否,否,是,
2026-05-26 08:22:50,1_1_0009,28,104,否,否,是,
2026-05-26 08:22:57,1_1_0007,28,104,否,否,是,
2026-05-26 08:23:08,1_1_0003,28,104,否,否,是,
2026-05-26 08:23:16,1_1_0006,28,104,否,否,是,
2026-05-26 08:23:26,1_1_0004,28,104,否,否,是,
2026-05-26 08:23:37,1_1_0002,28,104,否,否,是,
2026-05-26 08:23:48,1_1_0001,28,104,否,否,是,
2026-05-26 08:24:21,1_1_0010,28,104,否,否,是,
2026-05-26 08:24:22,1_1_0008,28,104,否,否,是,
2026-05-26 08:24:27,1_1_0005,28,104,否,否,是,
2026-05-26 08:24:31,1_1_0009,28,104,否,否,是,
2026-05-26 08:24:37,1_1_0007,28,104,否,否,是,
2026-05-26 08:24:44,1_1_0003,28,104,否,否,是,
2026-05-26 08:24:52,1_1_0006,28,104,否,否,是,
2026-05-26 08:25:04,1_1_0004,28,104,否,否,是,
2026-05-26 08:25:20,1_1_0002,28,104,否,否,是,
2026-05-26 08:25:32,1_1_0001,28,104,否,否,是,
2026-05-26 08:26:04,1_1_0010,28,104,否,否,是,
2026-05-26 08:26:05,1_1_0008,28,104,否,否,是,
2026-05-26 08:26:11,1_1_0005,28,104,否,否,是,
2026-05-26 08:26:14,1_1_0009,28,104,否,否,是,
2026-05-26 08:26:19,1_1_0007,28,104,否,否,是,
2026-05-26 08:26:28,1_1_0003,28,104,否,否,是,
2026-05-26 08:26:37,1_1_0006,28,104,否,否,是,
2026-05-26 08:26:49,1_1_0004,28,104,否,否,是,
2026-05-26 08:26:59,1_1_0002,28,104,否,否,是,
2026-05-26 08:27:08,1_1_0001,28,104,否,否,是,
2026-05-26 08:27:40,1_1_0010,28,104,否,否,是,
2026-05-26 08:27:41,1_1_0008,28,104,否,否,是,
2026-05-26 08:27:47,1_1_0005,28,104,否,否,是,
2026-05-26 08:27:52,1_1_0009,28,104,否,否,是,
2026-05-26 08:27:59,1_1_0007,28,104,否,否,是,
2026-05-26 08:28:07,1_1_0003,28,104,否,否,是,
2026-05-26 08:28:17,1_1_0006,28,104,否,否,是,
2026-05-26 08:28:29,1_1_0004,28,104,否,否,是,
2026-05-26 08:28:40,1_1_0002,28,104,否,否,是,
2026-05-26 08:28:53,1_1_0001,28,104,否,否,是,
2026-05-26 08:29:26,1_1_0010,28,104,否,否,是,
2026-05-26 08:29:27,1_1_0008,28,104,否,否,是,
2026-05-26 08:29:33,1_1_0005,28,104,否,否,是,
2026-05-26 08:29:37,1_1_0009,28,104,否,否,是,
2026-05-26 08:29:45,1_1_0007,28,104,否,否,是,
2026-05-26 08:29:53,1_1_0003,28,104,否,否,是,
2026-05-26 08:30:01,1_1_0006,28,104,否,否,是,
2026-05-26 08:30:12,1_1_0004,28,104,否,否,是,
2026-05-26 08:30:25,1_1_0002,28,104,否,否,是,
2026-05-26 08:30:38,1_1_0001,28,104,否,否,是,
2026-05-26 08:31:10,1_1_0010,28,104,否,否,是,
2026-05-26 08:31:11,1_1_0008,28,104,否,否,是,
2026-05-26 08:31:16,1_1_0005,28,104,否,否,是,
2026-05-26 08:31:21,1_1_0009,28,104,否,否,是,
2026-05-26 08:31:28,1_1_0007,28,104,否,否,是,
2026-05-26 08:31:36,1_1_0003,28,104,否,否,是,
2026-05-26 08:31:46,1_1_0006,28,104,否,否,是,
2026-05-26 08:31:57,1_1_0004,28,104,否,否,是,
2026-05-26 08:32:08,1_1_0002,28,104,否,否,是,
2026-05-26 08:32:20,1_1_0001,28,104,否,否,是,
2026-05-26 08:32:52,1_1_0010,28,104,否,否,是,
2026-05-26 08:32:53,1_1_0008,28,104,否,否,是,
2026-05-26 08:32:59,1_1_0005,28,104,否,否,是,
2026-05-26 08:33:03,1_1_0009,28,104,否,否,是,
2026-05-26 08:33:11,1_1_0007,28,104,否,否,是,
2026-05-26 08:33:22,1_1_0003,28,104,否,否,是,
2026-05-26 08:33:30,1_1_0006,28,104,否,否,是,
2026-05-26 08:33:41,1_1_0004,28,104,否,否,是,
2026-05-26 08:33:54,1_1_0002,28,104,否,否,是,
2026-05-26 08:34:07,1_1_0001,28,104,否,否,是,
2026-05-26 08:34:38,1_1_0010,28,104,否,否,是,
2026-05-26 08:34:39,1_1_0008,28,104,否,否,是,
2026-05-26 08:34:47,1_1_0005,28,104,否,否,是,
2026-05-26 08:34:51,1_1_0009,28,104,否,否,是,
2026-05-26 08:35:00,1_1_0007,28,104,否,否,是,
2026-05-26 08:35:09,1_1_0003,28,104,否,否,是,
2026-05-26 08:35:21,1_1_0006,28,104,否,否,是,
2026-05-26 08:35:32,1_1_0004,28,104,否,否,是,
2026-05-26 08:35:44,1_1_0002,28,104,否,否,是,
2026-05-26 08:35:53,1_1_0001,28,104,否,否,是,
2026-05-26 08:36:25,1_1_0010,28,104,否,否,是,
2026-05-26 08:36:26,1_1_0008,28,104,否,否,是,
2026-05-26 08:36:32,1_1_0005,28,104,否,否,是,
2026-05-26 08:36:38,1_1_0009,28,104,否,否,是,
2026-05-26 08:36:42,1_1_0007,28,104,否,否,是,
2026-05-26 08:36:50,1_1_0003,28,104,否,否,是,
2026-05-26 08:36:59,1_1_0006,28,104,否,否,是,
2026-05-26 08:37:10,1_1_0004,28,104,否,否,是,
2026-05-26 08:37:22,1_1_0002,28,104,否,否,是,
2026-05-26 08:37:33,1_1_0001,28,104,否,否,是,
2026-05-26 08:38:05,1_1_0010,28,104,否,否,是,
2026-05-26 08:38:06,1_1_0008,28,104,否,否,是,
2026-05-26 08:38:12,1_1_0005,28,104,否,否,是,
2026-05-26 08:38:15,1_1_0009,28,104,否,否,是,
2026-05-26 08:38:23,1_1_0007,28,104,否,否,是,
2026-05-26 08:38:30,1_1_0003,28,104,否,否,是,
2026-05-26 08:38:37,1_1_0006,28,104,否,否,是,
2026-05-26 08:38:51,1_1_0004,28,104,否,否,是,
2026-05-26 08:39:09,1_1_0002,28,104,否,否,是,
2026-05-26 08:39:20,1_1_0001,28,104,否,否,是,
2026-05-26 08:39:53,1_1_0010,28,104,否,否,是,
2026-05-26 08:39:54,1_1_0008,28,104,否,否,是,
2026-05-26 08:39:59,1_1_0005,28,104,否,否,是,
2026-05-26 08:40:05,1_1_0009,28,104,否,否,是,
2026-05-26 08:40:11,1_1_0007,28,104,否,否,是,
2026-05-26 08:40:17,1_1_0003,28,104,否,否,是,
2026-05-26 08:40:29,1_1_0006,28,104,否,否,是,
2026-05-26 08:40:39,1_1_0004,28,104,否,否,是,
2026-05-26 08:40:52,1_1_0002,28,104,否,否,是,
2026-05-26 08:41:05,1_1_0001,28,104,否,否,是,
2026-05-26 08:41:37,1_1_0010,28,104,否,否,是,
2026-05-26 08:41:38,1_1_0008,28,104,否,否,是,
2026-05-26 08:41:42,1_1_0005,28,104,否,否,是,
2026-05-26 08:41:48,1_1_0009,28,104,否,否,是,
2026-05-26 08:41:55,1_1_0007,28,104,否,否,是,
2026-05-26 08:42:02,1_1_0003,28,104,否,否,是,
2026-05-26 08:42:12,1_1_0006,28,104,否,否,是,
2026-05-26 08:42:22,1_1_0004,28,104,否,否,是,
2026-05-26 08:42:34,1_1_0002,28,104,否,否,是,
2026-05-26 08:42:43,1_1_0001,28,104,否,否,是,
2026-05-26 08:43:14,1_1_0010,28,104,否,否,是,
2026-05-26 08:43:16,1_1_0008,28,104,否,否,是,
2026-05-26 08:43:21,1_1_0005,28,104,否,否,是,
2026-05-26 08:43:25,1_1_0009,28,104,否,否,是,
2026-05-26 08:43:31,1_1_0007,28,104,否,否,是,
2026-05-26 08:43:38,1_1_0003,28,104,否,否,是,
2026-05-26 08:43:53,1_1_0006,28,104,否,否,是,
2026-05-26 08:44:03,1_1_0004,28,104,否,否,是,
2026-05-26 08:44:18,1_1_0002,28,104,否,否,是,
2026-05-26 08:44:28,1_1_0001,28,104,否,否,是,
2026-05-26 08:45:00,1_1_0010,28,104,否,否,是,
2026-05-26 08:45:02,1_1_0008,28,104,否,否,是,
2026-05-26 08:45:09,1_1_0005,28,104,否,否,是,
2026-05-26 08:45:14,1_1_0009,28,104,否,否,是,
2026-05-26 08:45:23,1_1_0007,28,104,否,否,是,
2026-05-26 08:45:30,1_1_0003,28,104,否,否,是,
2026-05-26 08:45:40,1_1_0006,28,104,否,否,是,
2026-05-26 08:45:52,1_1_0004,28,104,否,否,是,
2026-05-26 08:46:11,1_1_0002,28,104,否,否,是,
2026-05-26 08:46:22,1_1_0001,28,104,否,否,是,
